pathway,pval,padj,log2err,ES,NES,size,leadingEdge
GOBP_AEROBIC_RESPIRATION,,,,-0.468462176857258,,156,"Mtfr2,Ccnb1,Cdk1,Ppif,Bid,Shmt2,Cox7a1,Idh2,Adsl,Mtfr1"
GOBP_ATP_METABOLIC_PROCESS,,,,-0.236581339209877,,234,"Fignl1,Ccnb1,Cdk1,Ppargc1a,Gck,Ppif,Bid,Prkaa2,Hk2,Tigar"
GOBP_CELLULAR_AMINO_ACID_METABOLIC_PROCESS,,,,-0.234361657315062,,256,"Pah,Tyr,Tph1,Upb1,Crym,Tdh,Hmgcll1,Gnmt,Hpdl,Cth"
GOBP_CELLULAR_RESPIRATION,,,,-0.37605759489194,,199,"Mtfr2,Ccnb1,Cdk1,Ppargc1a,Opn3,Ppif,Bid,Shmt2,Cox7a1,Idh2"
GOBP_CELLULAR_RESPONSE_TO_LIGHT_STIMULUS,,,,-0.330335960288933,,117,"Sag,Aipl1,Gnat1,Aqp1,Grk1,Chek1,Aurkb,Pbk,Opn3,Rgs9"
GOBP_CELLULAR_RESPONSE_TO_RADIATION,,,,-0.302056753538322,,182,"Sag,Aipl1,Gnat1,Sfrp2,Fignl1,Aqp1,Rad51ap1,Ect2,Grk1,Chek1"
GOBP_CELLULAR_RESPONSE_TO_STARVATION,,,,-0.171438510755379,,153,"Slc39a4,Bhlha15,Elapor1,Pcsk9,Cartpt,Rragd,Inhbb,Prkaa2,Asns,Suv39h1"
GOBP_CELL_CYCLE_CHECKPOINT_SIGNALING,,,,-0.561082369274039,,169,"Plk5,Trip13,Ttk,Plk1,Eme1,Bub1,Brip1,Usp44,Cenpf,Cdc6"
GOBP_CELL_CYCLE_G1_S_PHASE_TRANSITION,,,,-0.257312929134128,,223,"Plk5,Cdkn2a,Ccne2,Ccna2,Cdc7,Cdc6,Dbf4,Skp2,Fgf10,Cdkn3"
GOBP_CELL_CYCLE_G2_M_PHASE_TRANSITION,,,,-0.437940552164103,,152,"Phox2b,Fbxo5,Ccna2,Plk1,Cdc7,Melk,Aurka,Cenpf,Cdc6,Ccnb1"
GOBP_CELL_CYCLE_PHASE_TRANSITION,,,,-0.341772695340755,,497,"Plk5,Cdkn2a,Phox2b,Trip13,Ccne2,Ccnf,Ttk,Fbxo5,Ccna2,Plk1"
GOBP_CHROMATIN_ASSEMBLY_OR_DISASSEMBLY,,,,-0.401573269999402,,199,"H3c10,Asf1b,Padi4,Chaf1b,Hells,H1f5,Oip5,H3f4,Hmgb2,Cenpw"
GOBP_CHROMATIN_REMODELING,,,,-0.380808438474733,,235,"H3c10,Asf1b,Padi4,Chaf1b,Actl6b,Hells,H1f5,Oip5,H3f4,Hmgb2"
GOBP_CHROMOSOME_SEGREGATION,,,,-0.524466528795774,,338,"Ccnb1ip1,Msh5,Bex4,Esco2,Cdca2,Nsl1,Trip13,Ccne2,Ncapg,Cep55"
GOBP_CYTOKINESIS,,,,-0.31482777905824,,166,"Plk5,Kif20b,Cep55,Plk1,Kif20a,Plk4,Aurka,Cdc6,Ect2,Racgap1"
GOBP_CYTOPLASMIC_TRANSLATION,,,,-0.691425047694318,,142,"Rbm4,Dph1,Slbp,Rpl35a,Zfp385a,Ybx1,Rpl37a,Rpl15,Syncrip,Eif3i"
GOBP_DETECTION_OF_ABIOTIC_STIMULUS,,,,-0.339728301846374,,133,"Rcvrn,Sag,Pde6c,Aipl1,Gngt1,Pdc,Prph2,Guca1a,Tulp1,Rgs9bp"
GOBP_DNA_BIOSYNTHETIC_PROCESS,,,,-0.294117072883145,,192,"Cenpf,Pif1,Dach1,Dtl,Tyms,Chek1,Aurkb,Dscc1,Tk1,Rfc5"
GOBP_DNA_CONFORMATION_CHANGE,,,,-0.48223384340337,,317,"H3c10,Asf1b,Padi4,Ncapg,Plk1,Mcmdc2,Chaf1b,Top2a,Brip1,Cdca5"
GOBP_DNA_DEPENDENT_DNA_REPLICATION,,,,-0.687053827758991,,159,"Gmnc,Ccne2,Fbxo5,Eme1,Cdc7,Cdc6,Dach1,Wdhd1,Orc1,Rad51"
GOBP_DNA_INTEGRITY_CHECKPOINT_SIGNALING,,,,-0.557386820405301,,123,"Plk1,Eme1,Brip1,Cdc6,Dtl,Cdk1,Hus1b,Orc1,Chek1,Dna2"
GOBP_DNA_PACKAGING,,,,-0.425317677674455,,220,"H3c10,Asf1b,Padi4,Ncapg,Plk1,Chaf1b,Top2a,Cdca5,Hells,H1f5"
GOBP_DNA_RECOMBINATION,,,,-0.476712848177549,,315,"Tex19.1,Ccnb1ip1,Msh5,Rec114,Usp51,Exo1,Trip13,Fignl1,Radx,Mcmdc2"
GOBP_DNA_REPLICATION,,,,-0.570431870903351,,279,"Esco2,Gmnc,Ccne2,Fbxo5,Ccna2,Eme1,Chaf1b,Cdc7,Pif1,Cdc6"
GOBP_DNA_TEMPLATED_TRANSCRIPTION_INITIATION,,,,-0.373806857897889,,127,"Morc1,Ppargc1a,H4c4,H4c16,Gtf2a1l,Polr1e,E2f2,Taf5,Taf9,Med4"
GOBP_DOUBLE_STRAND_BREAK_REPAIR,,,,-0.518008153479792,,269,"Usp51,Esco2,Trip13,Fignl1,Radx,Mcmdc2,Eme1,Rad51ap1,Cdc7,Brip1"
GOBP_ELECTRON_TRANSPORT_CHAIN,,,,-0.277665408068064,,149,"Ccnb1,Cdk1,Ppargc1a,Bid,Haao,Cox7a1,Cyba,Sdhd,Asph,Cyc1"
GOBP_ENDOPLASMIC_RETICULUM_TO_GOLGI_VESICLE_MEDIATED_TRANSPORT,,,,-0.147171113896969,,126,"Lman1l,Ticam2,Rangrf,Atl2,Lman1,Gas1,Mppe1,Sec16b,Zw10,Ergic2"
GOBP_ENERGY_DERIVATION_BY_OXIDATION_OF_ORGANIC_COMPOUNDS,,,,-0.26827829469112,,281,"Mtfr2,Gnmt,Lep,Ccnb1,Cdk1,Ppargc1a,Opn3,Ppp1r1a,Gck,Ppif"
GOBP_ESTABLISHMENT_OF_ORGANELLE_LOCALIZATION,,,,-0.215942439740975,,403,"Mgarp,Rab17,Cep55,Plk1,Pax6,Dlgap5,Cdca5,Cenpf,Ccnb1,Chga"
GOBP_ESTABLISHMENT_OF_PROTEIN_LOCALIZATION_TO_ORGANELLE,,,,-0.286369109625471,,404,"Fermt1,Gckr,Tspan10,Mgarp,Lamp5,Cacng2,Ect2,Lep,H1f5,Cdk1"
GOBP_ESTABLISHMENT_OF_RNA_LOCALIZATION,,,,-0.44441342692208,,149,"Nxf3,Sidt1,Nup37,Ddx25,Nup93,Ddx39a,Nup43,Nup107,Nup85,Nup205"
GOBP_EYE_MORPHOGENESIS,,,,-0.261388247359223,,154,"Pde6c,Nrl,Gngt1,Tulp1,Wnt16,Nr2e3,Rpgrip1,Fbn2,Gnat1,Impg2"
GOBP_GENERATION_OF_PRECURSOR_METABOLITES_AND_ENERGY,,,,-0.206604880265823,,447,"Tyrp1,Mtfr2,Nkx1-1,Hmgcll1,Gnmt,Lep,Ccnb1,Cdk1,Ppargc1a,Opn3"
GOBP_GENE_SILENCING_BY_RNA,,,,-0.261768396786981,,112,"Morc1,Tdrd1,Lin28b,Rbm4,Tex15,Pus10,Mycn,Ajuba,Dgcr8,Ago2"
GOBP_GOLGI_ORGANIZATION,,,,-0.171078784943349,,137,"Plk5,Bhlha15,Lman1l,Cdk1,Ticam2,Cog7,Hook1,Cit,Vrk1,Prkd1"
GOBP_HISTONE_METHYLATION,,,,-0.282514111702883,,157,"Fbll1,H1f5,Myb,Ezh2,Prdm6,Suv39h2,Brca1,Dnmt3b,Macroh2a1,Suv39h1"
GOBP_HISTONE_MODIFICATION,,,,-0.271593345964512,,488,"Fbll1,Isl1,Usp51,Padi4,Ccna2,Eya4,Actl6b,Haspin,Aurka,H1f5"
GOBP_IMPORT_INTO_NUCLEUS,,,,-0.293298591342411,,151,"Fermt1,Gckr,Ect2,Lep,Cdk1,Kpna2,Nup93,Gli3,Cse1l,Nup107"
GOBP_MEIOSIS_I_CELL_CYCLE_PROCESS,,,,-0.435769850218933,,134,"Tex19.1,Ccnb1ip1,Msh5,Trip13,Ccne2,Fbxo5,Plk1,Sgo2a,Sgo1,Eme1"
GOBP_MEIOTIC_CELL_CYCLE,,,,-0.337181059808424,,260,"Tex19.1,Ccnb1ip1,Msh5,Rec114,Exo1,Trip13,Fignl1,Ccne2,Ttk,Fbxo5"
GOBP_MEIOTIC_CELL_CYCLE_PROCESS,,,,-0.362753540058412,,204,"Tex19.1,Ccnb1ip1,Msh5,Trip13,Fignl1,Ccne2,Ttk,Fbxo5,Plk1,Sgo2a"
GOBP_METHYLATION,,,,-0.331195291436794,,354,"Wt1,Fbll1,Asmt,Gnmt,Hells,H1f5,Tyms,Morc1,Tdrd1,Eef1akmt3"
GOBP_MICROTUBULE_CYTOSKELETON_ORGANIZATION_INVOLVED_IN_MITOSIS,,,,-0.421493788572618,,152,"Ttk,Plk1,Pax6,Kif15,Dlgap5,Kif11,Aurka,Racgap1,Ccnb1,Tpx2"
GOBP_MICROTUBULE_ORGANIZING_CENTER_ORGANIZATION,,,,-0.438816495357888,,144,"Ccnf,Plk1,Sgo1,Plk4,Kif11,Aurka,Cdk1,Tube1,Chek1,Mdm1"
GOBP_MITOCHONDRIAL_TRANSPORT,,,,-0.295329986939138,,177,"Nptx1,Mgarp,Ppif,Bid,Cpt1b,Hk2,Pitrm1,Htra2,Timm50,Bok"
GOBP_MITOCHONDRION_ORGANIZATION,,,,-0.230617232212334,,489,"Slc4a5,Nptx1,Bhlha15,Mtfr2,Mgarp,Rab38,Mtfp1,Aurka,Pif1,Ppargc1a"
GOBP_MITOTIC_CELL_CYCLE_CHECKPOINT_SIGNALING,,,,-0.557630225504183,,130,"Plk5,Trip13,Ttk,Plk1,Eme1,Bub1,Usp44,Cenpf,Cdc6,Ccnb1"
GOBP_MITOTIC_CELL_CYCLE_PHASE_TRANSITION,,,,-0.359169901290159,,405,"Plk5,Cdkn2a,Phox2b,Trip13,Ccne2,Ccnf,Ttk,Fbxo5,Ccna2,Plk1"
GOBP_MITOTIC_NUCLEAR_DIVISION,,,,-0.435330366428666,,291,"Cdca2,Nsl1,Trip13,Kif20b,Ncapg,Cep55,Ttk,Knstrn,Fbxo5,Plk1"
GOBP_MITOTIC_SISTER_CHROMATID_SEGREGATION,,,,-0.596453141096075,,169,"Nsl1,Trip13,Ncapg,Cep55,Ttk,Knstrn,Fbxo5,Plk1,Sgo2a,Sgo1"
GOBP_MITOTIC_SPINDLE_ORGANIZATION,,,,-0.412741757861186,,125,"Ttk,Plk1,Kif15,Dlgap5,Kif11,Aurka,Racgap1,Ccnb1,Tpx2,Cdc20"
GOBP_MRNA_CATABOLIC_PROCESS,,,,-0.313349013702494,,229,"Elavl4,Nanos3,Fastkd5,Dis3,Fastkd3,Lsm2,Npm1,Supv3l1,Apex1,E2f1"
GOBP_MRNA_PROCESSING,,,,-0.563594700081023,,448,"Apobec2,Celf4,Mbnl3,Celf6,Ppargc1a,Elavl4,Rbmy,Raver2,Fastkd5,Rbm4"
GOBP_MRNA_TRANSPORT,,,,-0.472580830568599,,114,"Nxf3,Nup37,Ddx25,Nup93,Ddx39a,Nup43,Nup107,Nup85,Nup205,Slbp"
GOBP_NCRNA_METABOLIC_PROCESS,,,,-0.570446936487497,,487,"Fbll1,Eri2,Tdrd1,Lin28b,Ddx11,Dis3,Pop1,Rrp15,Lyar,Nop9"
GOBP_NCRNA_PROCESSING,,,,-0.638685042713988,,363,"Fbll1,Eri2,Lin28b,Dis3,Pop1,Rrp15,Lyar,Nop9,Nol11,Wdr6"
GOBP_NEGATIVE_REGULATION_OF_CELLULAR_AMIDE_METABOLIC_PROCESS,,,,-0.329892700572943,,192,"Celf4,Tyms,Shmt1,Rtn1,Nanos3,Rbm4,Dis3,Dhfr,Shmt2,Eif4ebp1"
GOBP_NEGATIVE_REGULATION_OF_CELLULAR_MACROMOLECULE_BIOSYNTHETIC_PROCESS,,,,-0.292164659698007,,255,"Celf4,Gmnc,Fbxo5,Pif1,Cdc6,Dach1,Tyms,Chek1,Shmt1,Nanos3"
GOBP_NEGATIVE_REGULATION_OF_CELL_CYCLE,,,,-0.286570962528887,,352,"Plk5,Cdkn2a,Gmnc,Trip13,Ccnf,Ttk,Fbxo5,Plk1,Eme1,Bub1"
GOBP_NEGATIVE_REGULATION_OF_CELL_CYCLE_PHASE_TRANSITION,,,,-0.363078193586197,,231,"Plk5,Trip13,Ttk,Fbxo5,Plk1,Eme1,Bub1,Brip1,Usp44,Cenpf"
GOBP_NEGATIVE_REGULATION_OF_CELL_CYCLE_PROCESS,,,,-0.352382426117902,,274,"Plk5,Trip13,Ccnf,Ttk,Fbxo5,Plk1,Eme1,Bub1,Brip1,Usp44"
GOBP_NEGATIVE_REGULATION_OF_DNA_METABOLIC_PROCESS,,,,-0.32554688992115,,120,"Radx,Pif1,Dach1,H1f5,Chek1,Fancb,Ankle1,Aunip,Parpbp,Blm"
GOBP_NEGATIVE_REGULATION_OF_MITOTIC_CELL_CYCLE,,,,-0.327093400829871,,213,"Plk5,Trip13,Ttk,Fbxo5,Plk1,Eme1,Bub1,Usp44,Cenpf,Cdc6"
GOBP_NEGATIVE_REGULATION_OF_MITOTIC_CELL_CYCLE_PHASE_TRANSITION,,,,-0.366646726510607,,165,"Plk5,Trip13,Ttk,Fbxo5,Plk1,Bub1,Usp44,Cenpf,Cdc6,Ccnb1"
GOBP_NON_MEMBRANE_BOUNDED_ORGANELLE_ASSEMBLY,,,,-0.276400475138342,,371,"Neb,Fbxo5,Plk1,Plk4,Kif15,Dlgap5,Kif11,Csrp3,Aurka,Cenpf"
GOBP_NUCLEAR_CHROMOSOME_SEGREGATION,,,,-0.515442156668161,,279,"Ccnb1ip1,Msh5,Esco2,Nsl1,Trip13,Ccne2,Ncapg,Cep55,Ttk,Knstrn"
GOBP_NUCLEAR_EXPORT,,,,-0.349507202491218,,151,"Nxf3,Ankle1,Ddx25,Nup93,Ddx39a,Cse1l,Nop9,Nup107,Nup85,Bard1"
GOBP_NUCLEAR_TRANSCRIBED_MRNA_CATABOLIC_PROCESS,,,,-0.448425197597681,,121,"Nanos3,Dis3,Ago2,Pnldc1,Exosc8,Ybx1,Exosc3,Magohb,Syncrip,Ncbp1"
GOBP_NUCLEAR_TRANSPORT,,,,-0.312711773612059,,292,"Fermt1,Gckr,Nxf3,Neurod1,Ect2,Lep,Cdk1,Ankle1,Cited1,Ddx25"
GOBP_NUCLEIC_ACID_PHOSPHODIESTER_BOND_HYDROLYSIS,,,,-0.32725205870279,,256,"Exo1,Neil3,Eme1,Mei4,Eri2,Dna2,Ankle1,Gen1,Rbbp8,Dis3"
GOBP_NUCLEOBASE_CONTAINING_COMPOUND_TRANSPORT,,,,-0.286350582490621,,203,"Nxf3,Sidt1,Nup37,Ddx25,Nup93,Slc29a4,Slc29a1,Ddx39a,Slc29a2,Nup43"
GOBP_NUCLEOSOME_ORGANIZATION,,,,-0.467272182117504,,145,"H3c10,Asf1b,Padi4,Chaf1b,H1f5,Oip5,H3f4,Hmgb2,Cenpw,Cenpp"
GOBP_NUCLEUS_ORGANIZATION,,,,-0.354851372042196,,139,"Cep55,Plk1,Cdk1,Chek1,Hmgb2,Nup93,Ddx11,Nup107,Lmnb1,Macroh2a1"
GOBP_ORGANELLE_DISASSEMBLY,,,,-0.171407331358733,,116,"Plk5,Cdk1,Plaat1,Hk2,Tigar,Htra2,Phb2,Dyrk3,Lrba,Vrk1"
GOBP_ORGANELLE_FISSION,,,,-0.364050709241517,,487,"Tex19.1,Mtfr2,Ccnb1ip1,Msh5,Cdca2,Nsl1,Trip13,Kif20b,Fignl1,Ccne2"
GOBP_PALLIUM_DEVELOPMENT,,,,-0.255731181737806,,162,"Lmx1a,Neurod6,Cntnap2,Eomes,Neurod1,Sct,Pax6,Tbr1,Lamb1,Foxp2"
GOBP_PEPTIDYL_LYSINE_ACETYLATION,,,,-0.233752290573314,,182,"Isl1,Actl6b,Chek1,Ppargc1a,Prkaa2,Brca1,Ruvbl2,Hat1,Brca2,Bend3"
GOBP_PEPTIDYL_LYSINE_METHYLATION,,,,-0.296926835843501,,141,"H1f5,Eef1akmt3,Myb,Ezh2,Suv39h2,Brca1,Dnmt3b,Macroh2a1,Suv39h1,Smyd5"
GOBP_PEPTIDYL_LYSINE_MODIFICATION,,,,-0.222602077538581,,383,"Isl1,Bcl11a,Actl6b,H1f5,Chek1,Ppargc1a,Cth,Eef1akmt3,Myb,Ezh2"
GOBP_POSITIVE_REGULATION_OF_CELLULAR_AMIDE_METABOLIC_PROCESS,,,,-0.287236067919086,,156,"Barhl2,Cd28,Fastkd3,Rpusd4,Npm1,Nsun5,Casp3,Ago2,Chrna7,Fastkd2"
GOBP_POSITIVE_REGULATION_OF_CELL_CYCLE,,,,-0.264930920755435,,307,"Tgm1,Phox2b,Kif20b,Fbxo5,Rad51ap1,Plk4,Cdc7,Dlgap5,Cdca5,Aurka"
GOBP_POSITIVE_REGULATION_OF_CELL_CYCLE_PROCESS,,,,-0.296420867426415,,230,"Phox2b,Kif20b,Fbxo5,Rad51ap1,Plk4,Cdc7,Dlgap5,Cdca5,Aurka,Cdc6"
GOBP_POSITIVE_REGULATION_OF_DNA_METABOLIC_PROCESS,,,,-0.337758474907479,,228,"Wt1,Eya4,Rad51ap1,Fancb,Rad51,Aurkb,Ppargc1a,Dscc1,Fgf10,Rfc5"
GOBP_POSITIVE_REGULATION_OF_MITOTIC_CELL_CYCLE,,,,-0.373192578573238,,116,"Phox2b,Fbxo5,Cdc7,Dlgap5,Cdca5,Cdc6,Ube2c,Ccnb1,Dtl,Cdk1"
GOBP_POSITIVE_REGULATION_OF_MRNA_METABOLIC_PROCESS,,,,-0.384338367199625,,121,"Celf4,Nanos3,Dis3,Ago2,Pnldc1,Ncl,Rbm3,Nudt21,Exosc8,Ybx1"
GOBP_POSITIVE_REGULATION_OF_PROTEIN_MODIFICATION_BY_SMALL_PROTEIN_CONJUGATION_OR_REMOVAL,,,,-0.211806537319523,,136,"Plk1,Ube2c,Cdc20,Skp2,Cdc20b,Fanci,Brca1,Mastl,Cenps,Sae1"
GOBP_POSITIVE_REGULATION_OF_RESPONSE_TO_DNA_DAMAGE_STIMULUS,,,,-0.334526693242295,,130,"Eya4,Rad51ap1,Fancb,Ankle1,Fgf10,Ddx11,Rbbp8,Brca1,Tigar,Ruvbl2"
GOBP_POSITIVE_REGULATION_OF_TRANSLATION,,,,-0.346110477304639,,131,"Barhl2,Cd28,Fastkd3,Rpusd4,Npm1,Nsun5,Ago2,Fastkd2,C1qbp,Rbm3"
GOBP_POSTTRANSCRIPTIONAL_REGULATION_OF_GENE_EXPRESSION,,,,-0.332257060817748,,498,"Celf4,Tyms,Elavl4,Shmt1,Lin28b,Ddx25,Nanos3,Fastkd5,Rbm4,Barhl2"
GOBP_PROTEIN_ACETYLATION,,,,-0.247552046958878,,207,"Isl1,Esco2,Actl6b,Chek1,Ppargc1a,Dscc1,Prkaa2,Brca1,Ruvbl2,Hat1"
GOBP_PROTEIN_ACYLATION,,,,-0.214344815674149,,247,"Isl1,Esco2,Actl6b,Chek1,Ppargc1a,Dscc1,Prkaa2,Brca1,Ruvbl2,Hat1"
GOBP_PROTEIN_CONTAINING_COMPLEX_LOCALIZATION,,,,-0.219872250076232,,152,"Nptx1,Hpca,Snap25,Cacng2,Cplx1,Haspin,Birc5,Bbs12,Drd4,Grip1"
GOBP_PROTEIN_DNA_COMPLEX_ASSEMBLY,,,,-0.507655475505642,,168,"H3c10,Cenpi,Asf1b,Padi4,Chaf1b,Dlgap5,Hells,Cenpf,H1f5,Oip5"
GOBP_PROTEIN_DNA_COMPLEX_SUBUNIT_ORGANIZATION,,,,-0.491338195065589,,220,"H3c10,Cenpi,Asf1b,Padi4,Chaf1b,Dlgap5,Hells,Cenpf,H1f5,Oip5"
GOBP_PROTEIN_IMPORT,,,,-0.279603405206754,,197,"Fermt1,Gckr,Ect2,Lep,Cdk1,Kpna2,Nup93,Gli3,Cse1l,Nup107"
GOBP_PROTEIN_LOCALIZATION_TO_MITOCHONDRION,,,,-0.319434216123602,,123,"Mgarp,Bid,Hk2,Pitrm1,Htra2,Timm50,Gdap1,Sae1,Timm9,Chchd4"
GOBP_PROTEIN_METHYLATION,,,,-0.304215290261355,,195,"Fbll1,H1f5,Eef1akmt3,Myb,Ezh2,Prdm6,Suv39h2,Brca1,Dnmt3b,Snrpd3"
GOBP_PROTEIN_MODIFICATION_BY_SMALL_PROTEIN_REMOVAL,,,,-0.299610416744642,,155,"Usp51,Usp44,Cdk1,Otulinl,Shmt2,Epop,Usp1,Taf5,Usp46,Taf9"
GOBP_PROTEIN_TARGETING,,,,-0.146869046788945,,299,"Hpca,Mgarp,Cacng2,Kcne1,Ap1s3,Bid,Rab27a,Pitrm1,Htra2,Timm50"
GOBP_RECOMBINATIONAL_REPAIR,,,,-0.588169830792101,,161,"Usp51,Fignl1,Radx,Mcmdc2,Rad51ap1,Cdc7,Hus1b,Chek1,Fancb,Rad51"
GOBP_REGULATION_OF_CELLULAR_AMIDE_METABOLIC_PROCESS,,,,-0.319599413203907,,431,"Celf4,Tyms,Elavl4,Shmt1,Ddx25,Rtn1,Nanos3,Rbm4,Barhl2,Dis3"
GOBP_REGULATION_OF_CELL_CYCLE_PHASE_TRANSITION,,,,-0.347378059145783,,376,"Plk5,Cdkn2a,Phox2b,Trip13,Ttk,Fbxo5,Plk1,Eme1,Bub1,Cdc7"
GOBP_REGULATION_OF_CHROMOSOME_ORGANIZATION,,,,-0.521458999313085,,209,"Trip13,Ncapg,Ttk,Fbxo5,Plk1,Bub1,Dlgap5,Top2a,Usp44,Cdca5"
GOBP_REGULATION_OF_CIRCADIAN_RHYTHM,,,,-0.255945808273242,,114,"Pde6b,Atoh7,Top2a,Cdk1,Ppargc1a,Opn3,Drd4,Rbm4,Ezh2,Csf2"
GOBP_REGULATION_OF_DNA_BIOSYNTHETIC_PROCESS,,,,-0.238398380915769,,124,"Pif1,Dach1,Chek1,Aurkb,Dscc1,Rfc5,Gins1,Rfc4,Rfc3,Gins2"
GOBP_REGULATION_OF_DNA_METABOLIC_PROCESS,,,,-0.326572919026634,,398,"Wt1,Usp51,Fignl1,Radx,Eya4,Rad51ap1,Pif1,Dach1,H1f5,Chek1"
GOBP_REGULATION_OF_DNA_RECOMBINATION,,,,-0.437158408504596,,129,"Usp51,Fignl1,Radx,Rad51ap1,H1f5,Chek1,Fancb,Rad51,Ankle1,Kpna2"
GOBP_REGULATION_OF_DNA_REPAIR,,,,-0.451991902504276,,150,"Usp51,Fignl1,Radx,Eya4,Rad51ap1,Chek1,Fancb,Rad51,Fgf10,Aunip"
GOBP_REGULATION_OF_DNA_REPLICATION,,,,-0.524371301252543,,130,"Esco2,Gmnc,Fbxo5,Ccna2,Cdc7,Cdc6,Dach1,Cdk1,Dna2,Dbf4"
GOBP_REGULATION_OF_GENERATION_OF_PRECURSOR_METABOLITES_AND_ENERGY,,,,-0.207937559858382,,129,"Nkx1-1,Ccnb1,Cdk1,Ppargc1a,Opn3,Gck,Ppif,Irs1,Prkaa2,Tigar"
GOBP_REGULATION_OF_GENE_EXPRESSION_EPIGENETIC,,,,-0.300050321466214,,130,"H3c10,Hells,Chek1,Morc1,Ezh2,H3c8,Brca1,Dnmt3l,H3c11,Cdk2"
GOBP_REGULATION_OF_GLUCOSE_METABOLIC_PROCESS,,,,-0.249013706250004,,116,"Tff3,Gnb3,Gckr,Nkx1-1,Foxa2,Gnmt,Lep,Ppargc1a,Gck,Irs1"
GOBP_REGULATION_OF_MITOTIC_CELL_CYCLE,,,,-0.298147822279422,,442,"Plk5,Cdkn2a,Trp73,Phox2b,Cdca2,Trip13,Kif20b,Ttk,Fbxo5,Plk1"
GOBP_REGULATION_OF_MITOTIC_CELL_CYCLE_PHASE_TRANSITION,,,,-0.363960162895143,,288,"Plk5,Cdkn2a,Phox2b,Trip13,Ttk,Fbxo5,Plk1,Bub1,Cdc7,Dlgap5"
GOBP_REGULATION_OF_MITOTIC_NUCLEAR_DIVISION,,,,-0.384769114028793,,111,"Cdca2,Trip13,Kif20b,Ttk,Fbxo5,Plk1,Bub1,Dlgap5,Usp44,Aurka"
GOBP_REGULATION_OF_MRNA_CATABOLIC_PROCESS,,,,-0.31088826633444,,168,"Elavl4,Nanos3,Fastkd5,Dis3,Fastkd3,Npm1,Apex1,E2f1,Ago2,Pnldc1"
GOBP_REGULATION_OF_MRNA_METABOLIC_PROCESS,,,,-0.379891750427445,,283,"Celf4,Mbnl3,Celf6,Elavl4,Raver2,Nanos3,Fastkd5,Rbm4,Nova1,Dis3"
GOBP_REGULATION_OF_MRNA_PROCESSING,,,,-0.49636302739101,,133,"Celf4,Mbnl3,Celf6,Raver2,Rbm4,Nova1,Srrm4,Bard1,Rbfox3,Ncl"
GOBP_REGULATION_OF_NUCLEAR_DIVISION,,,,-0.325856831644623,,138,"Cdca2,Trip13,Kif20b,Ttk,Fbxo5,Plk1,Rad51ap1,Bub1,Dlgap5,Usp44"
GOBP_REGULATION_OF_RESPONSE_TO_DNA_DAMAGE_STIMULUS,,,,-0.340119602391859,,245,"Usp51,Sfrp2,Fignl1,Fbxo5,Radx,Eya4,Rad51ap1,Chek1,Fancb,Rad51"
GOBP_REGULATION_OF_RNA_SPLICING,,,,-0.463421721265353,,148,"Celf4,Mbnl3,Celf6,Raver2,Rbm4,Rbm38,Nova1,Srrm4,Rbm20,Rbfox3"
GOBP_RESPONSE_TO_IONIZING_RADIATION,,,,-0.268700436626405,,141,"Sfrp2,Fignl1,Rad51ap1,Ect2,Rad51,Rad54l,Fancd2,Blm,Ticrr,Brca1"
GOBP_RESPONSE_TO_LIGHT_STIMULUS,,,,-0.326512644669028,,303,"Rcvrn,Sag,Tyr,Pde6c,Aipl1,Gngt1,Pdc,Prph2,Guca1a,Tulp1"
GOBP_RESPONSE_TO_RADIATION,,,,-0.281981294073116,,429,"Rcvrn,Sag,Tyr,Pde6c,Aipl1,Gngt1,Pdc,Prph2,Guca1a,Tulp1"
GOBP_RESPONSE_TO_UV,,,,-0.316163936674948,,146,"Tyr,Aqp1,Dtl,Chek1,Aurkb,Pbk,Opn3,Pclaf,Tipin,Ruvbl2"
GOBP_RETINA_DEVELOPMENT_IN_CAMERA_TYPE_EYE,,,,-0.325828566554995,,148,"Pde6c,Nrl,Prph2,Slc4a5,Neurod4,Tulp1,Nr2e3,Hpca,Rpgrip1,Gnat1"
GOBP_RIBONUCLEOPROTEIN_COMPLEX_BIOGENESIS,,,,-0.64074969689862,,408,"Fbll1,Celf4,Celf6,Eri2,Dis3,Gcfc2,Ddx20,Gemin6,Rrp15,Lyar"
GOBP_RIBONUCLEOPROTEIN_COMPLEX_SUBUNIT_ORGANIZATION,,,,-0.640417712037531,,178,"Celf4,Celf6,Gcfc2,Ddx20,Gemin6,Snrpd3,Isy1,Ruvbl2,Lsm2,Dyrk3"
GOBP_RIBOSOME_BIOGENESIS,,,,-0.647197586983578,,290,"Fbll1,Eri2,Dis3,Rrp15,Lyar,Nop9,Nol11,Utp15,Utp4,Noc4l"
GOBP_RNA_CATABOLIC_PROCESS,,,,-0.329707505415078,,280,"Elavl4,Dna2,Lin28b,Nanos3,Fastkd5,Dis3,Pop1,Slfn9,Fastkd3,Dkc1"
GOBP_RNA_LOCALIZATION,,,,-0.481117425061624,,184,"Nxf3,Sidt1,Nup37,Ddx25,Nup93,Ddx39a,Nup43,Nup107,Nup85,Nup205"
GOBP_RNA_MODIFICATION,,,,-0.605231101526418,,150,"Fbll1,Apobec2,Rbm47,Wdr6,Pus10,Rpusd4,Thg1l,Dkc1,Nsun5,Larp7"
GOBP_RNA_PHOSPHODIESTER_BOND_HYDROLYSIS,,,,-0.420149513936155,,148,"Exo1,Eri2,Dis3,Pop1,Nop9,Slfn9,Fen1,Rnaseh2a,Apex1,Rpp40"
GOBP_RNA_SPLICING,,,,-0.561195766363368,,387,"Wt1,Celf4,Mbnl3,Celf6,Ppargc1a,Elavl4,Rbmy,Raver2,Rbm4,Rbm38"
GOBP_RNA_SPLICING_VIA_TRANSESTERIFICATION_REACTIONS,,,,-0.599182089122033,,280,"Celf4,Mbnl3,Celf6,Rbmy,Raver2,Rbm4,Nova1,Ddx39a,Srrm4,Gcfc2"
GOBP_RRNA_METABOLIC_PROCESS,,,,-0.628507783329633,,253,"Fbll1,Eri2,Ddx11,Dis3,Rrp15,Lyar,Nop9,Nol11,Slfn9,Utp15"
GOBP_SENSORY_PERCEPTION_OF_LIGHT_STIMULUS,,,,-0.394311462283065,,212,"Cplx4,Rcvrn,Rbp3,Tyr,Pde6g,Pde6c,Aipl1,Nrl,Pdc,Cplx3"
GOBP_SIGNAL_TRANSDUCTION_IN_RESPONSE_TO_DNA_DAMAGE,,,,-0.3406075638602,,175,"Rps6ka6,Plk1,Eme1,Wnt1,Brip1,Dtl,Cdk1,Hus1b,Chek1,Clspn"
GOBP_SISTER_CHROMATID_SEGREGATION,,,,-0.574726056726082,,197,"Esco2,Nsl1,Trip13,Ncapg,Cep55,Ttk,Knstrn,Fbxo5,Plk1,Sgo2a"
GOBP_SPINDLE_ASSEMBLY,,,,-0.411725263596582,,118,"Fbxo5,Plk1,Kif15,Kif11,Aurka,Racgap1,Tpx2,Cdc20,Prc1,Ccnb2"
GOBP_SPINDLE_ORGANIZATION,,,,-0.368527829680988,,185,"Ttk,Knstrn,Fbxo5,Plk1,Kif15,Dlgap5,Kif11,Aurka,Racgap1,Ccnb1"
GOBP_TELOMERE_MAINTENANCE,,,,-0.448177966308697,,131,"Exo1,Ccne2,Pif1,Hus1b,Rad51,Aurkb,Dna2,Rad51c,Blm,Ccne1"
GOBP_TELOMERE_ORGANIZATION,,,,-0.444700149392741,,153,"H3c10,Exo1,Ccne2,Pif1,Hus1b,Rad51,Aurkb,Dna2,Rad51c,Ezh2"
GOBP_TRANSLATIONAL_INITIATION,,,,-0.513264970794759,,114,"Rbm4,Bzw2,Eif4ebp1,Npm1,Slbp,Eif1ad,Ago2,Dhx33,Boll,Eif3i"
GOBP_TRNA_METABOLIC_PROCESS,,,,-0.664125113162236,,163,"Pop1,Wdr6,Slfn9,Pus10,Rpusd4,Thg1l,Dars2,Qrsl1,Rpp40,Exosc8"
GOBP_TRNA_PROCESSING,,,,-0.66575471691674,,116,"Pop1,Wdr6,Pus10,Rpusd4,Thg1l,Rpp40,Tarbp1,Qtrt2,Grsf1,Trmt11"
GOBP_MITOCHONDRIAL_GENE_EXPRESSION,7.92390624232351e-24,3.98334766801603e-20,1.26273988547916,-0.722254660809223,-3.33182550063355,102,"Ppargc1b,Fastkd5,Fastkd3,Shmt2,Rpusd4,Mrpl44,Dars2,Gfm1,Qrsl1,Supv3l1"
GOBP_DNA_GEOMETRIC_CHANGE,2.19948482599083e-17,5.52840511012794e-14,1.07686819261983,-0.652069131068636,-2.95808512432107,95,"Mcmdc2,Top2a,Brip1,Pif1,Ercc6l,Rad51,Rad54l,Dna2,Dscc1,Mcm6"
GOBP_LEUKOCYTE_MIGRATION,1.79818229453749e-16,3.01315413154665e-13,1.04762648849882,0.560900687741976,1.74349599062001,365,"Edn1,Gpr15,Apod,Ccl21a,Ccl11,Cxcl1,Hoxa7,Sele,Edn3,Flt1"
GOBP_RIBOSOMAL_SMALL_SUBUNIT_BIOGENESIS,3.04417264978487e-16,3.82576397761714e-13,1.03769615548758,-0.722548515085194,-3.18664972697282,70,"Nop9,Nol11,Utp4,Wdr3,Npm1,Rpp40,Nob1,Rps27l,Tsr1,Emg1"
GOBP_MITOCHONDRIAL_TRANSLATION,7.46513803362504e-16,7.50544977900661e-13,1.02766987054358,-0.717215446600938,-3.16312933924179,70,"Fastkd3,Shmt2,Rpusd4,Mrpl44,Dars2,Gfm1,Qrsl1,Mrps2,Fastkd2,Ptcd3"
GOBP_REGULATION_OF_VASCULATURE_DEVELOPMENT,9.75449829100345e-16,8.17264381814572e-13,1.01754479730988,0.578867146839607,1.79106955592973,292,"Lrg1,Aplnr,Cldn5,Dcn,Ccl11,Enpp2,Tek,Ecscr,C3,Serpinf1"
GOBP_WOUND_HEALING,1.17600426630508e-15,8.44539063816522e-13,1.01754479730988,0.54011475076411,1.68304019591928,419,"Edn1,Vwf,Serpina1b,Tgfa,Ceacam1,Adra2a,Fgf1,Itgb3,Tbxa2r,Selp"
GOBP_MITOCHONDRIAL_RESPIRATORY_CHAIN_COMPLEX_ASSEMBLY,2.08921149608393e-15,1.31280827385174e-12,1.00731795687447,-0.652332042291015,-2.99299705747235,87,"Fastkd3,Ndufaf6,Chchd4,Aifm1,Ndufaf4,Sco1,Tfam,Uqcrfs1,Ndufaf5,Tmem126a"
GOBP_RNA_METHYLATION,2.52363325433403e-15,1.40958937439302e-12,1.00731795687447,-0.683533526302342,-3.02010685026828,77,"Fbll1,Wdr6,Nsun5,Larp7,Nop2,Tarbp1,Trmt11,Nsun2,Emg1,Trmt10c"
GOBP_RIBOSOMAL_LARGE_SUBUNIT_BIOGENESIS,5.71477432007098e-15,2.87281705069968e-12,0.996986217533181,-0.702471179557575,-3.0981028205137,70,"Rrp15,Npm1,Fastkd2,Sdad1,Rpl35a,Mrpl1,Nop2,Ppan,Rpf1,Wdr12"
GOBP_ENSHEATHMENT_OF_NEURONS,7.48979127975795e-15,3.42283461484938e-12,0.986546283587582,0.668378995904495,2.01187178268332,139,"Mal,Mag,Fa2h,Klk6,Plp1,Cldn5,Ugt8a,Gal3st1,Nkx6-2,Myrf"
GOBP_CYTOKINE_MEDIATED_SIGNALING_PATHWAY,9.14221841935317e-15,3.82982766617403e-12,0.986546283587582,0.527492164950815,1.64506452747763,446,"Edn1,Ccl21a,Ccl11,Cxcl1,Il33,Ceacam1,Ccl19,Cxcl2,Sp100,Il34"
GOBP_TRNA_MODIFICATION,1.76199772065817e-14,6.81350964749892e-12,0.97599468306432,-0.650006286099809,-2.87578782292172,82,"Wdr6,Pus10,Rpusd4,Thg1l,Tarbp1,Qtrt2,Trmt11,Nsun2,Dtwd1,Qtrt1"
GOBP_RNA_3_END_PROCESSING,6.44916735298761e-14,2.31571173453348e-11,0.954541630725724,-0.580194153294618,-2.61145419452954,106,"Fbll1,Eri2,Lin28b,Bard1,Dkc1,Slbp,Supv3l1,Zc3h14,Larp7,Cpsf4"
GOBP_TISSUE_MIGRATION,1.05245954918427e-13,3.52714276916621e-11,0.954541630725724,0.558567372837986,1.72852965809107,297,"Edn1,Dcn,Clec14a,Enpp2,Tek,Foxf1,Mmrn2,Serpinf1,Ceacam1,Fgf1"
GOBP_NEGATIVE_REGULATION_OF_RESPONSE_TO_EXTERNAL_STIMULUS,2.59393722518278e-13,8.14982651937115e-11,0.932595211336209,0.530455137728015,1.65009620117263,386,"Pglyrp1,Edn1,Tek,Foxf1,Serpinf1,A2m,Ceacam1,Cd34,Ptgis,Wnt3"
GOBP_ENDOTHELIAL_CELL_MIGRATION,5.36837278898893e-13,1.58745941236749e-10,0.921426003494898,0.595893838692765,1.82033448047582,211,"Edn1,Dcn,Clec14a,Tek,Mmrn2,Serpinf1,Ceacam1,Fgf1,Itgb3,Tbxa2r"
GOBP_NEGATIVE_REGULATION_OF_LOCOMOTION,9.75309883026159e-13,2.7238237677625e-10,0.910119734774459,0.547010621293326,1.6946455345119,314,"Cldn5,Dcn,Apod,Ccl21a,Hoxa7,Mmrn2,Serpinf1,Tbxa2r,Tie1,Eng"
GOBP_CELL_CHEMOTAXIS,1.12039421456113e-12,2.96432721926252e-10,0.910119734774459,0.554540314499951,1.71649406628986,294,"Edn1,Ccl21a,Ccl11,Cxcl1,Edn3,Fgf1,Flt1,Ccl19,Rarres2,Epha2"
GOBP_REGULATION_OF_INFLAMMATORY_RESPONSE,1.24935834508802e-12,3.14026220037875e-10,0.910119734774459,0.538141642121499,1.66896177068727,344,"Pglyrp1,Ace2,Sele,Tek,Foxf1,C3,Il33,Serpinf1,Ptgis,Pla2g3"
GOBP_REGULATION_OF_EPITHELIAL_CELL_MIGRATION,1.42811100333789e-12,3.41862572084742e-10,0.910119734774459,0.587989822670177,1.80319002545867,223,"Edn1,Dcn,Enpp2,Tek,Mmrn2,Serpinf1,Ceacam1,Fgf1,Itgb3,Tbxa2r"
GOBP_AMEBOIDAL_TYPE_CELL_MIGRATION,1.53952824980439e-12,3.51782205080302e-10,0.910119734774459,0.52312857694264,1.63069017393249,410,"Edn1,Sox17,Dcn,Clec14a,Enpp2,Tek,Edn3,Mmrn2,Serpinf1,Ceacam1"
GOBP_MITOCHONDRIAL_RNA_METABOLIC_PROCESS,1.70575734042847e-12,3.72819223927561e-10,0.910119734774459,-0.747214189602083,-3.04562634183158,48,"Ppargc1b,Fastkd5,Fastkd3,Rpusd4,Dars2,Supv3l1,Fastkd2,Chchd10,Mrpl12,Mtres1"
GOBP_REGULATION_OF_ENDOTHELIAL_CELL_MIGRATION,2.08104548129875e-12,4.35892318103701e-10,0.898671232061694,0.619691701451172,1.8834785472031,164,"Edn1,Dcn,Tek,Mmrn2,Serpinf1,Ceacam1,Fgf1,Itgb3,Tbxa2r,Epha2"
GOBP_EXTERNAL_ENCAPSULATING_STRUCTURE_ORGANIZATION,3.00240924693928e-12,6.03724451374551e-10,0.898671232061694,0.550852802422639,1.7053600040173,311,"Hapln2,Myh11,Dpt,Foxf1,Ibsp,Lum,Vit,Ctsk,Col1a2,Tie1"
GOBP_CELL_CELL_JUNCTION_ASSEMBLY,4.16404619294468e-12,8.05102315843573e-10,0.887074988399873,0.628318039206832,1.90047224338956,147,"Gjb1,Aplnr,Gjb2,Cldn5,Gja4,Ugt8a,Ace2,Cldn14,Esam,Pecam1"
GOBP_REGULATION_OF_MRNA_SPLICING_VIA_SPLICEOSOME,1.31087133878973e-11,2.44064822966518e-09,0.875325132024659,-0.559723887041457,-2.53744657254167,98,"Celf4,Mbnl3,Celf6,Raver2,Rbm4,Nova1,Srrm4,Rbfox3,Ncl,Rbfox1"
GOBP_REGULATION_OF_DOUBLE_STRAND_BREAK_REPAIR_VIA_HOMOLOGOUS_RECOMBINATION,1.45147597084108e-11,2.60591775193503e-09,0.875325132024659,-0.640600150420642,-2.82462705611002,69,"Usp51,Fignl1,Radx,Rad51ap1,Chek1,Fancb,Rad51,Parpbp,Rbbp8,Tex15"
GOBP_MATURATION_OF_SSU_RRNA,1.82235888432471e-11,3.1589648660346e-09,0.863415391606693,-0.72528124745939,-2.956228218411,48,"Nop9,Nol11,Utp4,Wdr3,Rpp40,Nob1,Tsr1,Rps16,Rps8,Nat10"
GOBP_REGULATION_OF_DNA_DEPENDENT_DNA_REPLICATION,1.97056721707782e-11,3.29331717039608e-09,0.863415391606693,-0.713149184382914,-2.9124613328635,51,"Fbxo5,Cdc7,Dach1,Dbf4,Dscc1,Rfc5,Gins1,Blm,Rfc4,Cdt1"
GOBP_VASCULAR_PROCESS_IN_CIRCULATORY_SYSTEM,2.03088984050683e-11,3.29331717039608e-09,0.863415391606693,0.554946180998411,1.71194250173908,258,"Edn1,Cldn5,Ace2,Tek,Edn3,Slc38a5,Slc22a8,Kcna5,Slco1c1,Ceacam1"
GOBP_DNA_REPLICATION_INITIATION,2.13851367854907e-11,3.35947133189567e-09,0.863415391606693,-0.783077046927979,-2.98568843396155,38,"Gmnc,Ccne2,Cdc6,Orc1,Mcm10,Mcm6,Ccne1,Cdc45,Prim2,Cdt1"
GOBP_RIBOSOME_ASSEMBLY,2.26267728345364e-11,3.44681172846105e-09,0.863415391606693,-0.672476922584605,-2.84567002186937,58,"Npm1,Mrps2,Fastkd2,C1qbp,Nop2,Ppan,Rps27l,Ddx28,Nle1,Rplp0"
GOBP_SPROUTING_ANGIOGENESIS,2.48857035859864e-11,3.67942446843393e-09,0.863415391606693,0.644114495064202,1.92934714439917,126,"Aplnr,Clec14a,Tek,Mmrn2,Ceacam1,Fgf1,Tbxa2r,Ppp1r16b,Epha2,Eng"
GOBP_GLIAL_CELL_DEVELOPMENT,2.7812931520067e-11,3.91969846637946e-09,0.863415391606693,0.661763786269797,1.96725047730897,111,"Mal,Mag,Fa2h,Plp1,Nkx6-2,Myrf,Sox10,Tppp,Id4,Sh3tc2"
GOBP_HEMOSTASIS,2.80702496100379e-11,3.91969846637946e-09,0.863415391606693,0.569072396912675,1.74630650979583,229,"Edn1,Vwf,Serpina1b,Ceacam1,Adra2a,Itgb3,Tbxa2r,Selp,Cd34,Thbd"
GOBP_REGULATION_OF_LEUKOCYTE_MIGRATION,3.38619832474687e-11,4.60065377797365e-09,0.851339057116899,0.572400366154749,1.74810259279035,206,"Edn1,Apod,Ccl21a,Hoxa7,Sele,Edn3,Selp,Ccl19,Rarres2,Il34"
GOBP_CELL_CYCLE_DNA_REPLICATION,4.60679953680889e-11,5.96700576383884e-09,0.851339057116899,-0.742886863865991,-2.86566342872921,43,"Fbxo5,Cdc7,Dach1,Rad51,Dna2,Dbf4,Mcm6,Gins1,Blm,Cdc45"
GOBP_MONONUCLEAR_CELL_MIGRATION,4.67366481829111e-11,5.96700576383884e-09,0.851339057116899,0.589043073655506,1.79319235910225,186,"Gpr15,Apod,Ccl21a,Ccl11,Flt1,Ccl19,Pecam1,Rarres2,Il34,Ccl7"
GOBP_NEGATIVE_REGULATION_OF_CHROMOSOME_ORGANIZATION,4.74796559684809e-11,5.96700576383884e-09,0.851339057116899,-0.569796486465748,-2.61431157261667,87,"Trip13,Ttk,Fbxo5,Plk1,Bub1,Top2a,Usp44,Cenpf,Pif1,Ccnb1"
GOBP_CELL_SUBSTRATE_ADHESION,5.99905721264204e-11,7.35542941657355e-09,0.839088935621274,0.520435318844471,1.61638700426831,355,"Lims2,Apod,Vwf,Ccl21a,Hoxa7,Tek,Foxf1,Itgb3,Vit,Cd34"
GOBP_ALTERNATIVE_MRNA_SPLICING_VIA_SPLICEOSOME,6.30392384246848e-11,7.54519646573549e-09,0.839088935621274,-0.605629640031292,-2.61128474737559,74,"Celf4,Mbnl3,Celf6,Rbmy,Raver2,Rbm4,Nova1,Srrm4,Rbfox3,Rbfox1"
GOBP_MYELOID_LEUKOCYTE_MIGRATION,7.52563883133925e-11,8.79799683840522e-09,0.839088935621274,0.571909297418707,1.7470665850142,211,"Edn1,Ccl21a,Ccl11,Cxcl1,Edn3,Flt1,Ccl19,Pecam1,Rarres2,Cxcl2"
GOBP_POSITIVE_REGULATION_OF_RESPONSE_TO_EXTERNAL_STIMULUS,8.36084884671726e-11,9.55226980737447e-09,0.839088935621274,0.50019319964551,1.55920057797102,434,"Edn1,Ccl21a,Edn3,C3,Il33,Ccl19,Rarres2,Pla2g3,Trim12c,Il34"
GOBP_CELLULAR_RESPONSE_TO_INTERFERON_GAMMA,9.14086467520618e-11,1.02113614938359e-08,0.839088935621274,0.653984852245478,1.93925811095309,108,"Edn1,Ccl21a,Ccl11,Gbp4,Ccl19,Cdc42ep2,Gbp9,Sp100,Gsn,Ccl7"
GOBP_EPITHELIAL_CELL_PROLIFERATION,1.03337367992922e-10,1.12929771500091e-08,0.839088935621274,0.50917034065826,1.58347877594409,393,"Lrg1,Nkx2-9,Aplnr,Lims2,Ccl11,Tek,Mmrn2,Tgfa,Serpinf1,Ceacam1"
GOBP_POSITIVE_REGULATION_OF_CYTOKINE_PRODUCTION,1.27541924600467e-10,1.36415586163095e-08,0.826657301178302,0.496611944097389,1.54873530284138,447,"C3,Il33,Adra2a,Ccl19,Lum,Cd34,Pla2g3,Flt4,Osm,Mbp"
GOBP_OLIGODENDROCYTE_DIFFERENTIATION,1.41253309183981e-10,1.47933413597474e-08,0.826657301178302,0.678029760616373,1.98853323226271,93,"Mal,Mag,Fa2h,Opalin,Plp1,Nkx6-2,Myrf,Sox10,Tppp,Nkx6-1"
GOBP_CELL_CELL_JUNCTION_ORGANIZATION,1.46307034949037e-10,1.50099074426287e-08,0.826657301178302,0.571305630835686,1.74383236034631,202,"Gjb1,Aplnr,Lims2,Gjb2,Cldn5,Gja4,Ugt8a,Ace2,Cldn14,Esam"
GOBP_NADH_DEHYDROGENASE_COMPLEX_ASSEMBLY,1.53228075439796e-10,1.54055507047171e-08,0.826657301178302,-0.687994824373693,-2.84329550362229,52,"Ndufaf6,Ndufaf4,Ndufaf5,Tmem126a,Nubpl,Oxa1l,Ndufaf7,Ndufa5,Ndufa9,Ndufab1"
GOBP_LEUKOCYTE_CHEMOTAXIS,1.57489592408072e-10,1.5523532961478e-08,0.826657301178302,0.565308559588071,1.73363333284666,223,"Edn1,Ccl21a,Ccl11,Cxcl1,Edn3,Flt1,Ccl19,Rarres2,Cxcl2,Il34"
GOBP_RESPONSE_TO_INTERFERON_GAMMA,2.86106679902147e-10,2.76588130743864e-08,0.814035837847908,0.623441700597137,1.8706562324691,130,"Edn1,Ccl21a,Ccl11,Gbp4,Ccl19,Cdc42ep2,Gbp9,Sp100,Gsn,Ccl7"
GOBP_CELL_JUNCTION_ASSEMBLY,3.17417459650964e-10,2.95492142530628e-08,0.814035837847908,0.497706499633618,1.55123486807889,414,"Gjb1,Aplnr,Gjb2,Cldn5,Apod,Gja4,Ugt8a,Ace2,Cldn14,Tek"
GOBP_CHROMOSOME_SEPARATION,3.15241617846294e-10,2.95492142530628e-08,0.814035837847908,-0.538240404080512,-2.42767088384938,94,"Trip13,Ttk,Fbxo5,Plk1,Eme1,Bub1,Dlgap5,Top2a,Usp44,Cenpf"
GOBP_REGULATION_OF_CHEMOTAXIS,3.58857759325597e-10,3.27995992023596e-08,0.814035837847908,0.567400503179918,1.73336780424064,213,"Edn1,Ccl21a,Edn3,Fgf1,Ccl19,Rarres2,Wnt3,Il34,Ccl7,S1pr1"
GOBP_POSITIVE_REGULATION_OF_CELL_ADHESION,3.79692397426222e-10,3.4084172890386e-08,0.814035837847908,0.496209631208663,1.54702098262023,432,"Lims2,Ccl21a,Sele,Tek,Foxf1,Ibsp,Selp,Ccl19,Vit,Efnb3"
GOBP_PROTEIN_LOCALIZATION_TO_CHROMOSOME,4.10565848363221e-10,3.62090266617879e-08,0.814035837847908,-0.53566596498497,-2.41605917505326,94,"Esco2,Ttk,Plk1,Haspin,Knl1,Cdca5,H1f5,Cdk1,Spdl1,Aurkb"
GOBP_GLIAL_CELL_DIFFERENTIATION,4.60625293660219e-10,3.99235060556883e-08,0.814035837847908,0.566145449145675,1.72953370426479,213,"Mal,Mag,Fa2h,Opalin,Plp1,Nkx6-2,Myrf,Sox10,Tppp,Nkx6-1"
GOBP_ENDOTHELIAL_CELL_PROLIFERATION,5.3262961591456e-10,4.53818488000422e-08,0.801215574617779,0.595333420644401,1.80066027332342,149,"Lrg1,Aplnr,Ccl11,Tek,Mmrn2,Itgb3,Flt1,Ppp1r16b,Cd34,Tie1"
GOBP_OXIDATIVE_PHOSPHORYLATION,6.39721636901159e-10,5.35980111450354e-08,0.801215574617779,-0.488127646453723,-2.20170367582987,108,"Ccnb1,Cdk1,Ppif,Bid,Shmt2,Cox7a1,Chchd10,Mlxipl,Sdhd,Ak4"
GOBP_GLIOGENESIS,7.91076781500468e-10,6.51925078787353e-08,0.801215574617779,0.534289291824455,1.65332771350555,280,"Mal,Mag,Fa2h,Opalin,Plp1,Gjc2,Nkx6-2,Myrf,Sox10,Tppp"
GOBP_RESPONSE_TO_MOLECULE_OF_BACTERIAL_ORIGIN,9.6211619424237e-10,7.80090017492967e-08,0.788186810800237,0.515871581670922,1.59976681522798,338,"Edn1,Gjb2,Cxcl1,Sele,Tbxa2r,Selp,Hmgcs2,Cxcl2,Trim12c,Gjb6"
GOBP_REGULATION_OF_CHROMOSOME_SEGREGATION,1.03963887444585e-09,8.29565812990362e-08,0.788186810800237,-0.542693300098819,-2.50487583790427,86,"Cdca2,Trip13,Ttk,Fbxo5,Plk1,Bub1,Dlgap5,Usp44,Cenpf,Cdc6"
GOBP_DNA_DEPENDENT_DNA_REPLICATION_MAINTENANCE_OF_FIDELITY,1.33254196276901e-09,1.04667006981872e-07,0.788186810800237,-0.677811726464358,-2.75367538387661,49,"Eme1,Rad51,Dna2,Traip,Gen1,Blm,Ddx11,Fam111a,Pole,Slfn9"
GOBP_CELL_MATRIX_ADHESION,1.7574875407477e-09,1.35921382574441e-07,0.788186810800237,0.545365671728038,1.67466860751686,230,"Apod,Ccl21a,Hoxa7,Tek,Itgb3,Cd34,Thsd1,Wnt4,Acvrl1,Itgb4"
GOBP_MYELOID_LEUKOCYTE_ACTIVATION,1.89808365589516e-09,1.44570705124015e-07,0.774939030136436,0.54894815435842,1.68477770266402,226,"Adgrf5,Foxf1,Il33,Pla2g3,Cd93,Batf2,Il6,Enpp3,Ptgdr,Ager"
GOBP_CONNECTIVE_TISSUE_DEVELOPMENT,2.57037674399797e-09,1.92854983463847e-07,0.774939030136436,0.53144615600114,1.63918657101081,255,"Cytl1,Edn1,Mustn1,Ctsk,Cd34,Hoxa5,Hmgcs2,Id4,Acvrl1,Hoxb3"
GOBP_REGULATION_OF_LEUKOCYTE_CHEMOTAXIS,2.92712208549009e-09,2.16391804761157e-07,0.774939030136436,0.611962833657994,1.82526685526793,118,"Edn1,Ccl21a,Edn3,Ccl19,Rarres2,Il34,Ccl7,Cxcl12,Il6,Mtus1"
GOBP_CHROMOSOME_LOCALIZATION,3.62405449834291e-09,2.6025888518814e-07,0.774939030136436,-0.530577944369851,-2.44895574118006,86,"Cep55,Dlgap5,Cdca5,Cenpf,Ccnb1,Kif22,Kif2c,Spdl1,Cdca8,Cenpe"
GOBP_REGULATION_OF_CELL_CYCLE_G2_M_PHASE_TRANSITION,3.61385677538184e-09,2.6025888518814e-07,0.774939030136436,-0.49004921574033,-2.20083875026918,105,"Phox2b,Fbxo5,Plk1,Cdc7,Aurka,Cenpf,Cdc6,Ccnb1,Dtl,Cdk1"
GOBP_SISTER_CHROMATID_COHESION,3.78347100604081e-09,2.67880404892495e-07,0.761460801445585,-0.621804756711071,-2.62979323495258,57,"Esco2,Plk1,Sgo2a,Sgo1,Bub1,Haspin,Cdca5,Bub1b,Kif22,Cdc20"
GOBP_LEUKOCYTE_CELL_CELL_ADHESION,3.84782955331373e-09,2.6865332172928e-07,0.761460801445585,0.498954878523097,1.55033313890773,363,"Ccl21a,Sele,Ceacam1,Lrrc32,Selp,Ccl19,Pecam1,Efnb3,Tnfrsf13c,S100a8"
GOBP_CENTROMERE_COMPLEX_ASSEMBLY,4.95513673867444e-09,3.36614491693465e-07,0.761460801445585,-0.775875599070948,-2.74538240826423,31,"Cenpi,Dlgap5,Hells,Cenpf,Oip5,Cenpe,Cenpn,Cenpa,Cenpw,Cenpk"
GOBP_PHOTORECEPTOR_CELL_DEVELOPMENT,4.90878897260705e-09,3.36614491693465e-07,0.761460801445585,-0.660925348921849,-2.68507284965342,49,"Pde6c,Nrl,Gngt1,Prph2,Tulp1,Cdhr1,Nr2e3,Rpgrip1,Gnat1,Pax6"
GOBP_MITOTIC_DNA_INTEGRITY_CHECKPOINT_SIGNALING,5.07363873428607e-09,3.40069092230081e-07,0.761460801445585,-0.525443436511945,-2.42525671141416,86,"Plk1,Eme1,Cdc6,Dtl,Cdk1,Hus1b,Orc1,Chek1,Clspn,Fancd2"
GOBP_POSITIVE_REGULATION_OF_VASCULATURE_DEVELOPMENT,5.35870769402709e-09,3.54450310235186e-07,0.761460801445585,0.581138609225933,1.75850994012554,154,"Lrg1,Aplnr,Ccl11,Tek,C3,Fgf1,Flt1,Tbxa2r,Cd34,Tie1"
GOBP_OSSIFICATION,5.72857879153971e-09,3.73994358247664e-07,0.761460801445585,0.488612147381075,1.52119751419597,401,"Bglap3,Bglap2,Bglap,Ibsp,Ctsk,Col1a2,Epha2,Wnt3,Wnt4,Id4"
GOBP_SKELETAL_SYSTEM_MORPHOGENESIS,6.16502921003673e-09,3.97328228703265e-07,0.761460801445585,0.540570777051085,1.65963871195438,225,"Hoxa7,Hoxb7,Hoxd8,Hoxa5,Hoxa4,Hoxb5,Hoxb6,Hoxb2,Hoxb3,Hoxb4"
GOBP_GRANULOCYTE_CHEMOTAXIS,6.42820723171901e-09,4.09045541187993e-07,0.761460801445585,0.611035676488212,1.82106415297453,116,"Edn1,Ccl21a,Ccl11,Cxcl1,Edn3,Ccl19,Rarres2,Cxcl2,Il34,S100a8"
GOBP_RNA_EXPORT_FROM_NUCLEUS,6.98917294451224e-09,4.39182154900788e-07,0.761460801445585,-0.541498411580247,-2.44937874960525,80,"Nxf3,Ddx25,Nup93,Ddx39a,Nup107,Nup85,Npm1,Thoc1,Nup62,Ncbp1"
GOBP_ATP_SYNTHESIS_COUPLED_ELECTRON_TRANSPORT,7.40985174419505e-09,4.43444341881768e-07,0.761460801445585,-0.544263111954543,-2.40186203864147,76,"Ccnb1,Cdk1,Bid,Cox7a1,Sdhd,Cyc1,Dnajc15,Uqcrfs1,Dld,Cycs"
GOBP_BIOMINERALIZATION,7.3800168950211e-09,4.43444341881768e-07,0.761460801445585,0.580557161307165,1.76217194422145,167,"Bglap3,Bglap2,Bglap,Ibsp,Col1a2,Wnt4,Dmp1,Col1a1,Srgn,Aspn"
GOBP_ENDOTHELIUM_DEVELOPMENT,7.19014314986129e-09,4.43444341881768e-07,0.761460801445585,0.61436795824813,1.8419711385668,127,"Hapln2,Sox17,Cldn5,Gja4,Ceacam1,Fgf1,Ppp1r16b,Pecam1,Cd34,Robo4"
GOBP_MORPHOGENESIS_OF_A_BRANCHING_STRUCTURE,7.3800168950211e-09,4.43444341881768e-07,0.761460801445585,0.557127534911224,1.69640288590906,195,"Ermn,Edn1,Ccl11,Foxf1,Hoxb7,Sox10,Fgf1,Hoxa5,Tie1,Epha2"
GOBP_CELL_CELL_ADHESION_VIA_PLASMA_MEMBRANE_ADHESION_MOLECULES,9.32931189564017e-09,5.51746481169214e-07,0.747739663149885,0.527029283539691,1.62938181704685,268,"Mag,Cldn5,Cldn14,Sele,Esam,Ceacam1,Selp,Pecam1,Robo4,Cldn10"
GOBP_ACTIN_FILAMENT_ORGANIZATION,1.06386749966731e-08,6.21867665212506e-07,0.747739663149885,0.481675067885606,1.50213979933788,439,"Ermn,Ccl21a,Ccl11,Trf,Esam,Cdc42ep2,Wnt4,Daam2,Shroom1,Pls1"
GOBP_METAPHASE_PLATE_CONGRESSION,1.13066638434362e-08,6.38635945403975e-07,0.747739663149885,-0.566026385342242,-2.49521184760612,68,"Cep55,Cdca5,Cenpf,Ccnb1,Kif22,Kif2c,Spdl1,Cdca8,Cenpe,Aurkb"
GOBP_NEGATIVE_REGULATION_OF_IMMUNE_SYSTEM_PROCESS,1.12901740781596e-08,6.38635945403975e-07,0.747739663149885,0.489791128020691,1.52677107492491,410,"Pglyrp1,Adgrf5,Apod,Ccl21a,Hoxa7,Foxf1,A2m,Ceacam1,Lrrc32,Mill2"
GOBP_REGULATION_OF_BODY_FLUID_LEVELS,1.12901740781596e-08,6.38635945403975e-07,0.747739663149885,0.491446351020339,1.52791624795959,376,"Fa2h,Edn1,Aplnr,Vwf,Serpina1b,Ceacam1,Adra2a,Itgb3,Tbxa2r,Selp"
GOBP_MATURATION_OF_SSU_RRNA_FROM_TRICISTRONIC_RRNA_TRANSCRIPT_SSU_RRNA_5_8S_RRNA_LSU_RRNA,1.16115589523579e-08,6.48570076150035e-07,0.747739663149885,-0.716784208321359,-2.60689237676197,35,"Nop9,Utp4,Rpp40,Tsr1,Rps16,Rps8,Wdr46,Rcl1,Nop14,Heatr1"
GOBP_KINETOCHORE_ORGANIZATION,1.26833983285149e-08,7.00653224147742e-07,0.747739663149885,-0.835595852016043,-2.84007734176151,23,"Dlgap5,Cenpf,Cenpe,Cenpn,Smc2,Ndc80,Nuf2,Cenpa,Cenpw,Cenpk"
GOBP_MATURATION_OF_5_8S_RRNA,1.37365222162163e-08,7.50581491096948e-07,0.747739663149885,-0.714425385276869,-2.59831350777822,35,"Eri2,Rrp15,Nop9,Rpp40,Exosc8,Rpf1,Exosc3,Wdr12,Mak16,Mtrex"
GOBP_DNA_STRAND_ELONGATION,1.43444727592842e-08,7.75372737214211e-07,0.747739663149885,-0.709254653039076,-2.66762227621036,37,"Dna2,Gins1,Rfc4,Pole,Mcm4,Rfc3,Mcm3,Lig1,Ruvbl2,Pola1"
GOBP_TISSUE_REMODELING,1.53760347281107e-08,8.22290708278857e-07,0.73376198835648,0.5725480993618,1.73874308715358,162,"Bglap3,Bglap2,Bglap,Trf,Ceacam1,Itgb3,Ctsk,Tie1,Epha2,Acvrl1"
GOBP_REGULATION_OF_DOUBLE_STRAND_BREAK_REPAIR,1.71855662034177e-08,9.09387803206112e-07,0.73376198835648,-0.455175486110505,-2.05307269153451,108,"Usp51,Fignl1,Radx,Rad51ap1,Chek1,Fancb,Rad51,Aunip,Parpbp,Ddx11"
GOBP_REGULATION_OF_ALTERNATIVE_MRNA_SPLICING_VIA_SPLICEOSOME,1.75246818494458e-08,9.17672663095459e-07,0.73376198835648,-0.600886595217545,-2.54272661726707,58,"Celf4,Mbnl3,Celf6,Raver2,Rbm4,Nova1,Srrm4,Rbfox3,Rbfox1,Rbmx"
GOBP_ARTERY_DEVELOPMENT,1.82297621882706e-08,9.44752727014809e-07,0.73376198835648,0.632127607433475,1.86661063230178,97,"Edn1,Aplnr,Adgrf5,Foxf1,Eng,Acvrl1,Pde2a,Col3a1,Ednra,Tbx2"
GOBP_SECOND_MESSENGER_MEDIATED_SIGNALING,2.05371476547402e-08,1.0534718495957e-06,0.73376198835648,0.508076828410579,1.57240760505713,293,"Edn1,Aplnr,Sele,Edn3,Irag1,Tbxa2r,Selp,Tmem100,Pln,Rasd1"
GOBP_DETECTION_OF_LIGHT_STIMULUS,2.31417255247317e-08,1.17508539608916e-06,0.73376198835648,-0.583815137823482,-2.50534273700434,61,"Rcvrn,Sag,Pde6c,Aipl1,Gngt1,Pdc,Prph2,Guca1a,Tulp1,Rgs9bp"
GOBP_MESENCHYME_MORPHOGENESIS,2.42878034978547e-08,1.22094788183716e-06,0.73376198835648,0.706454215026856,1.97447037433019,56,"Aplnr,Foxf1,Eng,Acvrl1,Tmem100,Snai2,Tbx3,Nos3,Msx2,Twist1"
GOBP_AXON_ENSHEATHMENT_IN_CENTRAL_NERVOUS_SYSTEM,2.54356875919176e-08,1.25455132357283e-06,0.73376198835648,0.853235350523379,2.09862649028464,23,"Mal,Mag,Fa2h,Plp1,Nkx6-2,Myrf,Sox10,Id4,Aspa,Cntn2"
GOBP_OLIGODENDROCYTE_DEVELOPMENT,2.54553879061923e-08,1.25455132357283e-06,0.73376198835648,0.760369770938133,2.04394693308372,41,"Mal,Mag,Fa2h,Plp1,Nkx6-2,Myrf,Sox10,Tppp,Id4,Aspa"
GOBP_POSITIVE_REGULATION_OF_ENDOTHELIAL_CELL_MIGRATION,2.82405411157024e-08,1.37830291445278e-06,0.73376198835648,0.621918002536561,1.8377705252926,102,"Edn1,Tek,Fgf1,Itgb3,Flt4,Nos3,Angpt4,Agt,Ptgs2,Cd40"
GOBP_EMBRYONIC_SKELETAL_SYSTEM_MORPHOGENESIS,2.90732851932207e-08,1.39274343659611e-06,0.73376198835648,0.631694855934045,1.85614768863628,94,"Hoxa7,Hoxb7,Hoxa5,Hoxa4,Hoxb5,Hoxb6,Hoxb2,Hoxb3,Hoxb4,Hoxa3"
GOBP_GRANULOCYTE_MIGRATION,2.9090523342469e-08,1.39274343659611e-06,0.73376198835648,0.584811631169143,1.7620161827408,141,"Edn1,Ccl21a,Ccl11,Cxcl1,Edn3,Ccl19,Pecam1,Rarres2,Cxcl2,Il34"
GOBP_POSITIVE_REGULATION_OF_EPITHELIAL_CELL_MIGRATION,3.29125719642526e-08,1.54937755101785e-06,0.719512826338911,0.581326328487891,1.75497792913101,144,"Edn1,Enpp2,Tek,Fgf1,Itgb3,Flt4,Nos3,Angpt4,Agt,Ptgs2"
GOBP_POSITIVE_REGULATION_OF_LEUKOCYTE_MIGRATION,3.29785951778218e-08,1.54937755101785e-06,0.719512826338911,0.588830169568466,1.76991731543467,136,"Edn1,Ccl21a,Edn3,Selp,Ccl19,Rarres2,Il34,Ccl7,Cxcl12,Il6"
GOBP_CELLULAR_RESPONSE_TO_INTERLEUKIN_1,3.42070538616918e-08,1.59221166446967e-06,0.719512826338911,0.63189316709359,1.86472726699435,96,"Edn1,Ccl21a,Ccl11,Ccl19,Ptgis,Klf2,Ccl7,Zbp1,Irak3,Aqp4"
GOBP_POSITIVE_REGULATION_OF_CHROMOSOME_ORGANIZATION,3.65613746454755e-08,1.68618376461289e-06,0.719512826338911,-0.502904471456959,-2.29765075820552,88,"Ncapg,Aurkb,Ncaph,Smc2,Ddx11,Cdt1,Smc4,Cdk2,Nek2,Macroh2a1"
GOBP_HEART_MORPHOGENESIS,4.64061136819833e-08,2.10165345476874e-06,0.719512826338911,0.521037611811083,1.60638632415675,249,"Edn1,Sox17,Aplnr,Cldn5,Tek,Foxf1,Eng,Aldh1a2,Acvrl1,Tmem100"
GOBP_SNRNA_METABOLIC_PROCESS,4.60390655235686e-08,2.10165345476874e-06,0.719512826338911,-0.611454400597226,-2.53023521764461,53,"Dkc1,Larp7,Ints10,Exosc8,Exosc3,Myod1,Ints2,Nhp2,Mtrex,Ints14"
GOBP_ATTACHMENT_OF_SPINDLE_MICROTUBULES_TO_KINETOCHORE,4.73749097648314e-08,2.12637206596257e-06,0.719512826338911,-0.692003237859698,-2.60273689374375,37,"Knstrn,Sgo1,Knl1,Ect2,Racgap1,Ccnb1,Kif2c,Cenpe,Aurkb,Spc24"
GOBP_DIVALENT_INORGANIC_CATION_HOMEOSTASIS,6.22302860918539e-08,2.74413726476973e-06,0.704975715167238,0.464516847662045,1.44777258756997,489,"Edn1,Aplnr,Atp13a5,Ccl21a,Ccl11,Edn3,Kcna5,Tbxa2r,Ccl19,Gpr20"
GOBP_EMBRYONIC_ORGAN_MORPHOGENESIS,6.22302860918539e-08,2.74413726476973e-06,0.704975715167238,0.50362801330107,1.55827257957491,292,"Edn1,Sox17,Aplnr,Hoxa7,Foxf1,Hoxb7,Mfap5,Hoxa5,Hoxa4,Epha2"
GOBP_CARBOXYLIC_ACID_TRANSPORT,6.39008730452971e-08,2.7747654420585e-06,0.704975715167238,0.508665815638088,1.57452557302363,274,"Edn1,Ace2,Slc38a5,Slco1c1,Ceacam1,Slco2b1,Pla2g3,Slc13a3,Slc26a3,Slc6a20a"
GOBP_REGULATION_OF_CELL_SUBSTRATE_ADHESION,6.40288027210634e-08,2.7747654420585e-06,0.704975715167238,0.539516966612343,1.64821220158152,209,"Lims2,Apod,Ccl21a,Hoxa7,Tek,Foxf1,Vit,Wnt4,Acvrl1,Dmp1"
GOBP_NUCLEOSOME_ASSEMBLY,6.8401443914454e-08,2.93892357741846e-06,0.704975715167238,-0.480532352073516,-2.16738541185778,94,"H3c10,Asf1b,Padi4,Chaf1b,H1f5,Oip5,H3f4,Hmgb2,Cenpw,Cenpp"
GOBP_REGULATION_OF_BIOMINERALIZATION,7.18026523032696e-08,3.05891468752997e-06,0.704975715167238,0.615297905711754,1.81820810907439,102,"Bglap3,Bglap2,Bglap,Wnt4,Dmp1,Srgn,Aspn,S1pr1,Isg15,Nos3"
GOBP_ENDOCARDIAL_CUSHION_MORPHOGENESIS,7.96973860340672e-08,3.36671226548954e-06,0.704975715167238,0.745179046539105,1.98897693231395,40,"Aplnr,Eng,Acvrl1,Tmem100,Snai2,Tbx3,Nos3,Msx2,Twist1,Tbx2"
GOBP_PLATELET_ACTIVATION,8.53803157143448e-08,3.54716402558687e-06,0.704975715167238,0.582578018942447,1.74967972545017,131,"Vwf,Ceacam1,Adra2a,Itgb3,Selp,Thbd,Nos3,Col3a1,Il6,Mpl"
GOBP_POSITIVE_REGULATION_OF_INFLAMMATORY_RESPONSE,8.53803157143448e-08,3.54716402558687e-06,0.704975715167238,0.582369071745868,1.74905218602771,131,"C3,Il33,Pla2g3,Gpr4,Osm,S100a8,Pde2a,Zbp1,Agt,Ptgs2"
GOBP_NEGATIVE_REGULATION_OF_DEFENSE_RESPONSE,9.13681579873508e-08,3.76481746067551e-06,0.704975715167238,0.520811946573033,1.60058284298884,232,"Pglyrp1,Tek,Foxf1,Serpinf1,A2m,Ceacam1,Ptgis,Mill2,Zfp36,Wfdc1"
GOBP_MATURATION_OF_LSU_RRNA,1.01917909656693e-07,4.16537668166014e-06,0.704975715167238,-0.758560025603235,-2.68728690787868,28,"Rrp15,Mrpl1,Nop2,Rpf1,Wdr12,Mak16,Ddx18,Rsl1d1,Nhp2,Rpl7l1"
GOBP_RRNA_MODIFICATION,1.10862048372406e-07,4.49438320296841e-06,0.704975715167238,-0.716269569145204,-2.54947593683954,32,"Fbll1,Rpusd4,Dkc1,Nsun5,Nop2,Emg1,Nhp2,Nat10,Tfb2m,Nop10"
GOBP_ENDOCARDIAL_CUSHION_DEVELOPMENT,1.13979206219327e-07,4.58378775731645e-06,0.704975715167238,0.719364792307779,1.98610554720553,49,"Aplnr,Foxf1,Eng,Acvrl1,Tmem100,Snai2,Tbx3,Nos3,Msx2,Twist1"
GOBP_NUCLEOTIDE_EXCISION_REPAIR,1.19055013844373e-07,4.74991709996556e-06,0.704975715167238,-0.574751491315034,-2.43079128508744,57,"Brip1,Hus1b,Pole,Pola1,Brca2,Pold3,Gtf2h4,Rpa2,Pold1,Rpa1"
GOBP_NEUTROPHIL_MIGRATION,1.2185248591725e-07,4.82324761185841e-06,0.690132458796796,0.588645933547614,1.75433620265619,116,"Edn1,Ccl21a,Ccl11,Cxcl1,Edn3,Ccl19,Pecam1,Cxcl2,S100a8,Ccl7"
GOBP_METAPHASE_ANAPHASE_TRANSITION_OF_CELL_CYCLE,1.44332677121691e-07,5.66844037414641e-06,0.690132458796796,-0.556945813334511,-2.45706255500597,64,"Trip13,Ttk,Fbxo5,Plk1,Bub1,Dlgap5,Usp44,Cenpf,Cdc6,Ube2c"
GOBP_REGULATION_OF_CHROMOSOME_SEPARATION,1.48625385401798e-07,5.79178149158791e-06,0.690132458796796,-0.532458014504753,-2.3477910722081,69,"Trip13,Ttk,Fbxo5,Plk1,Bub1,Dlgap5,Usp44,Cenpf,Cdc6,Ube2c"
GOBP_REGULATION_OF_HEMOPOIESIS,1.57217674336592e-07,6.07948652992343e-06,0.690132458796796,0.476237060617576,1.48096992319645,369,"Pglyrp1,Bglap3,Bglap2,Bglap,Hoxa7,Ceacam1,Ccl19,Hoxa5,Pla2g3,Il34"
GOBP_SPLICEOSOMAL_SNRNP_ASSEMBLY,1.59674365590772e-07,6.12735141851e-06,0.690132458796796,-0.687143745670701,-2.53610350073024,36,"Ddx20,Gemin6,Snrpd3,Lsm2,Snrpg,Prpf3,Gemin5,Gemin4,Snrpf,Snrpe"
GOBP_CARTILAGE_DEVELOPMENT,1.77005365434246e-07,6.74095433362088e-06,0.690132458796796,0.541114625215529,1.64774802066394,191,"Cytl1,Edn1,Mustn1,Ctsk,Hoxa5,Acvrl1,Hoxb3,Col1a1,Snai2,Hoxa3"
GOBP_REGULATION_OF_BLOOD_CIRCULATION,1.86561951893297e-07,7.05148069298949e-06,0.690132458796796,0.508290829742007,1.56690640352221,246,"Edn1,Ace2,Edn3,Kcna5,Adra2a,Tbxa2r,Epas1,Pln,Gjc3,Nppa"
GOBP_TRNA_METHYLATION,1.88032189933767e-07,7.05401357311228e-06,0.690132458796796,-0.667927894342081,-2.55894620008744,39,"Wdr6,Tarbp1,Trmt11,Nsun2,Trmt10c,Wdr4,Trdmt1,Mettl6,Trmt44,Mto1"
GOBP_POSITIVE_REGULATION_OF_MAPK_CASCADE,1.89806426507469e-07,7.06782893372629e-06,0.690132458796796,0.462550288770164,1.4419871838218,463,"Edn1,Ccl21a,Ccl11,Tek,Edn3,Tgfa,Adra2a,Fgf1,Flt1,Ccl19"
GOBP_REPLICATION_FORK_PROCESSING,1.94297258556619e-07,7.18185528503031e-06,0.690132458796796,-0.660790831099326,-2.51878792947231,41,"Eme1,Rad51,Dna2,Traip,Gen1,Blm,Ddx11,Fam111a,Cenps,Mms22l"
GOBP_ENDOCARDIAL_CUSHION_FORMATION,2.47467729041803e-07,9.08043995542441e-06,0.674962860011025,0.774061476949632,1.99752381853824,31,"Aplnr,Eng,Tmem100,Snai2,Tbx3,Msx2,Tbx2,Bmp5,Tgfb1,Snai1"
GOBP_REGULATION_OF_GLIAL_CELL_DIFFERENTIATION,2.58422066562092e-07,9.41367919280897e-06,0.674962860011025,0.642696717402137,1.85124406288008,72,"Mag,Opalin,Nkx6-2,Nkx6-1,Dusp15,Daam2,Id4,Slc45a3,Il34,Aspa"
GOBP_NEUTROPHIL_CHEMOTAXIS,2.95402409034624e-07,1.06833662605543e-05,0.674962860011025,0.604707616868026,1.78018905013272,95,"Edn1,Ccl21a,Ccl11,Cxcl1,Edn3,Ccl19,Cxcl2,S100a8,Ccl7,Cxcl5"
GOBP_MACROPHAGE_ACTIVATION,3.05304064425482e-07,1.09625966561921e-05,0.674962860011025,0.605225752825604,1.78569027779497,99,"Adgrf5,Il33,Pla2g3,Cd93,Il6,Ager,Ccl3,Jun,Tlr3,Tlr4"
GOBP_PROTEIN_LOCALIZATION_TO_CHROMOSOME_CENTROMERIC_REGION,3.29046267903861e-07,1.17313162322887e-05,0.674962860011025,-0.767884326058405,-2.62778224314412,25,"Ttk,Haspin,Knl1,Cdk1,Spdl1,Aurkb,Ndc80,Cenpa,Zwilch,Cdt1"
GOBP_PROTEIN_LOCALIZATION_TO_CONDENSED_CHROMOSOME,3.33962252609056e-07,1.18227341117305e-05,0.674962860011025,-0.828602032713769,-2.6684550821969,19,"Ttk,Haspin,Knl1,Cdk1,Spdl1,Aurkb,Ndc80,Zwilch,Cdt1,Kntc1"
GOBP_MYELOID_LEUKOCYTE_DIFFERENTIATION,3.42793201200395e-07,1.20504994575831e-05,0.674962860011025,0.521850541602436,1.59372698329795,207,"Bglap3,Bglap2,Bglap,Hoxa7,Trf,Ceacam1,Ccl19,Epha2,Pla2g3,Il34"
GOBP_CELLULAR_RESPONSE_TO_MOLECULE_OF_BACTERIAL_ORIGIN,3.49550266107922e-07,1.22027026925314e-05,0.674962860011025,0.518109546694362,1.58356272639936,215,"Cxcl1,Tbxa2r,Hmgcs2,Cxcl2,Trim12c,Zfp36,Cd55,Irgm2,Nos3,Csf3"
GOBP_NEGATIVE_REGULATION_OF_NUCLEAR_DIVISION,3.59450058644815e-07,1.24617616883275e-05,0.674962860011025,-0.562652189046643,-2.38078915609423,55,"Trip13,Ttk,Fbxo5,Plk1,Bub1,Usp44,Cenpf,Ccnb1,Bub1b,Spdl1"
GOBP_NEGATIVE_REGULATION_OF_VASCULATURE_DEVELOPMENT,3.76714514229315e-07,1.2970848376923e-05,0.674962860011025,0.588805908855419,1.75474120493867,115,"Cldn5,Dcn,Tek,Ecscr,Serpinf1,Hoxa5,Tie1,Epha2,Wnt4,Gpr4"
GOBP_DEFENSE_RESPONSE_TO_SYMBIONT,4.12446450840065e-07,1.41045463154626e-05,0.674962860011025,0.496747827817503,1.53763460055095,274,"Trim12c,Trim34a,Mill2,Zbp1,Kcnj8,Rtp4,Isg15,Mx2,Abcc9,Ifit1"
GOBP_CILIUM_MOVEMENT,4.19679362563352e-07,1.42549199703106e-05,0.674962860011025,0.536079156611182,1.62888950652713,180,"Drc7,Pla2g3,Cfap45,Dnai2,Tekt4,Cfap46,Rsph4a,Aqp4,Dnah5,Ttc12"
GOBP_RESPIRATORY_ELECTRON_TRANSPORT_CHAIN,4.26657875942404e-07,1.43946922306206e-05,0.674962860011025,-0.450437929157442,-1.99734310153526,96,"Ccnb1,Cdk1,Ppargc1a,Bid,Cox7a1,Sdhd,Cyc1,Slc25a22,Dnajc15,Uqcrfs1"
GOBP_EMBRYONIC_SKELETAL_SYSTEM_DEVELOPMENT,4.342324227445e-07,1.45525759275773e-05,0.674962860011025,0.582837132367544,1.74743679564171,127,"Hoxa7,Hoxb7,Hoxa5,Hoxa4,Hoxb5,Hoxb6,Hoxb2,Hoxb3,Hoxb4,Col1a1"
GOBP_ADENYLATE_CYCLASE_MODULATING_G_PROTEIN_COUPLED_RECEPTOR_SIGNALING_PATHWAY,4.44418426576407e-07,1.47953074860901e-05,0.674962860011025,0.512260066332858,1.57560126296101,234,"Edn1,Adgrl4,Adra2a,Grm3,Tbxa2r,Lpar3,Pln,S1pr5,Gpr4,S1pr4"
GOBP_BRANCHING_MORPHOGENESIS_OF_AN_EPITHELIAL_TUBE,4.51715354962772e-07,1.4841654179071e-05,0.674962860011025,0.553908888818084,1.6756386451338,150,"Edn1,Ccl11,Foxf1,Hoxb7,Fgf1,Hoxa5,Tie1,Epha2,Eng,Wnt4"
GOBP_EYE_PHOTORECEPTOR_CELL_DEVELOPMENT,4.49075797305957e-07,1.4841654179071e-05,0.674962860011025,-0.653278727685088,-2.37592753206903,35,"Pde6c,Nrl,Gngt1,Tulp1,Nr2e3,Rpgrip1,Gnat1,Pax6,Thrb,Hcn1"
GOBP_NCRNA_3_END_PROCESSING,4.62588988853452e-07,1.50943935052261e-05,0.674962860011025,-0.652104379594006,-2.49832360402638,39,"Fbll1,Eri2,Dkc1,Larp7,Exosc8,Exosc3,Ints2,Trmt10c,Ints14,Ssb"
GOBP_REGULATION_OF_MITOTIC_SISTER_CHROMATID_SEGREGATION,4.65412968631401e-07,1.50943935052261e-05,0.674962860011025,-0.620107606513412,-2.41237884031433,44,"Trip13,Ttk,Fbxo5,Plk1,Bub1,Usp44,Cenpf,Ccnb1,Bub1b,Spdl1"
GOBP_RESPONSE_TO_CHEMOKINE,4.69399421266582e-07,1.51260954532507e-05,0.674962860011025,0.624206725058403,1.81856233514511,86,"Edn1,Ccl21a,Ccl11,Cxcl1,Ccl19,Cxcl2,Gpr17,Ccl7,Cxcl12,Mpl"
GOBP_REGULATION_OF_PEPTIDASE_ACTIVITY,4.82784849407155e-07,1.54583403692342e-05,0.659444398037935,0.462479429103722,1.4414403201948,414,"Serpina1b,C3,Serpinf1,A2m,Serpina3n,Spock3,Gsn,Serpina3m,S100a8,Pi16"
GOBP_REGULATION_OF_BONE_MINERALIZATION,4.95151264607133e-07,1.57539582732915e-05,0.659444398037935,0.62780707625125,1.82435346834063,80,"Bglap3,Bglap2,Bglap,Wnt4,Srgn,S1pr1,Isg15,Mgp,Sgms2,Twist1"
GOBP_CLEAVAGE_INVOLVED_IN_RRNA_PROCESSING,5.3800845968534e-07,1.70098649486679e-05,0.659444398037935,-0.728085008126414,-2.54428186317551,27,"Eri2,Nop9,Rpp40,Exosc8,Nob1,Exosc3,Tsr1,Nhp2,Rcl1,Nop14"
GOBP_BONE_MINERALIZATION,5.4468771332007e-07,1.7113407092875e-05,0.659444398037935,0.583660554006589,1.74207591675431,120,"Bglap3,Bglap2,Bglap,Ibsp,Col1a2,Wnt4,Srgn,Aspn,S1pr1,Isg15"
GOBP_ERK1_AND_ERK2_CASCADE,5.78701083191735e-07,1.80360275039196e-05,0.659444398037935,0.484761585715005,1.5000162226762,308,"Edn1,Ccl21a,Ace2,Ccl11,Tek,Trf,Ceacam1,Fgf1,Ccl19,Epha2"
GOBP_SPLICEOSOMAL_COMPLEX_ASSEMBLY,5.8122865638253e-07,1.80360275039196e-05,0.659444398037935,-0.557174244817299,-2.32900460351305,56,"Celf4,Celf6,Gcfc2,Gemin6,Isy1,Snrpg,Srsf1,Snrpe,Snrpd1,Ncbp1"
GOBP_REGULATION_OF_ANATOMICAL_STRUCTURE_SIZE,5.85095505595109e-07,1.80446325559915e-05,0.659444398037935,0.453969776094671,1.4143496042976,479,"Mag,Edn1,Ccl21a,Ace2,Ccl11,Esam,Edn3,Kcna5,Adra2a,Tbxa2r"
GOBP_ORGANIC_ANION_TRANSPORT,5.97884352466356e-07,1.8326613657612e-05,0.659444398037935,0.474987019277591,1.47418138629617,350,"Edn1,Ace2,Slc52a3,Slc38a5,Slco1c1,Ceacam1,Slco2b1,Pla2g3,Slc13a3,Slc26a3"
GOBP_VASCULOGENESIS,6.66347491548198e-07,2.03013869091684e-05,0.659444398037935,0.631029391590714,1.83347761064679,79,"Sox17,Aplnr,Foxf1,Ceacam1,Cd34,Tie1,Epha2,Eng,Tmem100,Asb4"
GOBP_POSITIVE_REGULATION_OF_ION_TRANSPORT,6.74918659608504e-07,2.04386512159756e-05,0.659444398037935,0.49907483107969,1.54266017241804,270,"Edn1,Aplnr,Plp1,Ace2,Gjc2,Edn3,Adra2a,Pla2g3,Slc6a1,Kcna1"
GOBP_REGULATION_OF_IMMUNE_EFFECTOR_PROCESS,7.12051441821941e-07,2.14340275331671e-05,0.659444398037935,0.472282723970832,1.46679529868422,360,"Pglyrp1,Cfh,Foxf1,C3,A2m,Ceacam1,Ccl19,Pla2g3,Mill2,Tril"
GOBP_POSITIVE_REGULATION_OF_CHEMOTAXIS,7.65519911661208e-07,2.29063606900053e-05,0.659444398037935,0.563447486881924,1.69362154813046,136,"Edn1,Ccl21a,Edn3,Ccl19,Rarres2,Il34,Ccl7,S1pr1,Cxcl12,Il6"
GOBP_MITOTIC_METAPHASE_PLATE_CONGRESSION,8.12483450930359e-07,2.416777696939e-05,0.659444398037935,-0.563445931909909,-2.33506771056068,54,"Cep55,Cdca5,Ccnb1,Kif22,Kif2c,Spdl1,Cdca8,Cenpe,Aurkb,Kif18a"
GOBP_REGULATION_OF_RESPONSE_TO_CYTOKINE_STIMULUS,8.52380660616326e-07,2.52053975348133e-05,0.659444398037935,0.548029228200728,1.66121537183929,157,"Edn1,Zbp1,Irgm2,Irak3,Isg15,Hspa1a,Casp4,Usp18,Il6,Hspa1b"
GOBP_LIPID_LOCALIZATION,8.8848481905178e-07,2.58950247231959e-05,0.659444398037935,0.458667204484446,1.43021465199956,440,"Edn1,Apod,C3,Slco1c1,Lcat,Ceacam1,Itgb3,Slco2b1,Pla2g3,Esyt3"
GOBP_REGULATION_OF_CYTOSOLIC_CALCIUM_ION_CONCENTRATION,8.8848481905178e-07,2.58950247231959e-05,0.659444398037935,0.475713640691031,1.47560973192989,342,"Edn1,Aplnr,Ccl21a,Kcna5,Tbxa2r,Ccl19,Gpr20,Lpar3,Pln,Gpr4"
GOBP_REGULATION_OF_TUBE_SIZE,8.91155615101034e-07,2.58950247231959e-05,0.659444398037935,0.561042848061517,1.68878178669238,139,"Edn1,Ace2,Edn3,Kcna5,Adra2a,Tbxa2r,Klf2,Nppa,Hrh1,Adora2a"
GOBP_POSITIVE_REGULATION_OF_LEUKOCYTE_CHEMOTAXIS,9.03834658405317e-07,2.6112510504618e-05,0.659444398037935,0.611195051881647,1.79401678908558,91,"Edn1,Ccl21a,Edn3,Ccl19,Rarres2,Il34,Ccl7,Cxcl12,Il6,Ccl3"
GOBP_POSITIVE_REGULATION_OF_DEFENSE_RESPONSE,9.26292062768454e-07,2.66084011402115e-05,0.659444398037935,0.487847213678255,1.5090683203718,287,"C3,Il33,Pla2g3,Trim12c,Gpr4,Osm,S100a8,Pde2a,Zbp1,Irgm2"
GOBP_MITOTIC_G2_M_TRANSITION_CHECKPOINT,9.40660344848842e-07,2.6867611099745e-05,0.659444398037935,-0.596183056872978,-2.42338343721985,47,"Plk1,Cdc6,Dtl,Cdk1,Hus1b,Orc1,Chek1,Clspn,Blm,Ticrr"
GOBP_REGULATION_OF_ACTIN_FILAMENT_BASED_PROCESS,9.64099330325121e-07,2.73815103590078e-05,0.643551836150722,0.467136817742936,1.45246600796318,382,"Edn1,Ccl21a,Ccl11,Tek,Esam,Cdc42ep2,Wnt4,Daam2,Pln,Rnd1"
GOBP_PATTERN_RECOGNITION_RECEPTOR_SIGNALING_PATHWAY,9.76701757663327e-07,2.75835940211997e-05,0.643551836150722,0.53230629914613,1.61794161951903,176,"Tril,Irgm2,Irak3,Hspa1a,Hspa1b,Cd40,Cd14,Ifih1,Lgals9,Ddx60"
GOBP_ESTABLISHMENT_OF_PROTEIN_LOCALIZATION_TO_CHROMOSOME,1.03680950380973e-06,2.86375899761071e-05,0.643551836150722,-0.73642158308407,-2.50675771118048,26,"H1f5,Macroh2a1,Ruvbl2,Dkc1,Brca2,Lrwd1,Macroh2a2,Acd,Tert,Tcp1"
GOBP_LYMPHOCYTE_MIGRATION,1.02578137568858e-06,2.86375899761071e-05,0.643551836150722,0.580789883151289,1.72491222562176,109,"Gpr15,Apod,Ccl21a,Ccl11,Ccl19,Ccl7,S1pr1,Cxcl12,Ch25h,Icam1"
GOBP_NEGATIVE_REGULATION_OF_CYTOKINE_PRODUCTION,1.02711148874767e-06,2.86375899761071e-05,0.643551836150722,0.500889971947065,1.55017028368226,276,"Pglyrp1,Apod,Ceacam1,Lrrc32,Cd34,Epha2,Zfp36,Klf2,Srgn,Irak3"
GOBP_TRANSCRIPTION_INITIATION_FROM_RNA_POLYMERASE_II_PROMOTER,1.03137679144974e-06,2.86375899761071e-05,0.643551836150722,-0.490707389368355,-2.16812883506334,77,"Ppargc1a,Gtf2a1l,E2f2,Taf5,Taf9,Med4,Cdk4,Taf6,Gtf2f2,Paxip1"
GOBP_REGULATION_OF_UBIQUITIN_PROTEIN_LIGASE_ACTIVITY,1.06106156552692e-06,2.9147303223518e-05,0.643551836150722,-0.761675781559707,-2.57350916971921,24,"Fbxo5,Plk1,Usp44,Ube2c,Cdc20,Bag2,Mad2l1,Cdc20b,Mastl,Rps7"
GOBP_RNA_5_END_PROCESSING,1.08900001761411e-06,2.97521906986204e-05,0.643551836150722,-0.771058436973495,-2.62072339246177,23,"Pop1,Nop9,Thg1l,Rpp40,Trmt10c,Rpp14,Pnpt1,Rpp25l,Nop14,Ssb"
GOBP_MEIOTIC_CHROMOSOME_SEGREGATION,1.09531352869289e-06,2.97629249121035e-05,0.643551836150722,-0.445908363550773,-2.01121792947972,94,"Ccnb1ip1,Msh5,Trip13,Ccne2,Ttk,Plk1,Sgo2a,Sgo1,Eme1,Bub1"
GOBP_HOMOLOGOUS_RECOMBINATION,1.13606494704324e-06,3.05334466522476e-05,0.643551836150722,-0.542739094748768,-2.29666821232632,58,"Tex19.1,Ccnb1ip1,Msh5,Trip13,Eme1,Rad51ap1,Top2a,Brip1,Rad51,Rad54l"
GOBP_PHOTOTRANSDUCTION,1.1418913806689e-06,3.05334466522476e-05,0.643551836150722,-0.605310398538512,-2.3548138773314,44,"Rcvrn,Sag,Pde6c,Aipl1,Gngt1,Pdc,Guca1a,Nr2e3,Gnat2,Gnat1"
GOBP_RESPONSE_TO_MECHANICAL_STIMULUS,1.14167402464317e-06,3.05334466522476e-05,0.643551836150722,0.52440190639307,1.59933310114845,200,"Mag,Edn1,Bglap3,Bglap2,Bglap,Kcna5,Fosb,Eng,Pkd2l1,Gsn"
GOBP_DETECTION_OF_VISIBLE_LIGHT,1.14969250159308e-06,3.05793873307322e-05,0.643551836150722,-0.590507345361331,-2.33595062442317,46,"Sag,Pde6c,Aipl1,Prph2,Tulp1,Rgs9bp,Gnat2,Gnat1,Pde6b,Abca4"
GOBP_HISTONE_DEUBIQUITINATION,1.16727418317126e-06,3.08836174673784e-05,0.643551836150722,-0.623045590397739,-2.38676860150219,40,"Usp51,Epop,Taf5,Taf9,Taf6,Sf3b3,Usp15,Taf5l,Sf3b5,Asxl1"
GOBP_MRNA_3_END_PROCESSING,1.24321677515735e-06,3.27206844435394e-05,0.643551836150722,-0.521893080371855,-2.22536573386576,63,"Bard1,Slbp,Zc3h14,Cpsf4,Nudt21,Cstf3,Cpsf2,Ncbp1,Grsf1,Cstf2"
GOBP_POSITIVE_REGULATION_OF_MYELINATION,1.32195074073764e-06,3.46116998629588e-05,0.643551836150722,0.844032985618547,1.97627670906105,18,"Mag,Myrf,Sox10,Tppp,Zfp488,Tnfrsf1b,Ncmap,Egr2"
GOBP_NEGATIVE_REGULATION_OF_CELL_ADHESION,1.42818451176638e-06,3.70076471167504e-05,0.643551836150722,0.485372375863602,1.50143801229321,289,"Apod,Ccl21a,Hoxa7,Ceacam1,Lrrc32,Acvrl1,Rnd1,Plxnb3,Col1a1,Mbp"
GOBP_REGULATION_OF_CELL_SHAPE,1.42818451176638e-06,3.70076471167504e-05,0.643551836150722,0.55432722880852,1.67667239577513,147,"Ermn,Ccl11,Cdc42ep2,Rnd1,Plxnb3,Ccl7,Fgd5,Sema4d,Lpar1,Rhoc"
GOBP_REGULATION_OF_CYTOKINESIS,1.49304364102945e-06,3.82935223645664e-05,0.643551836150722,-0.45108119649477,-2.06962805176395,87,"Plk5,Kif20b,Plk1,Kif20a,Plk4,Aurka,Cdc6,Ect2,Racgap1,Prc1"
GOBP_REGULATION_OF_OSSIFICATION,1.4882667234862e-06,3.82935223645664e-05,0.643551836150722,0.574260174682206,1.71266661355709,117,"Bglap3,Bglap2,Bglap,Wnt4,Srgn,S1pr1,Isg15,Mgp,Dkk1,Sgms2"
GOBP_EMBRYONIC_ORGAN_DEVELOPMENT,1.52753405533478e-06,3.87823924048887e-05,0.643551836150722,0.453776357495112,1.41517057261471,446,"Edn1,Sox17,Aplnr,Hoxa7,Foxf1,Hoxb7,A2m,Mfap5,Hoxa5,Rarres2"
GOBP_NEGATIVE_REGULATION_OF_METAPHASE_ANAPHASE_TRANSITION_OF_CELL_CYCLE,1.52203041149595e-06,3.87823924048887e-05,0.643551836150722,-0.601572485666634,-2.30801377580413,42,"Trip13,Ttk,Fbxo5,Plk1,Bub1,Usp44,Cenpf,Ccnb1,Bub1b,Spdl1"
GOBP_RESPONSE_TO_KETONE,1.72795978016589e-06,4.36505216828841e-05,0.643551836150722,0.519385465009993,1.58142751851233,188,"Edn1,Bglap3,Gjb2,Bglap2,Bglap,Ccl21a,Serpinf1,A2m,Sox10,Fosb"
GOBP_PHOTORECEPTOR_CELL_DIFFERENTIATION,1.74731847164362e-06,4.39188497847624e-05,0.643551836150722,-0.516073265738909,-2.21314729914697,62,"Pde6c,Nrl,Gngt1,Prph2,Tulp1,Cdhr1,Nr2e3,Rpgrip1,Gnat1,Pax6"
GOBP_REGULATION_OF_LEUKOCYTE_DIFFERENTIATION,1.77590848715382e-06,4.4415382910061e-05,0.643551836150722,0.490703851875491,1.51774273844019,288,"Pglyrp1,Bglap3,Bglap2,Bglap,Hoxa7,Ceacam1,Ccl19,Pla2g3,Il34,Il2ra"
GOBP_RESPONSE_TO_INTERLEUKIN_1,1.84214620342997e-06,4.58439057655568e-05,0.643551836150722,0.569808793514889,1.70059639274765,122,"Edn1,Ccl21a,Ccl11,Sele,Ccl19,Ptgis,Klf2,Ccl7,Zbp1,Irak3"
GOBP_POSITIVE_REGULATION_OF_MITOTIC_CELL_CYCLE_PHASE_TRANSITION,1.8987495964825e-06,4.70197744902341e-05,0.643551836150722,-0.455953198849054,-2.08314157558932,88,"Phox2b,Fbxo5,Cdc7,Dlgap5,Cdca5,Cdc6,Ube2c,Ccnb1,Dtl,Cdk1"
GOBP_DNA_UNWINDING_INVOLVED_IN_DNA_REPLICATION,1.98226364317641e-06,4.88472516384697e-05,0.627256739718528,-0.765383590322645,-2.58080610987722,22,"Rad51,Mcm6,Gins1,Blm,Cdc45,Mcm5,Mcm4,Mcm3,Gins2,Hmga1"
GOBP_POSITIVE_REGULATION_OF_DOUBLE_STRAND_BREAK_REPAIR_VIA_HOMOLOGOUS_RECOMBINATION,2.0429702466019e-06,5.00976167300866e-05,0.627256739718528,-0.624775326169925,-2.34988176753725,37,"Rad51ap1,Fancb,Rbbp8,Ruvbl2,Timeless,Ruvbl1,Khdc3,Actl6a,Yeats4,Parp1"
GOBP_RHO_PROTEIN_SIGNAL_TRANSDUCTION,2.05734216854613e-06,5.02051411712689e-05,0.627256739718528,0.555882261120763,1.67088184360808,136,"Adra2a,Gpr20,Col1a2,Cdc42ep2,Gpr4,Gpr17,Cnksr1,Col3a1,Lpar1,Myoc"
GOBP_DOUBLE_STRAND_BREAK_REPAIR_VIA_BREAK_INDUCED_REPLICATION,2.23705128564849e-06,5.43268445070287e-05,0.627256739718528,-0.904732245129554,-2.49925452330047,12,"Mcmdc2,Cdc7,Mcm6,Cdc45,Mcm5,Mcm4,Mcm3,Gins2,Mcm7,Mcm2"
GOBP_ACTOMYOSIN_STRUCTURE_ORGANIZATION,2.3246563429223e-06,5.56478449327161e-05,0.627256739718528,0.519704595111954,1.58353408510399,193,"Edn1,Myh11,Cnn1,Wnt4,Tmeff2,Ldb3,S1pr1,Epha1,Nebl,Lpar1"
GOBP_CHEMOKINE_PRODUCTION,2.30957518041573e-06,5.56478449327161e-05,0.627256739718528,0.594529956645071,1.74694378857978,94,"Apod,Il33,Epha2,Mbp,Snai2,Twist1,Il6,Ager,Cxcl5,Klf4"
GOBP_REGULATION_OF_MONONUCLEAR_CELL_MIGRATION,2.32302418839088e-06,5.56478449327161e-05,0.627256739718528,0.573706763424682,1.70331668965819,110,"Apod,Ccl21a,Rarres2,Il34,Ccl7,Cxcl12,Ager,Dusp1,Ccl3,Pdgfd"
GOBP_BLOOD_VESSEL_ENDOTHELIAL_CELL_MIGRATION,2.44365519470873e-06,5.82192164161175e-05,0.627256739718528,0.577332842101828,1.71763809250482,112,"Clec14a,Mmrn2,Tbxa2r,Epha2,Acvrl1,Cdh5,Nos3,Angpt4,Ptgs2,Cd40"
GOBP_RESPONSE_TO_VIRUS,2.49619698757765e-06,5.91904823422305e-05,0.627256739718528,0.465715028413537,1.44768750528527,367,"Ccl11,Ccl19,Trim12c,Trim34a,Mill2,Zbp1,Irgm2,Kcnj8,Rtp4,Irak3"
GOBP_REGULATION_OF_ANION_TRANSPORT,2.52431711425407e-06,5.92978604362392e-05,0.627256739718528,0.599385345940633,1.75244953845827,89,"Edn1,Ace2,Pla2g3,Atp8b1,Slc6a1,Cltrn,Adora2a,Cyp4f14,Sv2a,Agt"
GOBP_TRANSCRIPTION_BY_RNA_POLYMERASE_III,2.51939775197573e-06,5.92978604362392e-05,0.627256739718528,-0.567333233682109,-2.34463396414689,52,"Ddx21,Dek,Polr3c,Smarca5,Polr1c,Zfp143,Tbp,Gtf3c4,Ercc6,Gtf3c3"
GOBP_MRNA_EXPORT_FROM_NUCLEUS,2.58172709890605e-06,6.03643819823289e-05,0.627256739718528,-0.517402161959954,-2.22428554307645,60,"Nxf3,Ddx25,Nup93,Ddx39a,Nup107,Nup85,Thoc1,Ncbp1,Nup155,Nsun2"
GOBP_TELOMERE_MAINTENANCE_VIA_TELOMERE_LENGTHENING,2.74961307412163e-06,6.39921524241177e-05,0.627256739718528,-0.468873089313756,-2.1208700832111,80,"Pif1,Rad51,Aurkb,Nek2,Dkc1,Mre11a,Tinf2,Acd,Tert,Hnrnpa1"
GOBP_POSITIVE_REGULATION_OF_CELL_CYCLE_PHASE_TRANSITION,2.77532560111792e-06,6.42929115060819e-05,0.627256739718528,-0.409050388580544,-1.88168132414307,110,"Phox2b,Fbxo5,Cdc7,Dlgap5,Cdca5,Cdc6,Ube2c,Ccnb1,Dtl,Cdk1"
GOBP_POSITIVE_REGULATION_OF_LEUKOCYTE_CELL_CELL_ADHESION,2.86368933578637e-06,6.60356251880645e-05,0.627256739718528,0.500776087057085,1.53911960222551,231,"Ccl21a,Sele,Selp,Ccl19,Efnb3,Tnfrsf13c,Cd55,Il2ra,Il6,Egr3"
GOBP_ACUTE_INFLAMMATORY_RESPONSE,2.88967038822798e-06,6.63304705096896e-05,0.627256739718528,0.565732642220269,1.68737262322167,121,"Serpina1b,C3,A2m,Adra2a,Serpina3n,Osm,Serpina3m,S100a8,Serpina3c,Serpina1e"
GOBP_PEPTIDYL_TYROSINE_MODIFICATION,2.91264010837795e-06,6.65538264764362e-05,0.627256739718528,0.458755366227372,1.42636976186402,371,"Enpp2,Tek,Tgfa,Adra2a,Itgb3,Bmx,Flt1,Pecam1,Tie1,Epha2"
GOBP_AMINO_ACID_ACTIVATION,2.97389074253193e-06,6.70392321197668e-05,0.627256739718528,-0.705244963647039,-2.49841211464965,28,"Dars2,Qrsl1,Farsa,Sars2,Cars2,Gatc,Yars2,Vars2,Wars2,Pars2"
GOBP_ENTRY_INTO_HOST,2.96455249123597e-06,6.70392321197668e-05,0.627256739718528,0.532212642247105,1.61531530046809,161,"Mog,Gpr15,Ace2,Itgb3,Epha2,Efnb3,Trim12c,Trim34a,Gsn,Cd55"
GOBP_KINETOCHORE_ASSEMBLY,2.9704744979998e-06,6.70392321197668e-05,0.627256739718528,-0.808800356390619,-2.52391619490796,18,"Dlgap5,Cenpf,Cenpe,Cenpn,Cenpa,Cenpw,Cenpk,Cenph,Cenps,Kntc1"
GOBP_INTERLEUKIN_6_PRODUCTION,3.01656882124682e-06,6.76977297518203e-05,0.627256739718528,0.539059743837864,1.63045351061607,149,"Il33,Klf2,Mbp,Irak3,Aqp4,Twist1,Il6,Ager,Arid5a,Afap1l2"
GOBP_REGULATION_OF_SUPRAMOLECULAR_FIBER_ORGANIZATION,3.05949253863155e-06,6.83558621853369e-05,0.627256739718528,0.468473359473266,1.45585398336475,364,"Edn1,Ccl21a,Ccl11,Esam,Cdc42ep2,Wnt4,Daam2,Tubb4a,Gsn,Tmeff2"
GOBP_NCRNA_TRANSCRIPTION,3.11454005037636e-06,6.9277844394876e-05,0.627256739718528,-0.526984992205731,-2.20281264657503,56,"Ddx11,Nol11,Macroh2a1,Polr1b,Macroh2a2,Tcof1,Ncl,Polr1e,Larp7,Pwp1"
GOBP_STRESS_FIBER_ASSEMBLY,3.14934395408963e-06,6.97434011330773e-05,0.627256739718528,0.571702016771671,1.6949106499705,104,"Wnt4,Tmeff2,S1pr1,Epha1,Lpar1,Rhoc,Sorbs3,Pak1,Myoc,Arhgef15"
GOBP_FATTY_ACID_BIOSYNTHETIC_PROCESS,3.31086202293735e-06,7.29986990759039e-05,0.627256739718528,0.5361144520284,1.62180840959307,150,"Fa2h,Edn1,Plp1,Ceacam1,Ptgis,Fads2b,Pla2g3,Slc45a3,Cyp2d22,Tecrl"
GOBP_BASE_EXCISION_REPAIR,3.46271200995567e-06,7.60133330744416e-05,0.627256739718528,-0.599871158743722,-2.31398470638645,43,"Neil3,Dna2,Ung,Pole,Lig1,Fen1,Apex1,Parp2,Tdg,Polq"
GOBP_REGULATION_OF_CELL_MATRIX_ADHESION,3.57399459190293e-06,7.8115090493461e-05,0.627256739718528,0.557734300950356,1.66352248466718,118,"Apod,Ccl21a,Hoxa7,Tek,Wnt4,Acvrl1,Fam107a,Epha1,Myoc,Jup"
GOBP_MATURATION_OF_5_8S_RRNA_FROM_TRICISTRONIC_RRNA_TRANSCRIPT_SSU_RRNA_5_8S_RRNA_LSU_RRNA,3.61489241987283e-06,7.8666944565804e-05,0.627256739718528,-0.739866659068211,-2.4998216794849,24,"Eri2,Nop9,Rpp40,Exosc8,Exosc3,Wdr12,Rcl1,Nop14,Nol9,Rps21"
GOBP_REGULATION_OF_INNATE_IMMUNE_RESPONSE,3.69955043501022e-06,8.01622415379153e-05,0.627256739718528,0.499516167975293,1.53387733922589,230,"Cfh,A2m,Ceacam1,Trim12c,Mill2,Zbp1,Irgm2,Irak3,Isg15,Gbp5"
GOBP_ARTERY_MORPHOGENESIS,3.82184962294444e-06,8.24568156847283e-05,0.610526878385931,0.630015897536798,1.80919386636728,70,"Edn1,Adgrf5,Foxf1,Eng,Acvrl1,Col3a1,Ednra,Tbx2,Gja5,Notch3"
GOBP_MONOCARBOXYLIC_ACID_BIOSYNTHETIC_PROCESS,3.89555031390314e-06,8.36877411452611e-05,0.610526878385931,0.51081451019866,1.55934628623588,203,"Fa2h,Edn1,Plp1,Ceacam1,Ptgis,Fads2b,Pla2g3,Aldh1a2,Slc45a3,Cyp2d22"
GOBP_MACROPHAGE_MIGRATION,3.94169336634723e-06,8.43186917133086e-05,0.610526878385931,0.663988612110132,1.84565076464853,53,"Rarres2,Il34,Mtus1,Ccl3,Csf1,Mdk,Cd200,Saa2,Tafa4,Thbs1"
GOBP_POSITIVE_REGULATION_OF_GLIOGENESIS,4.17298882280662e-06,8.88881983569868e-05,0.610526878385931,0.648257021772365,1.82889013698182,60,"Mag,Gjc2,Nkx6-2,Sox10,Nkx6-1,Il34,Aspa,Nkx2-2,Rnf112,Zfp488"
GOBP_NEGATIVE_REGULATION_OF_IMMUNE_RESPONSE,4.38116937376871e-06,9.2928854185381e-05,0.610526878385931,0.516379033452094,1.57134737039101,185,"Pglyrp1,Foxf1,A2m,Ceacam1,Mill2,Cd55,Irak3,Isg15,Col3a1,Usp18"
GOBP_COLLAGEN_METABOLIC_PROCESS,4.64660325220775e-06,9.81448510455814e-05,0.610526878385931,0.584879647114792,1.7251419784178,98,"Klk6,Ctsk,Col1a2,Eng,Wnt4,Larp6,Col1a1,Adamts2,Fap,Mmp3"
GOBP_ACTIN_FILAMENT_BUNDLE_ORGANIZATION,4.72855105741589e-06,9.94578500653961e-05,0.610526878385931,0.525131455942283,1.59449980463516,159,"Wnt4,Shroom1,Pls1,Tmeff2,Fam107a,S1pr1,Epha1,Lpar1,Rhoc,Sorbs3"
GOBP_POSITIVE_REGULATION_OF_SUPRAMOLECULAR_FIBER_ORGANIZATION,4.82655124754567e-06,0.000101096138005884,0.610526878385931,0.525923199188024,1.59691552457829,174,"Edn1,Ccl21a,Ccl11,Cdc42ep2,Wnt4,Gsn,Epha1,Hspa1a,Csf3,Lpar1"
GOBP_POSITIVE_REGULATION_OF_CELL_SUBSTRATE_ADHESION,5.01366085129075e-06,0.000104579556429206,0.610526878385931,0.559239596954408,1.66800625471948,121,"Lims2,Ccl21a,Tek,Foxf1,Vit,Wnt4,Dmp1,Edil3,Epha1,Ndnf"
GOBP_RESPONSE_TO_STEROID_HORMONE,5.16153171186169e-06,0.000106991629223644,0.610526878385931,0.467862282746823,1.45113303948987,329,"Edn1,Bglap3,Gjb2,Bglap2,Bglap,Srarp,Serpinf1,Lcat,A2m,Sox10"
GOBP_RESPONSE_TO_TUMOR_NECROSIS_FACTOR,5.17186510868224e-06,0.000106991629223644,0.610526878385931,0.502464848206203,1.53846490193081,218,"Edn1,Ccl21a,Ccl11,Sele,Ccl19,Tnfrsf13c,Col1a1,Zfp36,Klf2,Ccl7"
GOBP_REGULATION_OF_MITOCHONDRIAL_GENE_EXPRESSION,5.35294739528698e-06,0.00011028387932831,0.610526878385931,-0.698634070239663,-2.47499225767933,28,"Fastkd3,Shmt2,Rpusd4,Fastkd2,Chchd10,C1qbp,Mtres1,Lrpprc,Tsfm,Trmt10c"
GOBP_REGULATION_OF_VASOCONSTRICTION,5.45981759697548e-06,0.000112026543102023,0.610526878385931,0.633525397210263,1.79945111943661,63,"Edn1,Ace2,Edn3,Kcna5,Adra2a,Tbxa2r,Hrh1,Cysltr1,Agt,Htr2a"
GOBP_REGULATION_OF_TISSUE_REMODELING,5.7012086356643e-06,0.000116503966713351,0.610526878385931,0.607933975561971,1.75916026131291,75,"Bglap3,Bglap2,Bglap,Trf,Ceacam1,Itgb3,Flt4,S1pr1,Agt,Il6"
GOBP_COLLAGEN_FIBRIL_ORGANIZATION,5.90339426833161e-06,0.000120147218570458,0.610526878385931,0.642572716330148,1.81285333397051,60,"Dpt,Lum,Col1a2,Col1a1,Adamts2,Col3a1,Colgalt2,Col11a2,Col5a3,Lox"
GOBP_MITOCHONDRIAL_ELECTRON_TRANSPORT_NADH_TO_UBIQUINONE,6.53425044871496e-06,0.000132450310506815,0.610526878385931,-0.571495864463696,-2.19262077210135,42,"Dnajc15,Dld,Coq9,Ndufa5,Ndufa9,Ndufab1,Ndufa4,Ndufb5,Ndufb1,Ndufc2"
GOBP_BONE_RESORPTION,6.56858469664094e-06,0.000132611547269133,0.610526878385931,0.62337904010422,1.77287031519185,65,"Bglap3,Bglap2,Bglap,Trf,Itgb3,Ctsk,S1pr1,Il6,Cd38,Iapp"
GOBP_REGULATION_OF_RESPONSE_TO_BIOTIC_STIMULUS,6.70512759884729e-06,0.000134826705757621,0.610526878385931,0.459234229263411,1.42627577868634,353,"Cfh,A2m,Ceacam1,Trim12c,Mill2,Cd55,Zbp1,Irgm2,Irak3,Isg15"
GOBP_NEGATIVE_REGULATION_OF_RESPONSE_TO_WOUNDING,6.77793163099045e-06,0.00013574765860155,0.610526878385931,0.596666462390236,1.73962515740367,87,"Edn1,Ceacam1,Cd34,Wnt4,Thbd,Wfdc1,Nos3,Fap,Klk8,Tspan8"
GOBP_PROTEIN_KINASE_B_SIGNALING,7.09811877479095e-06,0.000141596202701881,0.610526878385931,0.507277394445129,1.54456080337043,188,"Ccl21a,Tek,Ccl19,Epha2,Eng,Tmem100,Osm,Csf3,Cd40,Myoc"
GOBP_BLOOD_VESSEL_REMODELING,7.25603537994177e-06,0.000144174268201452,0.610526878385931,0.697706992790433,1.87550337034782,41,"Ceacam1,Acvrl1,Epas1,Flt4,Hoxa3,Nos3,Agt,Ednra,Agtr2,Foxc2"
GOBP_MACROPHAGE_CHEMOTAXIS,7.33533631305589e-06,0.000144947732982897,0.610526878385931,0.703363537236704,1.86355404415345,38,"Rarres2,Il34,Mtus1,Ccl3,Csf1,Mdk,Saa2,Tafa4,Thbs1,Saa1"
GOBP_MITOCHONDRIAL_RNA_PROCESSING,7.35263017916026e-06,0.000144947732982897,0.610526878385931,-0.778358790830802,-2.50665022430927,19,"Fastkd5,Fastkd3,Rpusd4,Supv3l1,Fastkd2,Trmt10c,Pnpt1,Trit1,Prorp,Mto1"
GOBP_MYELOID_CELL_DIFFERENTIATION,7.66987856314636e-06,0.000150611248191159,0.593325476396405,0.454646421860586,1.41402256077653,380,"Bglap3,Bglap2,Adgrf5,Bglap,Hoxa7,Trf,Hoxb7,Ceacam1,Ccl19,Hoxa5"
GOBP_REGULATION_OF_GRANULOCYTE_CHEMOTAXIS,7.72379441116655e-06,0.000151079822976398,0.593325476396405,0.665520429595241,1.83061826413735,48,"Edn1,Ccl21a,Ccl19,Rarres2,Il34,Bst1,Tnfaip6,Csf1,C5ar2,Mdk"
GOBP_CILIUM_OR_FLAGELLUM_DEPENDENT_CELL_MOTILITY,7.77412011273443e-06,0.000151474813204325,0.593325476396405,0.536333566163126,1.6194149862205,145,"Drc7,Pla2g3,Cfap45,Tekt4,Cfap46,Rsph4a,Dnah5,Ttc12,Septin4,Ttll6"
GOBP_TRANSCRIPTION_BY_RNA_POLYMERASE_I,8.6781469155348e-06,0.000168436465422368,0.593325476396405,-0.541099772160281,-2.20982116806558,51,"Ddx11,Lyar,Nol11,Utp15,Macroh2a1,Macroh2a2,Tcof1,Wdr75,Ncl,Polr1e"
GOBP_POSITIVE_REGULATION_OF_CYTOSKELETON_ORGANIZATION,8.73983758710853e-06,0.000168981398270748,0.593325476396405,0.50682247217205,1.5442824006746,193,"Edn1,Ccl21a,Ccl11,Tek,Cdc42ep2,Wnt4,Gsn,Epha1,Hspa1a,Csf3"
GOBP_DNA_STRAND_ELONGATION_INVOLVED_IN_DNA_REPLICATION,8.84823147993839e-06,0.000169771220036833,0.593325476396405,-0.840094829470675,-2.42294305144244,15,"Dna2,Gins1,Rfc4,Pole,Mcm4,Rfc3,Mcm3,Lig1,Pola1,Pold3"
GOBP_MONOUBIQUITINATED_PROTEIN_DEUBIQUITINATION,8.84302272569305e-06,0.000169771220036833,0.593325476396405,-0.62512104905427,-2.28436832919902,34,"Usp1,Taf5,Taf9,Taf6,Sf3b3,Usp15,Taf5l,Sf3b5,Asxl1,Usp7"
GOBP_INTERLEUKIN_1_PRODUCTION,9.04147897294806e-06,0.000172164828776553,0.593325476396405,0.567008356432041,1.67824483577746,106,"Ceacam1,Ccl19,Aqp4,Gbp5,Mndal,Il6,Ager,Ccl3,Serpinb1a,Lgals9"
GOBP_POSITIVE_REGULATION_OF_EPITHELIAL_CELL_PROLIFERATION,9.0295530597758e-06,0.000172164828776553,0.593325476396405,0.505839623510063,1.5401830710787,188,"Lrg1,Aplnr,Ccl11,Tek,Tgfa,Fgf1,Itgb3,Ppp1r16b,Acvrl1,Plxnb3"
GOBP_EPITHELIAL_TUBE_MORPHOGENESIS,9.11700789622824e-06,0.000172947919601281,0.593325476396405,0.465697900357423,1.44410226262229,324,"Edn1,Sox17,Aplnr,Ccl11,Foxf1,Mmrn2,Hoxb7,Fgf1,Hoxa5,Tie1"
GOBP_HEART_VALVE_DEVELOPMENT,9.17591838103626e-06,0.00017341105902808,0.593325476396405,0.618925296961294,1.76020401026081,65,"Aplnr,Tie1,Snai2,Nppa,Pde2a,Nos3,Twist1,Gja5,Tnfrsf1b,Tgfb1"
GOBP_FACE_DEVELOPMENT,9.25830252871667e-06,0.000174312684688609,0.593325476396405,0.662288096349837,1.8217272248669,48,"Cldn5,Aldh1a2,Hoxb3,Col1a1,Crispld2,Dkk1,Crispld1,Ednra,Sox3,Csrnp1"
GOBP_GLAND_MORPHOGENESIS,9.88117748568355e-06,0.000185345817987057,0.593325476396405,0.55373026281839,1.65157393510502,121,"Lims2,Ccl11,Tgfa,Ceacam1,Fgf1,Epha2,Wnt4,Id4,Snai2,Tbx3"
GOBP_CELLULAR_RESPONSE_TO_BIOTIC_STIMULUS,1.1123293506554e-05,0.00020786913181207,0.593325476396405,0.486054436718245,1.4976694464509,242,"Cxcl1,Tbxa2r,Hmgcs2,Cxcl2,Trim12c,Zfp36,Cd55,Irgm2,Nos3,Csf3"
GOBP_APICAL_JUNCTION_ASSEMBLY,1.16270473469348e-05,0.000216478396344597,0.593325476396405,0.616961847876411,1.78160185381542,74,"Cldn5,Cldn14,Esam,Pecam1,Cldn10,Epha2,Cldn11,Snai2,Cdh5,Prkch"
GOBP_BONE_REMODELING,1.19442846631059e-05,0.000221564276758057,0.593325476396405,0.58231767361093,1.70254802735308,89,"Bglap3,Bglap2,Bglap,Trf,Itgb3,Ctsk,Epha2,S1pr1,Il6,Cd38"
GOBP_MITOTIC_DNA_REPLICATION,1.20781661934237e-05,0.00022240637895363,0.593325476396405,-0.846564659968796,-2.41666742734508,14,"Rad51,Mcm6,Gins1,Cdc45,Mcm4,Mcm3,Lig1,Pola1,Brca2,Mcm2"
GOBP_NEGATIVE_REGULATION_OF_HYDROLASE_ACTIVITY,1.20739801166253e-05,0.00022240637895363,0.593325476396405,0.460215811502225,1.42746310814198,330,"Serpina1b,C3,Serpinf1,A2m,Serpina3n,Plxnb3,Spock3,Serpina3m,Pi16,Serpind1"
GOBP_EPITHELIAL_TO_MESENCHYMAL_TRANSITION_INVOLVED_IN_ENDOCARDIAL_CUSHION_FORMATION,1.23342549019089e-05,0.000226293063474074,0.593325476396405,0.794822144985075,1.88432441761468,20,"Eng,Tmem100,Snai2,Msx2,Tgfb1,Snai1,Hey2,Nog,Heyl,Tgfbr2"
GOBP_RIBOSOMAL_LARGE_SUBUNIT_ASSEMBLY,1.27421799115843e-05,0.000232927048783761,0.593325476396405,-0.684199199481697,-2.32899423194724,26,"Fastkd2,Nop2,Ppan,Ddx28,Nle1,Rplp0,Rpl11,Traf7,Mrto4,Mdn1"
GOBP_TELOMERASE_RNA_LOCALIZATION,1.30197892775822e-05,0.000237139422820311,0.593325476396405,-0.766558114184759,-2.46864696782876,19,"Ruvbl2,Dkc1,Ruvbl1,Shq1,Tcp1,Nhp2,Cct8,Cct4,Nop10,Cct5"
GOBP_NEGATIVE_REGULATION_OF_EPITHELIAL_CELL_MIGRATION,1.34409205683924e-05,0.000243926020567901,0.593325476396405,0.611079134739267,1.74790339022244,68,"Dcn,Mmrn2,Serpinf1,Tbxa2r,Acvrl1,Sp100,Angpt4,Ptprr,Jup,Klf4"
GOBP_NEGATIVE_REGULATION_OF_CELL_CYCLE_G2_M_PHASE_TRANSITION,1.38165403123581e-05,0.000249840820684259,0.593325476396405,-0.49111664168587,-2.10754300728954,61,"Plk1,Cdc6,Dtl,Cdk1,Hus1b,Orc1,Chek1,Aurkb,Clspn,Blm"
GOBP_REGULATION_OF_BONE_RESORPTION,1.39589860292726e-05,0.000251511909566858,0.593325476396405,0.67230130193323,1.81791270968603,43,"Bglap3,Bglap2,Bglap,Trf,Itgb3,S1pr1,Il6,Cd38,Iapp,Cldn18"
GOBP_AXONEME_ASSEMBLY,1.43480338932871e-05,0.000257598451362693,0.593325476396405,0.591199446806376,1.72239901199415,86,"Drc7,Pla2g3,Dnai2,Cfap46,Rsph4a,Dnah5,Ttc12,Drc1,Cfap44,Dnai3"
GOBP_POSITIVE_REGULATION_OF_DNA_REPAIR,1.48060642842046e-05,0.000264875747888599,0.593325476396405,-0.41027954702792,-1.85051828700992,94,"Eya4,Rad51ap1,Fancb,Fgf10,Ddx11,Rbbp8,Brca1,Tigar,Ruvbl2,Timeless"
GOBP_HOMOPHILIC_CELL_ADHESION_VIA_PLASMA_MEMBRANE_ADHESION_MOLECULES,1.53063244972554e-05,0.000272854231374833,0.575610261071129,0.515884268336674,1.5673736397647,163,"Esam,Ceacam1,Pecam1,Robo4,Cdh20,Plxnb3,Cdh19,Cdh5,Pcdh9,Cdh11"
GOBP_NEGATIVE_REGULATION_OF_PEPTIDASE_ACTIVITY,1.60829445343149e-05,0.000284679444274651,0.575610261071129,0.488650920734236,1.49951796735428,229,"Serpina1b,C3,Serpinf1,A2m,Serpina3n,Spock3,Serpina3m,Pi16,Serpind1,Wfdc1"
GOBP_POSITIVE_REGULATION_OF_CELL_CELL_ADHESION,1.60668776566582e-05,0.000284679444274651,0.575610261071129,0.475668487122694,1.47231592849966,275,"Ccl21a,Sele,Selp,Ccl19,Efnb3,Tnfrsf13c,Cd55,Il2ra,Il6,Egr3"
GOBP_TIGHT_JUNCTION_ORGANIZATION,1.68857451818574e-05,0.000297840845716482,0.575610261071129,0.595754109507294,1.73098406475004,79,"Cldn5,Cldn14,Esam,Pecam1,Cldn10,Epha2,Cldn11,Snai2,Cdh5,Prkch"
GOBP_REGULATION_OF_RESPONSE_TO_WOUNDING,1.70687247105444e-05,0.000300015661258415,0.575610261071129,0.519738150898282,1.57407598432215,155,"Edn1,Ceacam1,Adra2a,Tbxa2r,Cd34,Wnt4,Thbd,Wfdc1,Nos3,Fap"
GOBP_RRNA_METHYLATION,1.7247070638958e-05,0.000302094160634292,0.575610261071129,-0.724880705239199,-2.43969390245839,21,"Fbll1,Nsun5,Nop2,Emg1,Tfb2m,Ftsj3,Fbl,Dimt1,Zcchc4,Bud23"
GOBP_AORTA_DEVELOPMENT,1.7619517435536e-05,0.000306870955534787,0.575610261071129,0.63393539578254,1.78080735873998,58,"Aplnr,Eng,Acvrl1,Pde2a,Col3a1,Ednra,Tbx2,Lox,Nkx3-1,Adamts9"
GOBP_REGULATION_OF_MYELINATION,1.76418751043472e-05,0.000306870955534787,0.575610261071129,0.654824306060297,1.80119689970163,48,"Mag,Nkx6-2,Myrf,Sox10,Tppp,Zfp488,Tmem98,Klk8,Tnfrsf1b,Ncmap"
GOBP_NEGATIVE_REGULATION_OF_COAGULATION,1.83318363287065e-05,0.00031777290077382,0.575610261071129,0.652854368813467,1.80798724955952,51,"Edn1,Ceacam1,Cd34,Thbd,Nos3,Fap,Tspan8,Alox12,Plat,Procr"
GOBP_DNA_REPLICATION_INDEPENDENT_CHROMATIN_ORGANIZATION,1.85227136081984e-05,0.000319978286283207,0.575610261071129,-0.62179280059873,-2.21319716921433,32,"Asf1b,Oip5,Cenpw,Cenpp,H4c4,Nasp,Hjurp,Hat1,Mis18a,H4c16"
GOBP_REGULATION_OF_BONE_REMODELING,1.87325282592284e-05,0.000322494587531306,0.575610261071129,0.652069012194093,1.80581231618691,51,"Bglap3,Bglap2,Bglap,Trf,Itgb3,S1pr1,Il6,Cd38,Iapp,Lepr"
GOBP_REGULATION_OF_LEUKOCYTE_MEDIATED_IMMUNITY,1.89189553400463e-05,0.000324592452199361,0.575610261071129,0.486495291188704,1.4974317459098,237,"Foxf1,C3,Ceacam1,Pla2g3,Mill2,Cd55,Il6,Icam1,Cd40,Azgp1"
GOBP_BIOLOGICAL_PROCESS_INVOLVED_IN_INTERACTION_WITH_HOST,1.9128203096274e-05,0.000327066248180168,0.575610261071129,0.499193206151229,1.52016871013889,197,"Mog,Pglyrp1,Gpr15,Ace2,Itgb3,Epha2,Efnb3,Trim12c,Trim34a,Gsn"
GOBP_NEGATIVE_REGULATION_OF_CELL_ACTIVATION,1.93378697825695e-05,0.000329530411515176,0.575610261071129,0.494075433046597,1.51306021254861,219,"Pglyrp1,Adgrf5,Foxf1,Ceacam1,Lrrc32,Mill2,Thbd,Il2ra,Adora2a,Nos3"
GOBP_DEFINITIVE_HEMOPOIESIS,2.02211988815995e-05,0.000343418806681759,0.575610261071129,0.806628194438381,1.89665294745063,19,"Tek,Mfap5,Hoxb3,Hoxb4,Lyl1,Gata2,Tal1"
GOBP_POSITIVE_REGULATION_OF_ANION_TRANSPORT,2.04645465177828e-05,0.000346381398467656,0.575610261071129,0.642192274407145,1.77042625685635,50,"Edn1,Ace2,Pla2g3,Slc6a1,Cltrn,Adora2a,Cyp4f14,Agt,Abcb1a,Il1a"
GOBP_REGULATION_OF_UBIQUITIN_PROTEIN_TRANSFERASE_ACTIVITY,2.05889399913706e-05,0.000347317454149732,0.575610261071129,-0.509208775857966,-2.11029471170303,54,"Fbxo5,Plk1,Usp44,Ube2c,Bub1b,Cdc20,Bag2,Mad2l1,Cdc20b,Mastl"
GOBP_MUSCLE_CELL_PROLIFERATION,2.08189549708819e-05,0.000350023032236199,0.575610261071129,0.501070778449047,1.52550165364295,187,"Edn1,Apod,Ace2,Cnn1,S1pr1,Nos3,Gata6,Calcrl,Agt,Ptgs2"
GOBP_NUCLEOSIDE_MONOPHOSPHATE_BIOSYNTHETIC_PROCESS,2.14588894286104e-05,0.000358675118689881,0.575610261071129,-0.56600536576009,-2.16825840050572,40,"Tyms,Tk1,Shmt1,Dctd,Umps,Ada,Dut,Dck,Cad,Prps2"
GOBP_REGULATION_OF_CELL_CELL_ADHESION,2.15476200207567e-05,0.000358675118689881,0.575610261071129,0.441134354567187,1.37571054644658,439,"Ccl21a,Sele,Ceacam1,Lrrc32,Selp,Ccl19,Efnb3,Wnt4,Tnfrsf13c,Mbp"
GOBP_SKIN_DEVELOPMENT,2.15476200207567e-05,0.000358675118689881,0.575610261071129,0.481253397764635,1.481813689524,241,"Fa2h,Hoxa7,Col1a2,Epha2,Foxq1,Col1a1,Itgb4,Zfp36,Adamts2,Gata6"
GOBP_ANATOMICAL_STRUCTURE_HOMEOSTASIS,2.19442742268158e-05,0.000361684808321977,0.575610261071129,0.465500866507185,1.44244403897475,320,"Cytl1,Bglap3,Cldn5,Bglap2,Adgrf5,Bglap,Trf,Esam,Itgb3,Serpina3n"
GOBP_CYTOPLASMIC_TRANSLATIONAL_INITIATION,2.18462894760135e-05,0.000361684808321977,0.575610261071129,-0.672370008591697,-2.28872800922689,26,"Rbm4,Slbp,Eif3i,Rpl13a,Denr,Mettl3,Eif3m,Ythdf2,Eif5,Eif3d"
GOBP_DEFENSE_RESPONSE_TO_GRAM_POSITIVE_BACTERIUM,2.18976321226167e-05,0.000361684808321977,0.575610261071129,0.552513547479522,1.63395942262233,103,"Pglyrp1,Gbp4,Rarres2,Epha2,Gbp9,Gbp2,Il6,Tnfsf8,Gbp10,Gbp7"
GOBP_CARDIAC_CHAMBER_DEVELOPMENT,2.22970838851113e-05,0.000365105670001481,0.575610261071129,0.509427205388245,1.54913754089216,165,"Aplnr,Tek,Foxf1,Eng,Tbx3,Pde2a,Nos3,Gata6,Dsp,Msx2"
GOBP_SENSORY_PERCEPTION_OF_SMELL,2.22970838851113e-05,0.000365105670001481,0.575610261071129,0.449661708013101,1.39770169823059,375,"Or51e1,Or51e2,Ncam2,Or5v1b,Or9a7,Omp,Or4e1,Syt10,Or5h19,Pde4a"
GOBP_HISTONE_MRNA_METABOLIC_PROCESS,2.23852649398601e-05,0.000365359502768431,0.575610261071129,-0.70195188567797,-2.37171728211545,24,"Slbp,Cpsf2,Ncbp1,Ssb,Exosc4,Lsm1,Dcp2,Tut4,Eri1,Mtpap"
GOBP_POSITIVE_REGULATION_OF_RESPONSE_TO_CYTOKINE_STIMULUS,2.31528848226104e-05,0.000376665216839037,0.575610261071129,0.616785647826228,1.75190391627658,63,"Edn1,Zbp1,Irgm2,Hspa1a,Casp4,Hspa1b,Il1r1,Csf1,Ifih1,Irf7"
GOBP_NEGATIVE_REGULATION_OF_WOUND_HEALING,2.38076314667938e-05,0.000386067623817976,0.575610261071129,0.60513770778712,1.73879166784272,71,"Edn1,Ceacam1,Cd34,Wnt4,Thbd,Wfdc1,Nos3,Fap,Tspan8,Alox12"
GOBP_TUMOR_NECROSIS_FACTOR_SUPERFAMILY_CYTOKINE_PRODUCTION,2.5695347546868e-05,0.000415339267260789,0.575610261071129,0.511656595663771,1.55392916897054,168,"Il33,Ccl19,Cd34,Zfp36,Irak3,Cidea,Twist1,Il6,Ager,Cd14"
GOBP_CYCLIC_NUCLEOTIDE_METABOLIC_PROCESS,2.5919270241165e-05,0.000417615934302361,0.575610261071129,0.688214672833321,1.83100251525551,39,"Epha2,Cnp,Adcy4,Nppa,Pde2a,Nppb,Pthlh,Adcy5,Gucy1a2,Pde8a"
GOBP_MONOCARBOXYLIC_ACID_TRANSPORT,2.6227822430642e-05,0.000419895743181011,0.575610261071129,0.541686848874586,1.61478977687072,114,"Edn1,Slco1c1,Ceacam1,Slco2b1,Pla2g3,Atp8b1,Slc10a6,Slc16a4,Slc16a9,Slco1a5"
GOBP_REGULATION_OF_MACROPHAGE_ACTIVATION,2.62028696897488e-05,0.000419895743181011,0.575610261071129,0.640881777215194,1.79221406130533,57,"Adgrf5,Il33,Il6,Ccl3,Tlr4,Syt11,Havcr2,Lbp,Cd200,Gpr137b"
GOBP_CHROMOSOME_ORGANIZATION_INVOLVED_IN_MEIOTIC_CELL_CYCLE,2.63569075744121e-05,0.000420622775798634,0.575610261071129,-0.443922406059759,-1.93279954717374,72,"Ccnb1ip1,Msh5,Trip13,Ccne2,Sgo2a,Sgo1,Bub1,Mei4,Brip1,Bub1b"
GOBP_NEGATIVE_REGULATION_OF_IMMUNE_EFFECTOR_PROCESS,2.74151006924627e-05,0.000436125668294335,0.575610261071129,0.542964292599442,1.62047888325764,122,"Pglyrp1,Foxf1,A2m,Ceacam1,Mill2,Cd55,Irak3,Enpp3,Il13ra2,Lgals9"
GOBP_MESENCHYME_DEVELOPMENT,2.754334484115e-05,0.00043678357891628,0.575610261071129,0.466201640131739,1.44211160031791,287,"Edn1,Aplnr,Foxf1,Edn3,Sox10,Hoxa5,Eng,Wnt4,Aldh1a2,Acvrl1"
GOBP_HEART_PROCESS,2.79180784853008e-05,0.000441333901086815,0.575610261071129,0.479249111490957,1.47711392225052,244,"Edn1,Ace2,Edn3,Kcna5,Epas1,Pln,Gjc3,Gsn,Nppa,Gstm7"
GOBP_ADENYLATE_CYCLASE_ACTIVATING_G_PROTEIN_COUPLED_RECEPTOR_SIGNALING_PATHWAY,2.82928122049751e-05,0.00044569963428348,0.575610261071129,0.519552204639887,1.57160308274455,148,"Adgrl4,Adra2a,Tbxa2r,Lpar3,Pln,S1pr5,Gpr4,S1pr4,Adcy4,Aplp1"
GOBP_REGULATION_OF_PHOSPHATIDYLINOSITOL_3_KINASE_SIGNALING,2.83715701155189e-05,0.00044569963428348,0.575610261071129,0.549651660268192,1.62549590603207,103,"Dcn,Tek,Ceacam1,Flt1,Selp,Ppp1r16b,Prr5l,Osm,Csf3,Sema4d"
GOBP_CALCIUM_ION_TRANSPORT,3.01664818376994e-05,0.000472420262299423,0.575610261071129,0.44017464121113,1.37156265872351,408,"Edn1,Aplnr,Plp1,Gja4,Ccl21a,Gjc2,Adra2a,Ccl19,Pkd2l1,Pln"
GOBP_GLAND_DEVELOPMENT,3.09159501266845e-05,0.000480153999284351,0.557332238758646,0.439468318917989,1.37006508378422,427,"Fa2h,Edn1,Nkx2-9,Lims2,Ccl11,Foxf1,Tgfa,Serpinf1,Ceacam1,Sox10"
GOBP_NEGATIVE_REGULATION_OF_INFLAMMATORY_RESPONSE,3.09468660768111e-05,0.000480153999284351,0.557332238758646,0.523056141251493,1.57932489632713,145,"Pglyrp1,Tek,Foxf1,Serpinf1,Ptgis,Zfp36,Wfdc1,Il2ra,Adora2a,Cdh5"
GOBP_REGULATION_OF_HEART_CONTRACTION,3.09468660768111e-05,0.000480153999284351,0.557332238758646,0.492606317110594,1.50043154884172,198,"Edn1,Ace2,Edn3,Kcna5,Epas1,Pln,Gjc3,Nppa,Gstm7,Nos3"
GOBP_NUCLEAR_TRANSCRIBED_MRNA_CATABOLIC_PROCESS_DEADENYLATION_DEPENDENT_DECAY,3.17039292803792e-05,0.000490386623053742,0.557332238758646,-0.469181694443448,-2.00060300670702,63,"Nanos3,Dis3,Ago2,Pnldc1,Exosc8,Ybx1,Exosc3,Syncrip,Cnot1,Hnrnpd"
GOBP_CD4_POSITIVE_ALPHA_BETA_T_CELL_ACTIVATION,3.22124837976256e-05,0.000496724405063387,0.557332238758646,0.558382729076302,1.64748212703283,99,"Ccl19,Cd55,Il6,Tmem98,Ager,Batf,Il18,Lgals9,Jak3,Nkx2-3"
GOBP_TOLL_LIKE_RECEPTOR_SIGNALING_PATHWAY,3.61121837740866e-05,0.000555155803768603,0.557332238758646,0.542229428588017,1.61727117196874,121,"Tril,Irak3,Cd40,Cd14,Lgals9,Tlr3,Irf7,Oas1a,Pira13,Rab7b"
GOBP_MITOCHONDRIAL_TRANSCRIPTION,3.67209844196422e-05,0.000562793867919333,0.557332238758646,-0.754656805373364,-2.35495758332659,18,"Ppargc1b,Chchd10,Mrpl12,Mtres1,Tfam,Tefm,Tfb2m,Slc25a33,Twnk,Mterf1b"
GOBP_CARDIAC_MUSCLE_TISSUE_DEVELOPMENT,3.81502445101732e-05,0.000581155391371638,0.557332238758646,0.481597251416557,1.47196565156042,215,"Edn1,Myh11,Eng,Aldh1a2,Gjb6,Pln,Pi16,Tbx3,Nppa,S1pr1"
GOBP_REGULATION_OF_MYELOID_CELL_DIFFERENTIATION,3.80739440211528e-05,0.000581155391371638,0.557332238758646,0.496452693066403,1.51350450029404,199,"Bglap3,Bglap2,Bglap,Hoxa7,Ceacam1,Hoxa5,Pla2g3,Il34,Zfp36,Isg15"
GOBP_POSITIVE_REGULATION_OF_NF_KAPPAB_TRANSCRIPTION_FACTOR_ACTIVITY,3.88132209005677e-05,0.000589467429824621,0.557332238758646,0.518322351387731,1.56876539503653,152,"Trim12c,Trim34a,S100a8,Irak3,Hspa1a,Agt,Prkch,Il6,Hspa1b,Traf1"
GOBP_VASOCONSTRICTION,3.89304131095632e-05,0.000589467429824621,0.557332238758646,0.584444212457667,1.70137984689528,81,"Edn1,Ace2,Edn3,Kcna5,Adra2a,Tbxa2r,Hrh1,Cysltr1,Agt,Htr2a"
GOBP_CYTOCHROME_COMPLEX_ASSEMBLY,3.96328461729831e-05,0.000598301254389147,0.557332238758646,-0.619066862858071,-2.24025903240192,33,"Fastkd3,Cyba,Sco1,Uqcrfs1,Slc25a33,Oxa1l,Cox15,Uqcc1,Cox10,Cox19"
GOBP_POSITIVE_REGULATION_OF_GTPASE_ACTIVITY,4.10310540013446e-05,0.000617554216960357,0.557332238758646,0.474502352539785,1.46291567560862,249,"Ccl21a,Ccl11,Ccl19,Epha2,Rasgrp3,Wnt4,Ccl7,S1pr1,Epha1,Dock10"
GOBP_RESPONSE_TO_TRANSFORMING_GROWTH_FACTOR_BETA,4.17286038459752e-05,0.000626178183682738,0.557332238758646,0.472799791549965,1.45749830139496,246,"Lrg1,Edn1,Cldn5,Ceacam1,Lrrc32,Col1a2,Dusp15,Eng,Wnt4,Acvrl1"
GOBP_SCHWANN_CELL_DIFFERENTIATION,4.18855269759657e-05,0.000626662333655296,0.557332238758646,0.675186760317251,1.7813729681255,37,"Fa2h,Sh3tc2,Itgb4,Myoc,Adgrg6,Erbb3,Ncmap,Pou3f1,Egr2,Arhgef10"
GOBP_REGULATION_OF_CELL_JUNCTION_ASSEMBLY,4.25096112398817e-05,0.000634112212768206,0.557332238758646,0.491607898591639,1.49706954318954,197,"Aplnr,Cldn5,Apod,Ace2,Tek,Lrrn1,Epha2,Wnt4,Acvrl1,Lrrc4b"
GOBP_OUTFLOW_TRACT_MORPHOGENESIS,4.50698460818404e-05,0.00067031395341246,0.557332238758646,0.578910235572637,1.68223232922044,78,"Edn1,Sox17,Cldn5,Eng,Tbx3,Gata6,Msx2,Twist1,Ednra,Tbx2"
GOBP_CELLULAR_EXTRAVASATION,4.6206042861794e-05,0.000685185184266189,0.557332238758646,0.596767968540384,1.71371699118857,70,"Ccl21a,Sele,Selp,Pecam1,Cxcl12,Icam1,Ager,Il1r1,Bst1,Pdgfd"
GOBP_REGULATION_OF_GLIOGENESIS,4.85092278741748e-05,0.00071511990769348,0.557332238758646,0.575165564190463,1.68685197152133,93,"Mag,Gjc2,Nkx6-2,Sox10,Nkx6-1,Daam2,Id4,Il34,Aspa,Nkx2-2"
GOBP_RESPONSE_TO_ALCOHOL,4.84238519802816e-05,0.00071511990769348,0.557332238758646,0.480590424427818,1.47576156436891,230,"Bglap3,Cldn5,Bglap2,Bglap,Ccl21a,A2m,Fosb,Tbxa2r,Ccl19,Hmgcs2"
GOBP_REGULATION_OF_WOUND_HEALING,4.95596100599674e-05,0.00072846830342531,0.557332238758646,0.529492952417358,1.58368526725274,125,"Edn1,Ceacam1,Adra2a,Tbxa2r,Cd34,Wnt4,Thbd,Wfdc1,Nos3,Fap"
GOBP_REGULATION_OF_EPITHELIAL_CELL_DIFFERENTIATION,4.99523669551445e-05,0.000732100725024814,0.557332238758646,0.521702064309385,1.57186935226421,141,"Cldn5,Hoxa7,Ceacam1,Nkx6-1,Acvrl1,Tmem100,Apold1,Zfp36,Tbx3,Cdh5"
GOBP_RNA_POLYADENYLATION,5.02681508359712e-05,0.000734587192594266,0.557332238758646,-0.519897042504669,-2.11908733764246,48,"Zc3h14,Nudt21,Cstf3,Cpsf2,Ncbp1,Grsf1,Cstf2,Pnpt1,Cpsf6,Clp1"
GOBP_MITOTIC_G2_DNA_DAMAGE_CHECKPOINT_SIGNALING,5.08250122369997e-05,0.000740571989899703,0.557332238758646,-0.561081288817413,-2.04061210833223,35,"Plk1,Dtl,Cdk1,Chek1,Clspn,Blm,Ticrr,Brca1,Mre11a,Topbp1"
GOBP_POSITIVE_REGULATION_OF_ERK1_AND_ERK2_CASCADE,5.13809779979125e-05,0.000742218897688236,0.557332238758646,0.492892470899306,1.50323489370619,200,"Ccl21a,Ccl11,Tek,Fgf1,Ccl19,Flt4,Ccl7,Htr2a,Icam1,Ager"
GOBP_REGULATION_OF_OLIGODENDROCYTE_DIFFERENTIATION,5.11386604029852e-05,0.000742218897688236,0.557332238758646,0.667227206112321,1.7809136310706,40,"Opalin,Dusp15,Daam2,Id4,Slc45a3,Il34,Aspa,Nkx2-2,Zfp488,Tmem98"
GOBP_RESPONSE_TO_XENOBIOTIC_STIMULUS,5.13296483495629e-05,0.000742218897688236,0.557332238758646,0.440263899547554,1.3693509127027,391,"Edn1,Bglap3,Bglap2,Bglap,Tgfa,Fmo2,Sox10,Fosb,Tbxa2r,Nkx6-1"
GOBP_POSITIVE_REGULATION_OF_HEMOPOIESIS,5.28595421421744e-05,0.000761389450855904,0.557332238758646,0.503817099419282,1.52978127191869,159,"Ccl19,Pla2g3,Il34,Il2ra,Egr3,Ager,Il18,Fos,Csf1,Lgals9"
GOBP_POSITIVE_REGULATION_OF_VASOCONSTRICTION,5.36849800224852e-05,0.00076887291901149,0.557332238758646,0.693064498065539,1.80029905255001,32,"Tbxa2r,Hrh1,Cysltr1,Htr2a,Ptgs2,Cd38,Gja5,Faah,Dbh,Casr"
GOBP_REGULATION_OF_T_CELL_ACTIVATION,5.35452791915714e-05,0.00076887291901149,0.557332238758646,0.45422919033191,1.40912882566498,331,"Ccl21a,Ceacam1,Lrrc32,Ccl19,Efnb3,Tnfrsf13c,Cd55,Il2ra,Adora2a,Il6"
GOBP_CENTRIOLE_ASSEMBLY,5.4309188431031e-05,0.000775603097280662,0.557332238758646,-0.523165512712774,-2.12657945209417,47,"Plk4,Mdm1,Stil,Brca1,Cdk2,Npm1,Cep192,Poc1b,Alms1,Nup62"
GOBP_VASCULAR_ASSOCIATED_SMOOTH_MUSCLE_CONTRACTION,5.53415451203219e-05,0.000788107499489683,0.557332238758646,0.742418850959012,1.85791944128915,25,"Edn1,Edn3,Agt,Htr2a,Cd38,Ednra,Adra2b,Comp"
GOBP_MULTI_MULTICELLULAR_ORGANISM_PROCESS,5.65559553384074e-05,0.000800864190101899,0.557332238758646,0.490098330072762,1.49534468351614,201,"Edn1,Gjb2,Ace2,Ceacam1,Adra2a,Fosb,Clic5,Wnt4,Thbd,Itgb4"
GOBP_REGULATION_OF_NERVOUS_SYSTEM_DEVELOPMENT,5.64994558825249e-05,0.000800864190101899,0.557332238758646,0.433518053399683,1.35162698988427,428,"Mag,Gjc2,Ccl11,Nkx6-2,Lrrn1,Myrf,Serpinf1,Sox10,Tppp,Nkx6-1"
GOBP_SMOOTH_MUSCLE_CELL_PROLIFERATION,5.80926142353418e-05,0.000820313403823212,0.557332238758646,0.522775315386002,1.57270398071348,137,"Edn1,Apod,Ace2,Cnn1,S1pr1,Nos3,Calcrl,Agt,Ptgs2,Il6"
GOBP_REGULATION_OF_TRANSLATIONAL_INITIATION,5.87274993640235e-05,0.00082695557227716,0.557332238758646,-0.42757811326998,-1.88920007464311,77,"Rbm4,Bzw2,Eif4ebp1,Npm1,Ago2,Boll,Ncbp1,Rpl13a,Eif2s1,Mtif2"
GOBP_T_CELL_MIGRATION,5.99530182036224e-05,0.000841854252820139,0.557332238758646,0.609470184832431,1.73878384773632,66,"Gpr15,Apod,Ccl21a,S1pr1,Cxcl12,Icam1,Ccl3,Ripk3,Ecm1,Cd200"
GOBP_REGULATION_OF_DNA_BINDING_TRANSCRIPTION_FACTOR_ACTIVITY,6.01921798092772e-05,0.000842858183568904,0.557332238758646,0.432082166737442,1.34640213682409,419,"Cytl1,Edn1,Nkx6-1,Ptgis,Trim12c,Trim34a,Sp100,S100a8,Irak3,Hspa1a"
GOBP_TONIC_SMOOTH_MUSCLE_CONTRACTION,6.22224620800365e-05,0.000868867546878733,0.538434096309916,0.88803245093942,1.90224296676439,11,"Edn1,Edn3,Agt,Htr2a,Cd38,Ednra,Mylk"
GOBP_RNA_DEPENDENT_DNA_BIOSYNTHETIC_PROCESS,6.32535184166794e-05,0.000878385185305655,0.538434096309916,-0.447646250398338,-1.97425054765226,70,"Pif1,Aurkb,Nek2,Dkc1,Mre11a,Tinf2,Acd,Tert,Hnrnpa1,Tcp1"
GOBP_T_CELL_ACTIVATION,6.31463610285787e-05,0.000878385185305655,0.538434096309916,0.428233037856768,1.33416641268552,479,"Ccl21a,Ceacam1,Lrrc32,Ccl19,Efnb3,Wnt4,Mill2,Tnfrsf13c,Gsn,Cd55"
GOBP_REGULATION_OF_TELOMERE_MAINTENANCE,6.35912655372079e-05,0.000880642677288001,0.538434096309916,-0.425970795184293,-1.92680863205494,80,"Pif1,Aurkb,Nek2,Dkc1,Mre11a,Tinf2,Acd,Gnl3,Hnrnpa1,Tcp1"
GOBP_VASCULAR_ENDOTHELIAL_GROWTH_FACTOR_RECEPTOR_SIGNALING_PATHWAY,6.56889835778698e-05,0.000907193737488878,0.538434096309916,0.630911049310771,1.75370697531254,53,"Clec14a,Mmrn2,Itgb3,Flt1,Flt4,Tmem204,Sulf1,Cadm4,Hhex,Kdr"
GOBP_EYE_PHOTORECEPTOR_CELL_DIFFERENTIATION,6.67830700586958e-05,0.000919776693657709,0.538434096309916,-0.521952076010577,-2.0453940650246,45,"Pde6c,Nrl,Gngt1,Tulp1,Nr2e3,Rpgrip1,Gnat1,Pax6,Thrb,Hcn1"
GOBP_REGULATION_OF_MYELOID_LEUKOCYTE_DIFFERENTIATION,6.9541028902275e-05,0.000955144131944635,0.538434096309916,0.539675641012396,1.60832469637915,115,"Bglap3,Bglap2,Bglap,Hoxa7,Ceacam1,Pla2g3,Il34,Inhba,Fos,Ccl3"
GOBP_RNA_DESTABILIZATION,7.00086304388514e-05,0.00095894655372236,0.538434096309916,-0.392622391194054,-1.79271586876129,93,"Lin28b,Nanos3,Dis3,Ago2,Pnldc1,Exosc8,Ybx1,Exosc3,Syncrip,Cnot1"
GOBP_INNER_MITOCHONDRIAL_MEMBRANE_ORGANIZATION,7.07054983227722e-05,0.000965860163229826,0.538434096309916,-0.538446436873914,-2.06268541006923,40,"Timm9,Chchd10,Timm8a1,Hspa9,Timm10,Agk,Maip1,Cibar1,Immt,Afg3l2"
GOBP_MRNA_SPLICE_SITE_SELECTION,7.26641276536887e-05,0.000988382380836641,0.538434096309916,-0.606634725452217,-2.14653522483883,31,"Celf4,Celf6,Isy1,Srsf1,Srsf10,Celf3,Sf3a3,Srsf6,Psip1,Celf1"
GOBP_REGULATION_OF_CELLULAR_RESPONSE_TO_GROWTH_FACTOR_STIMULUS,7.27474598984598e-05,0.000988382380836641,0.538434096309916,0.457429121559636,1.41502482553181,285,"Lrg1,Dcn,Mmrn2,Fgf1,Itgb3,Eng,Wnt4,Acvrl1,Aspn,Grem2"
GOBP_REGULATION_OF_ORGANIC_ACID_TRANSPORT,7.44637627017096e-05,0.00100897394906063,0.538434096309916,0.591852779541928,1.69960222071562,70,"Edn1,Ace2,Pla2g3,Slc6a1,Cltrn,Adora2a,Cyp4f14,Sv2a,Agt,Htr1b"
GOBP_ACUTE_PHASE_RESPONSE,7.51755925169872e-05,0.00101044840530186,0.538434096309916,0.624956603097612,1.73920943732232,54,"Serpina1b,A2m,Serpina3n,Serpina3m,Serpina3c,Serpina1e,Ptgs2,Il6,Serpina3k,Sigirr"
GOBP_RESPONSE_TO_RETINOIC_ACID,7.50492703798357e-05,0.00101044840530186,0.538434096309916,0.533674574885341,1.58498249612834,109,"Gjb2,Serpinf1,Tie1,Wnt3,Aldh1a2,Mill2,Col1a1,Gata6,Dkk1,Wnt6"
GOBP_SECRETION_BY_TISSUE,7.49274694515587e-05,0.00101044840530186,0.538434096309916,-0.546766734530848,-2.0846928431473,38,"Slc4a5,Agr2,Sct,Aqp1,Nlrp6,Npr3,P2ry2,Fgf10,Ada,Wnk4"
GOBP_MICROTUBULE_BUNDLE_FORMATION,7.54910089807246e-05,0.00101198213905627,0.538434096309916,0.528632512961323,1.57672223124672,118,"Tppp,Drc7,Pla2g3,Dnai2,Cfap46,Rsph4a,Dnah5,Ttc12,Ttll6,Drc1"
GOBP_PROTEIN_LOCALIZATION_TO_MICROTUBULE_ORGANIZING_CENTER,7.75666162142684e-05,0.00103704090348172,0.538434096309916,-0.552212896217598,-2.00835840520346,35,"Aurka,Stil,Wrap73,Spag5,Mcph1,Cep192,Nup62,Nedd1,Cep83,Ccdc14"
GOBP_DNA_TEMPLATED_TRANSCRIPTION_ELONGATION,7.84459156106723e-05,0.00104049503370673,0.538434096309916,-0.408201079739359,-1.80141305927841,76,"Ezh2,Hmgn1,Polr1e,Thoc1,Larp7,Wdr43,Gtf2f2,Tsfm,Tefm,Supt16"
GOBP_INTERLEUKIN_8_PRODUCTION,7.8215815290379e-05,0.00104049503370673,0.538434096309916,0.562028887410749,1.63624667524461,84,"Hspa1a,Il6,Hspa1b,Klf4,Cd14,Afap1l2,Lgals9,C5ar2,Tlr3,Otud7b"
GOBP_REGULATION_OF_MACROPHAGE_MIGRATION,7.84340830198638e-05,0.00104049503370673,0.538434096309916,0.671087676072744,1.78543595675962,39,"Rarres2,Il34,Mtus1,Ccl3,Csf1,Mdk,Cd200,Thbs1,Cxcl17,Cyp19a1"
GOBP_BLOOD_VESSEL_ENDOTHELIAL_CELL_PROLIFERATION_INVOLVED_IN_SPROUTING_ANGIOGENESIS,7.92404380300021e-05,0.00104551622566095,0.538434096309916,0.745653405480413,1.84786443351538,24,"Aplnr,Mmrn2,Ppp1r16b,Epha2,Acvrl1,Gata2,Sema5a,Thbs1,Dll4,Il12b"
GOBP_REGULATION_OF_NIK_NF_KAPPAB_SIGNALING,7.90588971807844e-05,0.00104551622566095,0.538434096309916,0.558052705158592,1.64682283322595,96,"Edn1,Ccl19,Ager,Cd14,Il18,C1qtnf3,Lgals9,Tlr3,Tlr4,Havcr2"
GOBP_BIOLOGICAL_PROCESS_INVOLVED_IN_SYMBIOTIC_INTERACTION,8.07853001885366e-05,0.00106033343093413,0.538434096309916,0.454695431586003,1.40654276787919,289,"Mog,Pglyrp1,Gpr15,Ace2,Itgb3,Epha2,Efnb3,Trim12c,Trim34a,Gsn"
GOBP_REGULATION_OF_ACTIN_FILAMENT_ORGANIZATION,8.07853001885366e-05,0.00106033343093413,0.538434096309916,0.466648290763542,1.44010343505172,261,"Ccl21a,Ccl11,Esam,Cdc42ep2,Wnt4,Daam2,Gsn,Tmeff2,S1pr1,Epha1"
GOBP_MESODERMAL_CELL_DIFFERENTIATION,8.28302984125277e-05,0.00108434351593692,0.538434096309916,0.71114074782114,1.82932590062927,30,"Foxf1,Itgb3,Itgb4,Dkk1,Inhba,Klf4,Nodal,Foxc2,Tal1,Itga8"
GOBP_RESPIRATORY_SYSTEM_DEVELOPMENT,8.37801012010098e-05,0.00109328130026238,0.538434096309916,0.489002888661112,1.49137235555111,200,"Nkx2-9,Foxf1,Fgf1,Hoxa5,Hmgcs2,Aldh1a2,Epas1,Flt4,Klf2,Crispld2"
GOBP_RESPONSE_TO_CORTICOSTEROID,8.39479971954006e-05,0.00109328130026238,0.538434096309916,0.503538855911929,1.52577386887011,156,"Edn1,Bglap3,Gjb2,Bglap2,Bglap,Serpinf1,Lcat,A2m,Fosb,Hmgcs2"
GOBP_REGULATION_OF_DNA_TEMPLATED_TRANSCRIPTION_ELONGATION,8.55198251487033e-05,0.00111087380109181,0.538434096309916,-0.470054634807788,-1.98897471494498,55,"Ezh2,Hmgn1,Thoc1,Larp7,Wdr43,Tsfm,Supt16,Nelfa,Tcerg1,Ell3"
GOBP_CHONDROCYTE_DIFFERENTIATION,8.60980909418701e-05,0.0011155028432082,0.538434096309916,0.537430915113319,1.59561487786254,110,"Cytl1,Mustn1,Acvrl1,Snai2,Msx2,Col3a1,Sulf1,Gpld1,Efemp1,Arid5a"
GOBP_REGULATION_OF_CELL_KILLING,8.66230793012717e-05,0.00111654928114742,0.538434096309916,0.547664917034583,1.61585972386711,99,"Cfh,Ceacam1,Mill2,Cd55,Icam1,Azgp1,Ager,Cxcl5,Lgals9,Pik3r6"
GOBP_REGULATION_OF_MAP_KINASE_ACTIVITY,8.66075119584308e-05,0.00111654928114742,0.538434096309916,0.489138962239291,1.4879476344468,184,"Edn1,Edn3,Tgfa,Adra2a,Fgf1,Flt1,Ccl19,Il34,Nppa,Irak3"
GOBP_ANTERIOR_POSTERIOR_PATTERN_SPECIFICATION,8.82393688536082e-05,0.00113447393152708,0.538434096309916,0.479629953550121,1.46478306960797,206,"Sox17,Hoxa7,Foxf1,Hoxb7,Hoxd8,Hoxa5,Hoxa4,Hoxb5,Wnt3,Aldh1a2"
GOBP_CARDIAC_EPITHELIAL_TO_MESENCHYMAL_TRANSITION,8.87662848394348e-05,0.00113833702522408,0.538434096309916,0.669856618416142,1.76486164008854,36,"Eng,Acvrl1,Tmem100,Snai2,Tbx3,Msx2,Twist1,Wnt2,Tgfb1,Rtn4"
GOBP_REGULATION_OF_ACTOMYOSIN_STRUCTURE_ORGANIZATION,8.95844811836937e-05,0.00114299793632088,0.538434096309916,0.540478744243355,1.59110670263227,95,"Edn1,Wnt4,Tmeff2,S1pr1,Epha1,Lpar1,Rhoc,Sorbs3,Pak1,Myoc"
GOBP_REGULATION_OF_LEUKOCYTE_PROLIFERATION,8.95186214260075e-05,0.00114299793632088,0.538434096309916,0.469086737747001,1.44615178131066,243,"Il33,Lrrc32,Ccl19,Il34,Tnfrsf13c,Cd55,Il2ra,Mndal,Il6,Mpl"
GOBP_MITOTIC_SISTER_CHROMATID_COHESION,9.01131106018792e-05,0.00114683191644468,0.538434096309916,-0.626286268165301,-2.21869177417623,28,"Sgo1,Haspin,Cdca5,Cdc20,Dscc1,Macroh2a1,Naa50,Naa10,Slf1,Rad21"
GOBP_POSITIVE_REGULATION_OF_CALCIUM_ION_TRANSPORT,9.17071008379773e-05,0.00116417069674877,0.538434096309916,0.526804492184905,1.5705368540789,119,"Aplnr,Plp1,Gjc2,Gstm7,Cxcl12,Jph2,F2rl3,Ccl3,Jak3,Trpc1"
GOBP_CENTROSOME_DUPLICATION,9.36269548972005e-05,0.00118554836843382,0.538434096309916,-0.422729618479494,-1.82267731305616,74,"Ccnf,Plk4,Mdm1,Gen1,Ndc80,Stil,Brca1,Cdk2,Npm1,Brca2"
GOBP_POSITIVE_REGULATION_OF_EXTRINSIC_APOPTOTIC_SIGNALING_PATHWAY,9.46231679487154e-05,0.00119515242532209,0.538434096309916,0.636535536591113,1.75742095489733,49,"Mal,Tnfsf10,Agt,Inhba,Agtr2,Ret,Itm2c,Pea15a,Atf3,Thbs1"
GOBP_POSITIVE_REGULATION_OF_CELL_ACTIVATION,9.53408464326585e-05,0.00120119908525558,0.538434096309916,0.430938423508172,1.34392569041197,447,"Ccl21a,Il33,Selp,Ccl19,Efnb3,Pla2g3,Tnfrsf13c,Cd55,Il2ra,Il6"
GOBP_NEGATIVE_REGULATION_OF_VIRAL_PROCESS,9.56044504276326e-05,0.00120150893074927,0.538434096309916,0.55444950628317,1.62687294879166,92,"Trim12c,Gsn,Zfp36,Isg15,Mx2,Ch25h,Trim5,Ifitm1,Slpi,Ifih1"
GOBP_POSITIVE_REGULATION_OF_TELOMERASE_RNA_LOCALIZATION_TO_CAJAL_BODY,9.90838745198374e-05,0.00124213126486589,0.538434096309916,-0.791771273943943,-2.28357161505559,15,"Ruvbl2,Dkc1,Ruvbl1,Shq1,Tcp1,Nhp2,Cct8,Cct4,Nop10,Cct5"
GOBP_NEGATIVE_REGULATION_OF_VIRAL_GENOME_REPLICATION,9.95542105618251e-05,0.00124374615892354,0.538434096309916,0.62117237041458,1.7124775841175,50,"Isg15,Mx2,Ifitm1,Slpi,Ifih1,Oas1a,Oas2,Rsad2,Trim6,Isg20"
GOBP_ORGANIC_ACID_TRANSPORT,9.97075198023051e-05,0.00124374615892354,0.538434096309916,0.447955964526497,1.38822436833379,315,"Edn1,Ace2,Slc38a5,Slco1c1,Ceacam1,Slco2b1,Pla2g3,Slc13a3,Slc26a3,Slc6a20a"
GOBP_POSITIVE_REGULATION_OF_ENDOTHELIAL_CELL_PROLIFERATION,0.000100051081967044,0.00124494254714933,0.538434096309916,0.563785684593575,1.65347693391681,93,"Lrg1,Aplnr,Ccl11,Tek,Itgb3,Ppp1r16b,Acvrl1,Plxnb3,Flt4,Cxcl12"
GOBP_GAP_JUNCTION_ASSEMBLY,0.000105570214951802,0.00130714647921849,0.538434096309916,0.791296258010215,1.83462199018429,17,"Gjb1,Aplnr,Gjb2,Ace2,Gjb6,Agt,Gja5,Gjc1,Tbx5"
GOBP_INTEGRIN_MEDIATED_SIGNALING_PATHWAY,0.000105443593897584,0.00130714647921849,0.538434096309916,0.538543644412631,1.59399430330017,106,"Lims2,Ceacam1,Itgb3,Itgb4,Isg15,Col3a1,Bst1,Sema7a,Emp2,Dab2"
GOBP_HEART_VALVE_MORPHOGENESIS,0.000106706260746444,0.00131796651786824,0.538434096309916,0.613561520559614,1.70850816126275,55,"Tie1,Snai2,Nppa,Nos3,Twist1,Gja5,Tgfb1,Adamts9,Snai1,Ccn1"
GOBP_NIK_NF_KAPPAB_SIGNALING,0.000107955949014873,0.00133013371494551,0.538434096309916,0.528862650940433,1.57740298516109,121,"Edn1,Ccl19,Ager,Cd14,Il18,C1qtnf3,Lgals9,Tlr3,Ripk3,Tlr4"
GOBP_PROTEIN_IMPORT_INTO_MITOCHONDRIAL_MATRIX,0.00010980601622728,0.00134962064443652,0.538434096309916,-0.712517371171933,-2.29461252228681,19,"Timm50,Dnajc15,Timm23,Tomm70a,Timm44,Grpel1,Tomm40,Pam16,Grpel2,Tomm20"
GOBP_AMINOGLYCAN_METABOLIC_PROCESS,0.00011360197817251,0.00138998270065914,0.538434096309916,0.517507687104622,1.55062413039175,128,"Pglyrp1,Dcn,B3gnt3,Spock3,B3gnt6,Hs3st1,Itih5,B3gnt9,Ndnf,Itih3"
GOBP_GLOMERULUS_DEVELOPMENT,0.00011364290630016,0.00138998270065914,0.538434096309916,0.600943879569595,1.71445878271945,66,"Tek,Pecam1,Cd34,Gpr4,Sulf1,Ednra,Enpep,Agtr2,Notch3,Pdgfd"
GOBP_SCHWANN_CELL_DEVELOPMENT,0.000115882392403574,0.00141393394808924,0.538434096309916,0.688539542350204,1.77682803860739,31,"Fa2h,Sh3tc2,Itgb4,Myoc,Adgrg6,Ncmap,Pou3f1,Arhgef10,Nrg1,Ndrg1"
GOBP_NEPHRON_DEVELOPMENT,0.000118748435368203,0.00144539560434857,0.538434096309916,0.508880227092154,1.53652189222422,145,"Tek,Hoxb7,Fgf1,Pecam1,Cd34,Wnt4,Gpr4,Agt,Wnt6,Sulf1"
GOBP_POSITIVE_REGULATION_OF_TELOMERE_MAINTENANCE,0.000121645135824331,0.00147351830792509,0.538434096309916,-0.48741604605801,-1.99057983693766,51,"Aurkb,Nek2,Dkc1,Mre11a,Acd,Gnl3,Hnrnpa1,Tcp1,Hnrnpd,Cct8"
GOBP_SENSORY_PERCEPTION_OF_CHEMICAL_STIMULUS,0.000121540930351332,0.00147351830792509,0.538434096309916,0.432295097809438,1.34775110351386,433,"Or51e1,Pkd2l1,Or51e2,Rtp4,Rtp3,Ncam2,Azgp1,Or5v1b,Or9a7,Omp"
GOBP_PROTEIN_TARGETING_TO_MITOCHONDRION,0.000123622598517723,0.00149387212199181,0.518848077743792,-0.371503558222097,-1.70210429083502,99,"Mgarp,Bid,Pitrm1,Htra2,Timm50,Gdap1,Sae1,Timm9,Chchd4,Aifm1"
GOBP_RESPIRATORY_CHAIN_COMPLEX_IV_ASSEMBLY,0.000123920258100705,0.00149387802751138,0.518848077743792,-0.659517742383608,-2.22834308075434,24,"Fastkd3,Sco1,Oxa1l,Cox15,Cox10,Cox19,Coa5,Cox16,Timm21,Coa6"
GOBP_GLYCOSYLCERAMIDE_METABOLIC_PROCESS,0.000125214267753381,0.00150586632534988,0.518848077743792,0.815262209840527,1.85232088940014,15,"Fa2h,Ugt8a,Gal3st1,St6galnac3"
GOBP_PATTERN_SPECIFICATION_PROCESS,0.00012590761907961,0.00151059093344439,0.518848077743792,0.428903187327256,1.33757859755512,447,"Edn1,Sox17,Aplnr,Hoxa7,Foxf1,C3,Hoxb7,Fgf1,Hoxd8,Hoxa5"
GOBP_NEGATIVE_REGULATION_OF_MRNA_PROCESSING,0.000128303476569881,0.00153202274754582,0.518848077743792,-0.603463416577514,-2.15834678908803,29,"Celf4,Bard1,Zc3h14,C1qbp,Rbmx,Srsf10,Srsf7,Rnps1,Srsf6,Ptbp1"
GOBP_REGULATION_OF_CELLULAR_RESPONSE_TO_INSULIN_STIMULUS,0.000128249468286565,0.00153202274754582,0.518848077743792,0.598213947962117,1.69747451126044,64,"Bglap3,Bglap2,Bglap,Grb14,Agt,Tns2,Grb7,Gpld1,Socs3,Ptpre"
GOBP_NEGATIVE_REGULATION_OF_UBIQUITIN_PROTEIN_LIGASE_ACTIVITY,0.000129184896402721,0.00153889211899639,0.518848077743792,-0.828979685923617,-2.28999379752638,12,"Fbxo5,Usp44,Bag2,Mad2l1,Rps7,Rpl11,Rps20,Rpl5,Rps15,Rpl23"
GOBP_ANATOMICAL_STRUCTURE_MATURATION,0.000130274309496443,0.00154820083649792,0.518848077743792,0.470489455664289,1.44712389131033,234,"Edn1,Ccl21a,C3,Sox10,Ccl19,Nkx6-1,Hoxa5,Pla2g3,Aldh1a2,Acvrl1"
GOBP_LYMPHOCYTE_CHEMOTAXIS,0.000133358311250229,0.00158111375154458,0.518848077743792,0.606242562465647,1.70301457152038,58,"Ccl21a,Ccl11,Ccl19,Ccl7,Ch25h,Ccl3,Ccl22,Saa2,Ccl4,Saa1"
GOBP_CD4_POSITIVE_ALPHA_BETA_T_CELL_DIFFERENTIATION,0.000136317610157843,0.00160861179874055,0.518848077743792,0.566514722727816,1.64918517742767,81,"Ccl19,Il6,Tmem98,Batf,Il18,Lgals9,Jak3,Nkx2-3,Il12rb1,Prkcz"
GOBP_MUSCLE_SYSTEM_PROCESS,0.000136096565731293,0.00160861179874055,0.518848077743792,0.430734994787595,1.34250033565598,414,"Edn1,Ace2,Myh11,Edn3,Kcna5,Adra2a,Tbxa2r,Cnn1,Pln,Gsn"
GOBP_IMMUNE_RESPONSE_REGULATING_SIGNALING_PATHWAY,0.000137552130173429,0.00161937835686611,0.518848077743792,0.423141047492631,1.3188960406273,488,"Mog,Ceacam1,Bmx,Mill2,Tril,Irgm2,Irak3,Hspa1a,Prkch,Mndal"
GOBP_PHOTOTRANSDUCTION_VISIBLE_LIGHT,0.00013814128677439,0.00162251459956743,0.518848077743792,-0.726173276470581,-2.26607280562115,18,"Sag,Pde6c,Aipl1,Gnat1,Pde6b,Abca4,Grk1"
GOBP_REGULATION_OF_CALCIUM_ION_TRANSPORT,0.0001390076947593,0.00162888503858974,0.518848077743792,0.466447783397405,1.43572554826148,237,"Aplnr,Plp1,Gjc2,Adra2a,Pln,Rem1,Nppa,Gstm7,Adora2a,Nos3"
GOBP_CELLULAR_COMPONENT_ASSEMBLY_INVOLVED_IN_MORPHOGENESIS,0.000143206394323487,0.00167418266107946,0.518848077743792,0.538118005647677,1.599683943762,111,"Mag,Edn1,Ugt8a,Myh11,Tppp,Pla2g3,Itgb4,Ldb3,Nebl,Epb41l3"
GOBP_POSITIVE_REGULATION_OF_CYTOPLASMIC_TRANSLATION,0.000144529554709679,0.00168573102442125,0.518848077743792,-0.780456327464875,-2.25093783374048,15,"Ybx1,Syncrip,Lin28a,Hnrnpd,Pkm,Ybx3,Igf2bp1,Pabpc1,Hnrnpu,Cnbp"
GOBP_CHONDROITIN_SULFATE_PROTEOGLYCAN_METABOLIC_PROCESS,0.000145222029943006,0.00168598416749074,0.518848077743792,0.66276979341317,1.74045725768746,35,"Cytl1,Dcn,Spock3,Ndnf,Dsel,Chsy3,Csgalnact1,Spock2,Chst3,B3gat2"
GOBP_REGULATION_OF_MORPHOGENESIS_OF_AN_EPITHELIUM,0.000144944481722978,0.00168598416749074,0.518848077743792,0.5970576369017,1.69419339660434,64,"Mmrn2,Hoxb7,Fgf1,Wnt4,Snai2,Agt,Sulf1,Sox8,Tbx2,Agtr2"
GOBP_REGULATION_OF_DNA_DIRECTED_DNA_POLYMERASE_ACTIVITY,0.000149847116493016,0.00173567155440183,0.518848077743792,-0.805429246674332,-2.26561001448219,13,"Dscc1,Rfc5,Gins1,Rfc4,Rfc3,Gins2,Chtf18,Gins3,Pcna,Rfc2"
GOBP_MONOCYTE_CHEMOTAXIS,0.000154695424832748,0.00178492909030219,0.518848077743792,0.603778416813576,1.69609246441071,58,"Ccl21a,Ccl11,Flt1,Ccl19,Ccl7,Cxcl12,Il6,Dusp1,Ccl3,Ccl22"
GOBP_REGULATION_OF_MACROPHAGE_CHEMOTAXIS,0.000154809843519346,0.00178492909030219,0.518848077743792,0.704854180812829,1.79298713796271,27,"Rarres2,Il34,Mtus1,Csf1,Mdk,Thbs1,Cxcl17,Cyp19a1,Ccl5,Stap1"
GOBP_MESODERM_MORPHOGENESIS,0.000155583451472537,0.00178974373124129,0.518848077743792,0.577817027873151,1.6602889237848,71,"Foxf1,Itgb3,Epha2,Wnt3,Itgb4,Tbx3,Dkk1,Inhba,Klf4,Nodal"
GOBP_VIRAL_TRANSLATION,0.000156110511952444,0.00179170672051355,0.518848077743792,-0.720940048037878,-2.24974216247963,18,"Shfl,Ssb,Denr,Eif3l,Ptbp1,Eif3g,Eif3d,Eif3b,Eif3a,Eif2d"
GOBP_POSITIVE_REGULATION_OF_DNA_REPLICATION,0.000161666853676593,0.00185125119232855,0.518848077743792,-0.53595363059036,-2.05333018435051,39,"Cdc7,Cdk1,Dna2,Dbf4,Cdt1,Baz1a,Gli2,E2f8,Cdk2,Atad5"
GOBP_NEGATIVE_REGULATION_OF_PROTEOLYSIS,0.000162084449034707,0.00185181483022153,0.518848077743792,0.443537454345774,1.37408440921806,314,"Serpina1b,C3,Serpinf1,A2m,Serpina3n,Spock3,Serpina3m,Pi16,Serpind1,Wfdc1"
GOBP_VIRAL_LIFE_CYCLE,0.000164953126115838,0.0018803160203726,0.518848077743792,0.449904448049725,1.39324065257345,312,"Mog,Gpr15,Ace2,Itgb3,Epha2,Efnb3,Trim12c,Trim34a,Gsn,Cd55"
GOBP_MITOCHONDRIAL_TRANSMEMBRANE_TRANSPORT,0.000166790403501595,0.00189695782444008,0.518848077743792,-0.383110222901311,-1.75776705035694,87,"Bhlha15,Cpt1b,Timm50,Sfxn1,Mcu,Slc25a2,Ucp2,Chchd4,Aifm1,Slc25a37"
GOBP_POSITIVE_REGULATION_OF_HISTONE_H3_K4_METHYLATION,0.000167239525276045,0.00189777222023178,0.518848077743792,-0.615548972758558,-2.09531085116986,26,"Myb,Brca1,Dnmt3b,Wdr5,Paxip1,Nelfa,Dnmt1,Mcrs1,Kansl2,Hcfc1"
GOBP_NEGATIVE_REGULATION_OF_DNA_RECOMBINATION,0.000169026031580813,0.00191372491161429,0.518848077743792,-0.517315051875603,-2.0124892386622,44,"Radx,H1f5,Fancb,Ankle1,Parpbp,Blm,H1f1,Rmi2,Zranb3,Thoc1"
GOBP_MISMATCH_REPAIR,0.000170960459405194,0.00192694670275765,0.518848077743792,-0.602129002733109,-2.13311185836871,28,"Trp73,Exo1,Lig1,Rnaseh2a,Pold3,Tdg,Rpa2,Msh6,Rpa1,Hmgb1"
GOBP_POSITIVE_REGULATION_OF_MACROPHAGE_ACTIVATION,0.000170930118454522,0.00192694670275765,0.518848077743792,0.711322451399801,1.79947932854927,26,"Il33,Ccl3,Tlr4,Havcr2,Lbp,Thbs1,Stap1,Mmp8,Pla2g4a,Il4ra"
GOBP_CARDIAC_CHAMBER_MORPHOGENESIS,0.00017223908716858,0.00193701541654687,0.518848077743792,0.521972510998221,1.56040908682606,124,"Aplnr,Tek,Foxf1,Eng,Tbx3,Nos3,Gata6,Dsp,Msx2,Ednra"
GOBP_TRANSLATIONAL_ELONGATION,0.000173645251149535,0.00194847026234087,0.518848077743792,-0.488882920659734,-2.02042015559486,52,"Mrpl44,Dph1,Gfm1,Shfl,Mtres1,Tufm,Eef1g,Rack1,Rplp2,Tsfm"
GOBP_STEM_CELL_DIFFERENTIATION,0.000176958190629831,0.00198122232582664,0.518848077743792,0.469207390508065,1.43323727296308,214,"Edn1,Sox17,Hoxa7,Edn3,A2m,Sox10,Eng,Wnt3,Aldh1a2,Hoxb4"
GOBP_SPERM_MOTILITY,0.00017767029602472,0.00198477461803615,0.518848077743792,0.518708593217403,1.54590257376941,116,"Drc7,Pla2g3,Cfap45,Dnah5,Ttc12,Septin4,Cfap44,Ttc21a,Spef2,Pltp"
GOBP_LIPOPOLYSACCHARIDE_MEDIATED_SIGNALING_PATHWAY,0.000180971587312062,0.0020171711073564,0.518848077743792,0.594453525707614,1.68680404637018,64,"Trim12c,Cd55,Nos3,Trim5,Cd14,Il18,Ccl3,Sigirr,Pira13,Irak2"
GOBP_POSITIVE_REGULATION_OF_GLIAL_CELL_DIFFERENTIATION,0.000181610406766417,0.0020198130858734,0.518848077743792,0.656487577093593,1.7647016242538,41,"Mag,Nkx6-2,Nkx6-1,Il34,Aspa,Nkx2-2,Rnf112,Zfp488,Tnfrsf1b,Mdk"
GOBP_PURINE_NUCLEOSIDE_MONOPHOSPHATE_BIOSYNTHETIC_PROCESS,0.000185337130414145,0.00205671027503732,0.518848077743792,-0.701133706376084,-2.25795222339879,19,"Ada,Dck,Prps2,Adsl,Ppat,Aprt,Gmps,Impdh2,Pfas,Atic"
GOBP_RESPONSE_TO_PROTOZOAN,0.000186655140287706,0.0020667739872826,0.518848077743792,0.681399406120951,1.77001252446777,33,"Gbp4,Gbp9,Batf2,Gbp2,Cd40,Gbp10,Batf,Gbp7,Gbp3,Tspan32"
GOBP_MESENCHYMAL_CELL_DIFFERENTIATION,0.000187902583198036,0.00207601381480556,0.518848077743792,0.463713370721377,1.42730903031842,237,"Edn1,Edn3,Sox10,Eng,Wnt4,Aldh1a2,Acvrl1,Tmem100,Col1a1,Snai2"
GOBP_FEMALE_MEIOTIC_NUCLEAR_DIVISION,0.000189378742953863,0.00207861777473596,0.518848077743792,-0.568087861619167,-2.02204085668072,32,"Trip13,Ttk,Fbxo5,Plk1,Top2a,Aurka,Ccnb2,Ncaph,Ndc80,Rad51c"
GOBP_POSITIVE_REGULATION_OF_MAP_KINASE_ACTIVITY,0.000189225840826192,0.00207861777473596,0.518848077743792,0.529602985804158,1.57830648006846,115,"Edn1,Edn3,Tgfa,Adra2a,Fgf1,Flt1,Ccl19,Il34,Dkk1,Htr2a"
GOBP_RESPONSE_TO_PROGESTERONE,0.000189045401327072,0.00207861777473596,0.518848077743792,0.657234312921321,1.74857893557671,39,"Gjb2,Sox10,Fosb,Mbp,Nkx2-2,Cd38,Fos,Tgfb1,Thbs1,Gabrb1"
GOBP_ESTABLISHMENT_OF_PROTEIN_LOCALIZATION_TO_TELOMERE,0.000189802898544094,0.002078734577301,0.518848077743792,-0.743081258816006,-2.24418657892196,17,"Dkc1,Brca2,Acd,Tert,Tcp1,Cct8,Cct4,Cct5,Cct6a,Cct2"
GOBP_REGULATION_OF_ACTIN_FILAMENT_BUNDLE_ASSEMBLY,0.000191148867663856,0.00208892469075262,0.518848077743792,0.535792335528065,1.58211924098045,101,"Wnt4,Tmeff2,S1pr1,Epha1,Lpar1,Rhoc,Sorbs3,Pak1,Myoc,Arhgef15"
GOBP_POSITIVE_REGULATION_OF_MACROPHAGE_MIGRATION,0.000191988144295926,0.00209354533920959,0.518848077743792,0.718662872255202,1.79846958407762,25,"Rarres2,Il34,Ccl3,Csf1,Mdk,Thbs1,Cxcl17,Ccl5,C5ar1,P2ry12"
GOBP_INTERSTRAND_CROSS_LINK_REPAIR,0.000193185319127869,0.00210204025812943,0.518848077743792,-0.567250944584131,-2.01906195050647,32,"Neil3,Rad51ap1,Rad51,Hrob,Fancd2,Cenps,Faap24,Mcm8,Rfwd3,Fancm"
GOBP_VIRAL_PROCESS,0.000193639956869982,0.00210243642156674,0.518848077743792,0.425577208474544,1.32607777208932,408,"Mog,Gpr15,Ace2,Itgb3,Epha2,Efnb3,Trim12c,Trim34a,Gsn,Zfp36"
GOBP_VASCULAR_TRANSPORT,0.00019565782878809,0.0021197670373227,0.518848077743792,0.556681135884658,1.62304498355336,87,"Slc38a5,Slc22a8,Slco1c1,Slco2b1,Slc13a3,Slc6a20a,Slc6a1,Kcnj8,Abcc9,Abcb1a"
GOBP_RNA_PHOSPHODIESTER_BOND_HYDROLYSIS_EXONUCLEOLYTIC,0.000202226633288837,0.00218173982461189,0.518848077743792,-0.486903625458808,-1.86807126626243,42,"Eri2,Dis3,Pnldc1,Exosc8,Exosc3,Cnot1,Pnpt1,Xrn2,Cnot7,Exosc4"
GOBP_TRANSMEMBRANE_RECEPTOR_PROTEIN_SERINE_THREONINE_KINASE_SIGNALING_PATHWAY,0.000202246023128931,0.00218173982461189,0.518848077743792,0.436886301113339,1.35593106103953,350,"Lrg1,Cldn5,Trf,Ceacam1,Lrrc32,Col1a2,Dusp15,Eng,Acvrl1,Tmem100"
GOBP_NEGATIVE_REGULATION_OF_CELL_MATRIX_ADHESION,0.000206465955852069,0.00222249327637762,0.518848077743792,0.652398745870826,1.71886563329289,36,"Apod,Hoxa7,Acvrl1,Fam107a,Myoc,Acer2,Ajap1,Arhgap6,Sema3e,Thbs1"
GOBP_POSITIVE_REGULATION_OF_TRANSMEMBRANE_RECEPTOR_PROTEIN_SERINE_THREONINE_KINASE_SIGNALING_PATHWAY,0.000206975633064648,0.00222321903294014,0.518848077743792,0.52932439418787,1.57672738661874,113,"Lrg1,Eng,Acvrl1,Cdh5,Gata6,Msx2,Sulf1,Inhba,Tgfb1i1,Kdr"
GOBP_POSITIVE_REGULATION_OF_TUMOR_NECROSIS_FACTOR_SUPERFAMILY_CYTOKINE_PRODUCTION,0.00020781359109325,0.00222746038896752,0.518848077743792,0.530857191257701,1.57124375621145,106,"Il33,Ccl19,Twist1,Il6,Ager,Cd14,Arid5a,Ccl3,Ifih1,Lgals9"
GOBP_NEGATIVE_REGULATION_OF_LEUKOCYTE_MIGRATION,0.000208816511183258,0.00223344808876221,0.518848077743792,0.629155983580912,1.72088280684473,46,"Apod,Ccl21a,Hoxa7,Cxcl12,Dusp1,Tnfaip6,C5ar2,Adora1,Cd200,Bmp5"
GOBP_PHOSPHATIDYLINOSITOL_3_KINASE_SIGNALING,0.000211698041758866,0.00225946084059835,0.518848077743792,0.506398408293616,1.52266917044856,135,"Edn1,Dcn,Tek,Ceacam1,Flt1,Selp,Ppp1r16b,Prr5l,Osm,Csf3"
GOBP_CYTOKINE_PRODUCTION_INVOLVED_IN_IMMUNE_RESPONSE,0.000215659786660258,0.00229686810919728,0.518848077743792,0.533736131167822,1.58665777817111,111,"Tril,Cd55,Irak3,Il6,Il18,Il1r1,Arid5a,Sema7a,Jak3,Tnfrsf1b"
GOBP_MICROGLIAL_CELL_ACTIVATION,0.000216754035494711,0.0023036417260717,0.518848077743792,0.634558512326721,1.7158556457961,43,"Il6,Ager,Ccl3,Jun,Tlr3,Syt11,Mapt,Stap1,C5ar1,Mmp8"
GOBP_REGULATION_OF_METAL_ION_TRANSPORT,0.000230932951214647,0.00244915600370471,0.518848077743792,0.434285154529662,1.34990613429053,375,"Aplnr,Plp1,Gjc2,Trf,Edn3,Kcna5,Adra2a,Pln,Rem1,Kcna1"
GOBP_CELL_MIGRATION_INVOLVED_IN_SPROUTING_ANGIOGENESIS,0.000237035496179481,0.00250858408272474,0.518848077743792,0.612157305585691,1.70157827789976,53,"Clec14a,Mmrn2,Tbxa2r,Ptgs2,Egr3,Gpld1,Klf4,Rhoj,Kdr,Foxc2"
GOBP_DNA_REPLICATION_DEPENDENT_CHROMATIN_ORGANIZATION,0.00024692696784558,0.00260230999446484,0.49849310876659,-0.639491236001843,-2.16067859796696,24,"H3c10,Asf1b,Chaf1b,H4c4,H3c8,Nasp,H3c11,Hat1,H4c16,Chaf1a"
GOBP_POSITIVE_REGULATION_OF_PHOSPHATIDYLINOSITOL_3_KINASE_SIGNALING,0.000246432249245094,0.00260230999446484,0.49849310876659,0.570681744320203,1.65478128204593,77,"Dcn,Tek,Flt1,Selp,Prr5l,Osm,Csf3,Sema4d,Agt,Myoc"
GOBP_PIGMENT_BIOSYNTHETIC_PROCESS,0.000248860414372204,0.00261173549697091,0.49849310876659,-0.43192896735292,-1.85229983993024,62,"Pmel,Tyr,Tyrp1,Slc24a5,Oca2,Opn3,Cited1,Shmt1,Ada,Shmt2"
GOBP_POSITIVE_REGULATION_OF_PROTEIN_KINASE_B_SIGNALING,0.000248503755226232,0.00261173549697091,0.49849310876659,0.528994796062838,1.56573139456369,106,"Ccl21a,Tek,Ccl19,Eng,Osm,Csf3,Myoc,Iapp,Il18,Ccl3"
GOBP_POSITIVE_REGULATION_OF_ORGANIC_ACID_TRANSPORT,0.000254542015409211,0.00266032362347512,0.49849310876659,0.626188553904633,1.71276622074574,46,"Edn1,Ace2,Pla2g3,Slc6a1,Cltrn,Adora2a,Cyp4f14,Agt,Il1a,Kmo"
GOBP_RIBOSOMAL_SMALL_SUBUNIT_ASSEMBLY,0.000254548570298693,0.00266032362347512,0.49849310876659,-0.735780631378062,-2.22213788650836,17,"Rps27l,Rps28,Rps19,Rps15,Pwp2,Xrcc5,Rps5,Rps14,Rpsa,Mrps11"
GOBP_REGULATION_OF_SISTER_CHROMATID_COHESION,0.000255350137503735,0.00266316419342588,0.49849310876659,-0.656926668414526,-2.21098447745875,21,"Bub1,Cdca5,Ddx11,Espl1,Macroh2a1,Fen1,Naa10,Slf1,Rad21,Sfpq"
GOBP_POSITIVE_REGULATION_OF_ACTIN_FILAMENT_BUNDLE_ASSEMBLY,0.000261461855716594,0.00272126034924911,0.49849310876659,0.589572932017016,1.66644302951729,61,"Wnt4,Epha1,Lpar1,Rhoc,Sorbs3,Pak1,Myoc,Arhgef15,Vil1,Limch1"
GOBP_RAS_PROTEIN_SIGNAL_TRANSDUCTION,0.000262488625273078,0.00272630231249538,0.49849310876659,0.436563180356929,1.35408487852952,341,"Grap,Adra2a,Gpr20,Col1a2,Rasgrp3,Cdc42ep2,Gpr4,Gpr17,Psd2,Cnksr1"
GOBP_DNA_REPLICATION_CHECKPOINT_SIGNALING,0.000263402214226804,0.0027301503730271,0.49849310876659,-0.734894367991632,-2.21946127426223,17,"Cdc6,Hus1b,Orc1,Dna2,Clspn,Cdc45,Cdt1,Ticrr,Tipin,Topbp1"
GOBP_FORELIMB_MORPHOGENESIS,0.00026694185274058,0.00276114546034341,0.49849310876659,0.642833346638779,1.69601362765749,37,"Wnt3,Aldh1a2,Tbx3,Msx2,Twist1,Zbtb16,Reck,Hoxd9,Alx4,Trp63"
GOBP_REGULATION_OF_VASCULOGENESIS,0.000268779219746282,0.0027744417611182,0.49849310876659,0.796555800685956,1.82582316128403,16,"Ceacam1,Cd34,Tmem100,Asb4,Xdh,Kdr,Emp2,Hey2,Rras"
GOBP_CELL_KILLING,0.000274237389460076,0.00282498228855697,0.49849310876659,0.486591601943106,1.47778896745005,171,"Pglyrp1,Cfh,Ccl11,C3,Ceacam1,Mill2,Cd55,Icam1,Azgp1,Ager"
GOBP_MUSCLE_CONTRACTION,0.000276832126932961,0.00284587955438036,0.49849310876659,0.437215357513282,1.35613850242367,332,"Edn1,Ace2,Myh11,Edn3,Kcna5,Adra2a,Tbxa2r,Cnn1,Pln,Gsn"
GOBP_POSITIVE_REGULATION_OF_STRESS_FIBER_ASSEMBLY,0.000279602823520785,0.00286849672212038,0.49849310876659,0.605971213761513,1.67815102481753,51,"Wnt4,Epha1,Lpar1,Rhoc,Sorbs3,Pak1,Myoc,Arhgef15,Limch1,Arhgef5"
GOBP_REGULATION_OF_CELL_DEVELOPMENT,0.000288306933109513,0.00295176976118436,0.49849310876659,0.412580647595755,1.285752982188,485,"Mag,Lims2,Cldn5,Gjc2,Ccl11,Nkx6-2,Serpinf1,Sox10,Nkx6-1,Efnb3"
GOBP_CELL_ACTIVATION_INVOLVED_IN_IMMUNE_RESPONSE,0.000291175635260731,0.00297148478220538,0.49849310876659,0.443540884539685,1.37229804801086,291,"Pglyrp1,Foxf1,Ceacam1,Ccl19,Pla2g3,Dock10,Il6,Icam1,Enpp3,Cd40"
GOBP_GMP_BIOSYNTHETIC_PROCESS,0.00029141475982241,0.00297148478220538,0.49849310876659,-0.790101957389303,-2.22249553826667,13,"Ada,Adsl,Ppat,Aprt,Gmps,Impdh2,Pfas,Atic,Impdh1,Gart"
GOBP_TRANSLATIONAL_TERMINATION,0.000294390019038848,0.00299574620588722,0.49849310876659,-0.732375502252527,-2.21185402455873,17,"Shfl,Eif5a,Jmjd4,Etf1,Apeh,Abce1,Gfm2,Gspt2,Mtrf1,Mrpl58"
GOBP_LUNG_MORPHOGENESIS,0.00029658954335382,0.00300838945240878,0.49849310876659,0.602752583709867,1.66169703859034,50,"Foxf1,Hoxa5,Hhip,Tbx2,Wnt2,Wnt7b,Nodal,Ctsh,Tcf21,Nog"
GOBP_UROGENITAL_SYSTEM_DEVELOPMENT,0.000296829355161081,0.00300838945240878,0.49849310876659,0.436614887135754,1.35512902439561,349,"Sox17,Tek,Foxf1,Hoxb7,Serpinf1,Fgf1,Pecam1,Cd34,Hmgcs2,Wnt4"
GOBP_ACTIVATION_OF_IMMUNE_RESPONSE,0.000308136804550794,0.0031125871744932,0.49849310876659,0.426836017477647,1.32771582320714,385,"Mog,Cfh,C1s1,C3,A2m,Ceacam1,Bmx,Trim12c,Mill2,Cd55"
GOBP_MAINTENANCE_OF_BLOOD_BRAIN_BARRIER,0.000308348600138774,0.0031125871744932,0.49849310876659,0.646737264506485,1.69835526153126,35,"Cldn5,Esam,Pecam1,Gjb6,Mbp,Cdh5,Ptgs2,Il6,Ocln,F11r"
GOBP_POSITIVE_REGULATION_OF_CELL_CYCLE_G2_M_PHASE_TRANSITION,0.000312594394392743,0.00314912228579623,0.49849310876659,-0.586333032503478,-2.07716784428548,30,"Phox2b,Fbxo5,Cdc7,Ccnb1,Dtl,Cdk1,Cdc25c,Rad51c,Rrm1,Npm1"
GOBP_MAMMARY_GLAND_EPITHELIUM_DEVELOPMENT,0.000313442610140598,0.00315135200235357,0.49849310876659,0.573412269725204,1.63738887605886,67,"Ccl11,Foxf1,Hoxa5,Epha2,Wnt3,Wnt4,Tbx3,Msx2,Lbh,Foxb1"
GOBP_REGULATION_OF_TRANSCRIPTION_BY_RNA_POLYMERASE_I,0.000314433265936733,0.00315500205162466,0.49849310876659,-0.570807875535528,-2.06562097837207,33,"Ddx11,Lyar,Nol11,Utp15,Macroh2a1,Macroh2a2,Wdr75,Ncl,Dhx33,Pwp1"
GOBP_TRNA_5_END_PROCESSING,0.000316536721876066,0.00316978107743224,0.49849310876659,-0.759045929372143,-2.22120731347955,16,"Pop1,Thg1l,Rpp40,Trmt10c,Rpp14,Rpp25l,Ssb,Prorp,Rpp38,Pop7"
GOBP_ALPHA_BETA_T_CELL_DIFFERENTIATION,0.000317277095180174,0.00317087864308298,0.49849310876659,0.518344273336586,1.53945239078209,109,"Ccl19,Il6,Tnfsf8,Tmem98,Batf,Il18,Lgals9,Jak3,Nkx2-3,Il12rb1"
GOBP_POSITIVE_REGULATION_OF_CHEMOKINE_PRODUCTION,0.000318312632977652,0.00317343678546951,0.49849310876659,0.57606847087835,1.6512608962012,69,"Il33,Mbp,Twist1,Il6,Ager,Il18,Lgals9,Tlr3,Oas1a,Tlr4"
GOBP_POSITIVE_REGULATION_OF_DNA_DEPENDENT_DNA_REPLICATION,0.000318795618989876,0.00317343678546951,0.49849310876659,-0.787714830671101,-2.21578073591634,13,"Cdc7,Dbf4,Cdt1,E2f8,Cdk2,Stoml2,Ssbp1,Endog,Atrx,E2f7"
GOBP_HOMOTYPIC_CELL_CELL_ADHESION,0.000320514616559564,0.00317796248016751,0.49849310876659,0.546268614356883,1.59714979284591,89,"Ceacam1,Itgb3,Dsp,Ctnna3,Il6,Mpl,Jup,Alox12,Pear1,Comp"
GOBP_POSITIVE_REGULATION_OF_LEUKOCYTE_PROLIFERATION,0.000320083793653889,0.00317796248016751,0.49849310876659,0.490723205035156,1.48449462180572,150,"Ccl19,Il34,Tnfrsf13c,Cd55,Il2ra,Il6,Mpl,Cd40,Cd38,Csf2rb2"
GOBP_GLYCOPROTEIN_METABOLIC_PROCESS,0.000325098000106911,0.00321706229633354,0.49849310876659,0.433071135674138,1.34583605492612,364,"Cytl1,Dcn,Ccl21a,Gal3st1,Il33,Ccl19,Galnt6,B3gnt3,Spock3,B3gnt6"
GOBP_REGULATION_OF_RHO_PROTEIN_SIGNAL_TRANSDUCTION,0.00032796277934383,0.00323903515080832,0.49849310876659,0.550771011061913,1.60461490688565,86,"Gpr20,Gpr4,Gpr17,Col3a1,Lpar1,Myoc,F2rl3,Rasip1,Eps8l2,F11r"
GOBP_POSITIVE_REGULATION_OF_DNA_BINDING_TRANSCRIPTION_FACTOR_ACTIVITY,0.000330751737097551,0.00326017447527331,0.49849310876659,0.4568159053353,1.40983185308464,260,"Cytl1,Edn1,Nkx6-1,Trim12c,Trim34a,S100a8,Irak3,Hspa1a,Csf3,Agt"
GOBP_CALCIUM_MEDIATED_SIGNALING,0.000331413902737386,0.00326030858916016,0.49849310876659,0.472680604270133,1.43926963029186,195,"Edn1,Sele,Selp,Tmem100,Pln,Irgm2,Gstm7,Mctp2,Sult1a1,Chp2"
GOBP_MITOCHONDRIAL_CYTOCHROME_C_OXIDASE_ASSEMBLY,0.000333169053929032,0.00327065909768377,0.49849310876659,-0.646445321547886,-2.1757079445682,21,"Fastkd3,Sco1,Oxa1l,Cox19,Coa5,Cox16,Timm21,Cox18,Bcs1l,Taco1"
GOBP_POSITIVE_REGULATION_OF_SMOOTH_MUSCLE_CELL_PROLIFERATION,0.000333767280109762,0.00327065909768377,0.49849310876659,0.555253595654725,1.61330842815063,79,"Edn1,S1pr1,Calcrl,Agt,Ptgs2,Il6,Il18,Htr1b,Notch3,Pdgfd"
GOBP_INOSITOL_LIPID_MEDIATED_SIGNALING,0.000336741881918065,0.00328981340382718,0.49849310876659,0.481327357883321,1.46199085209363,170,"Edn1,Dcn,Tek,Ceacam1,Flt1,Selp,Ppp1r16b,Prr5l,Osm,Csf3"
GOBP_MATURATION_OF_LSU_RRNA_FROM_TRICISTRONIC_RRNA_TRANSCRIPT_SSU_RRNA_5_8S_RRNA_LSU_RRNA,0.000337030814197532,0.00328981340382718,0.49849310876659,-0.756750565516477,-2.18256732462997,15,"Wdr12,Ddx18,Rpl7l1,Nol9,Nifk,Rpl35,Gtpbp4,Znhit3,Rpf2,Bop1"
GOBP_NEGATIVE_REGULATION_OF_INNATE_IMMUNE_RESPONSE,0.000339920419748099,0.00331158905053042,0.49849310876659,0.559753612694468,1.61974219432003,75,"A2m,Ceacam1,Mill2,Irak3,Isg15,Usp18,Lgals9,Serpinb9,Oas1a,H2-T23"
GOBP_CALCIUM_DEPENDENT_CELL_CELL_ADHESION_VIA_PLASMA_MEMBRANE_CELL_ADHESION_MOLECULES,0.000342359432398538,0.00332247271557423,0.49849310876659,0.627614631238226,1.6970792881585,43,"Selp,Cdh20,Cdh19,Cdh5,Cdh11,Pcdhgb4,Cdh6,Fxyd5,Cdhr3,Pcdhb2"
GOBP_RESPONSE_TO_INTERFERON_BETA,0.000341956697733198,0.00332247271557423,0.49849310876659,0.657666761321907,1.70835016164613,32,"Irgm2,Mndal,Xaf1,Ifitm1,Tlr3,Oas1a,Ifi204,Irf1,Trim6,Acod1"
GOBP_POSITIVE_REGULATION_OF_INTERLEUKIN_8_PRODUCTION,0.000349317304894259,0.0033834645312205,0.49849310876659,0.575815585765307,1.63553348446192,63,"Hspa1a,Il6,Hspa1b,Cd14,Afap1l2,Lgals9,Tlr3,Rigi,Pira13,Nos2"
GOBP_NUCLEOBASE_BIOSYNTHETIC_PROCESS,0.000350526756772931,0.00338865001211062,0.49849310876659,-0.755325470783165,-2.21032008056313,16,"Shmt1,Umps,Ada,Shmt2,Cad,Prps1,Ppat,Aprt,Gmps,Ctps2"
GOBP_POSITIVE_REGULATION_OF_KIDNEY_DEVELOPMENT,0.000352620313508824,0.00340234609598629,0.49849310876659,0.858151176011415,1.7984344792276,10,"Wnt4,Sox8,Agtr2,Foxd1,Ret,Nog,Myc"
GOBP_RESPONSE_TO_TESTOSTERONE,0.000356002676166289,0.00342840125112631,0.49849310876659,0.622449593257663,1.67742210291181,42,"Edn1,Bglap3,Bglap2,Bglap,Tbxa2r,Hmgcs2,Nkx3-1,Thbs1,Myc"
GOBP_REGULATION_OF_PEPTIDYL_TYROSINE_PHOSPHORYLATION,0.00035902045512888,0.00345085244346631,0.49849310876659,0.449988191118776,1.38811902370424,256,"Enpp2,Tgfa,Adra2a,Itgb3,Pecam1,Il34,Osm,Csf3,Angpt4,Gprc5a"
GOBP_NUCLEOSOME_MOBILIZATION,0.000362351247410759,0.00346364226778199,0.49849310876659,-0.644514717178291,-2.16921020821722,21,"Baz1a,Ruvbl2,Ruvbl1,Uchl5,Ino80e,Actl6a,Smarca5,Pole3,Mcrs1,Chrac1"
GOBP_REGULATION_OF_LEUKOCYTE_MEDIATED_CYTOTOXICITY,0.000362418108783236,0.00346364226778199,0.49849310876659,0.556275829653661,1.61648980645859,80,"Ceacam1,Mill2,Icam1,Azgp1,Ager,Cxcl5,Lgals9,Pik3r6,Serpinb9,Il12rb1"
GOBP_RRNA_TRANSCRIPTION,0.000362241323678523,0.00346364226778199,0.49849310876659,-0.566630435765425,-2.05050379517463,33,"Ddx11,Nol11,Macroh2a1,Polr1b,Macroh2a2,Tcof1,Ncl,Polr1e,Pwp1,Trp53"
GOBP_REGULATION_OF_COAGULATION,0.000365413299764915,0.00348564071711239,0.49849310876659,0.564323863930436,1.62054842942752,70,"Edn1,Ceacam1,Tbxa2r,Cd34,Thbd,Nos3,Fap,Tspan8,Alox12,Plat"
GOBP_POSITIVE_REGULATION_OF_LIPASE_ACTIVITY,0.000372028442633549,0.00354202079757358,0.49849310876659,0.570355694266805,1.62866077078686,67,"Sele,Flt1,S1pr4,Agt,Lpar1,Htr2a,Rhoc,Ednra,Gpihbp1,Prkcz"
GOBP_I_KAPPAB_KINASE_NF_KAPPAB_SIGNALING,0.000375981708829328,0.00355050600434136,0.49849310876659,0.444408965996418,1.37512418471351,278,"Edn1,Ccl21a,S100b,Ccl19,Trim12c,Trim34a,Tnfsf10,Lpar1,Rhoc,Traf1"
GOBP_MITOTIC_CYTOKINESIS,0.000377689190523186,0.00355050600434136,0.49849310876659,-0.407956862916636,-1.79839460495527,68,"Kif20b,Cep55,Plk1,Kif20a,Ect2,Racgap1,Nusap1,Cenpa,Kif4,Kif23"
GOBP_MITOTIC_SPINDLE_ASSEMBLY,0.000377863678600085,0.00355050600434136,0.49849310876659,-0.41603217656841,-1.83482325988493,70,"Plk1,Kif15,Kif11,Racgap1,Tpx2,Cdc20,Prc1,Aurkb,Kif4,Kif23"
GOBP_POSITIVE_REGULATION_OF_CELL_DEVELOPMENT,0.000375981708829328,0.00355050600434136,0.49849310876659,0.441851440569628,1.36713003625897,292,"Mag,Lims2,Cldn5,Gjc2,Nkx6-2,Serpinf1,Sox10,Nkx6-1,Wnt3,Lpar3"
GOBP_REGULATION_OF_CELLULAR_EXTRAVASATION,0.000376679072871806,0.00355050600434136,0.49849310876659,0.635835811928893,1.67755174435597,37,"Ccl21a,Sele,Selp,Cxcl12,Icam1,Ager,Il1r1,Bst1,Pdgfd,Mdk"
GOBP_REGULATION_OF_COLLAGEN_METABOLIC_PROCESS,0.000376679072871806,0.00355050600434136,0.49849310876659,0.636326579499553,1.67884655659961,37,"Eng,Wnt4,Larp6,Fap,Il6,Nppc,Errfi1,Ccn2,Tgfb1,Creb3l1"
GOBP_SNRNA_PROCESSING,0.000375469062994597,0.00355050600434136,0.49849310876659,-0.613358708011089,-2.09897906089929,25,"Ints10,Exosc8,Exosc3,Ints2,Ints14,Exosc4,Ints11,Exosc7,Ints12,Usb1"
GOBP_MRNA_MODIFICATION,0.000378737784755575,0.0035520799327729,0.49849310876659,-0.592945949784106,-2.07204050219524,27,"Apobec2,Dkc1,Nsun2,Trmt10c,Hnrnpab,Mettl3,Cmtr2,Pus7,Mettl8,Trmt6"
GOBP_MYELIN_ASSEMBLY,0.000386327291522344,0.00361359151524171,0.49849310876659,0.723788220727482,1.76292730680534,22,"Mag,Ugt8a,Tppp,Itgb4,Epb41l3,Ncmap"
GOBP_POSITIVE_REGULATION_OF_ANIMAL_ORGAN_MORPHOGENESIS,0.000386734082991852,0.00361359151524171,0.49849310876659,0.662864077503561,1.72830636097118,34,"Edn1,Fgf1,Cd34,Wnt4,Dkk1,Sox8,Wnt2,Csf1,Stox1,Six1"
GOBP_TISSUE_REGENERATION,0.000393832060650907,0.00367308676974417,0.49849310876659,0.565962982722643,1.61885516949192,68,"Klk6,Apod,Mustn1,Ninj2,Tmem182,Spaar,Hopx,Mdk,Capn3,Cpq"
GOBP_TRANSFORMING_GROWTH_FACTOR_BETA_RECEPTOR_SIGNALING_PATHWAY,0.000398995332651178,0.0037143509948842,0.49849310876659,0.47263453747837,1.43921932126156,191,"Lrg1,Cldn5,Ceacam1,Lrrc32,Col1a2,Dusp15,Eng,Acvrl1,Aspn,Cdh5"
GOBP_SMOOTH_MUSCLE_CELL_DIFFERENTIATION,0.000400437210515073,0.00372088328513728,0.49849310876659,0.584768111022317,1.64430366723994,59,"Aplnr,Foxf1,Eng,Wnt4,Tbx3,Gata6,Tmem204,Ednra,Tbx2,Comp"
GOBP_ERBB_SIGNALING_PATHWAY,0.000401403755182271,0.00372298279944885,0.49849310876659,0.512616138746766,1.52882018483693,117,"Tgfa,Ceacam1,Adra2a,Sh3tc2,Gprc5a,Agt,Ptprr,Myoc,Grb7,Efemp1"
GOBP_MITOCHONDRIAL_DNA_REPLICATION,0.000402261753058187,0.00372406967333979,0.49849310876659,-0.752818564784377,-2.17122692171604,15,"Dna2,Rrm1,Stoml2,Tefm,Ssbp1,Twnk,Polg,Mgme1,Endog,Polg2"
GOBP_UNSATURATED_FATTY_ACID_METABOLIC_PROCESS,0.000403841429808884,0.00373182144788467,0.49849310876659,0.516396109469552,1.53094661181305,104,"Edn1,Ptgis,Fads2b,Pla2g3,Cyp2d22,Gstm7,Cyp4f14,Ptgs2,Cyp2e1,Scd1"
GOBP_AORTIC_VALVE_MORPHOGENESIS,0.000410973707149317,0.00377000880627668,0.49849310876659,0.655258265670384,1.70209387171697,32,"Tie1,Snai2,Nppa,Nos3,Twist1,Tgfb1,Snai1,Hey2,Dll4,Heyl"
GOBP_REGULATION_OF_TELOMERE_MAINTENANCE_VIA_TELOMERE_LENGTHENING,0.000410835577277375,0.00377000880627668,0.49849310876659,-0.425523457293778,-1.82606108353133,61,"Pif1,Aurkb,Nek2,Dkc1,Tinf2,Acd,Hnrnpa1,Tcp1,Nat10,Cct8"
GOBP_RENAL_SYSTEM_VASCULATURE_DEVELOPMENT,0.000410156043637687,0.00377000880627668,0.49849310876659,0.684193895893683,1.75309944393899,29,"Tek,Pecam1,Cd34,Gpr4,Ednra,Notch3,Pdgfd,Foxc2,Angpt2,Tcf21"
GOBP_SENSORY_PERCEPTION_OF_MECHANICAL_STIMULUS,0.000410314162031335,0.00377000880627668,0.49849310876659,0.479004103459958,1.45471212501268,173,"Gjb2,Grap,Slc52a3,Clic5,Gjb6,Gjc3,Atp8b1,Col1a1,Mbp,Dcdc2a"
GOBP_CARDIAC_CONDUCTION_SYSTEM_DEVELOPMENT,0.000432712783225741,0.00395058766070136,0.49849310876659,0.634067891194953,1.67288736645296,37,"Gjb6,Tbx3,Nppa,Nppb,Gata6,Msx2,Gja5,Hopx,Hey2,Tbx5"
GOBP_ESTABLISHMENT_OF_PROTEIN_LOCALIZATION_TO_MITOCHONDRIAL_MEMBRANE,0.000433016471264461,0.00395058766070136,0.49849310876659,-0.576455962386327,-2.04217692392833,30,"Timm9,Timm8a1,Tomm22,Timm10,Agk,Maip1,Hspa4,Nmt1,Tomm70a,Samm50"
GOBP_MRNA_CIS_SPLICING_VIA_SPLICEOSOME,0.000431684891451824,0.00395058766070136,0.49849310876659,-0.636083357760564,-2.16196134469642,23,"Srsf1,Ncbp1,Prpf40a,Psip1,Rbm17,Snrpc,Sf3a1,Prpf39,Snrnp200,Wbp11"
GOBP_SEQUESTERING_OF_CALCIUM_ION,0.000436003862299169,0.0039706366227861,0.49849310876659,0.503600466642522,1.50466736459032,123,"Aplnr,Ccl21a,Ccl19,Pln,Gstm7,Htr2a,Casq2,Jph2,F2rl3,Ccl3"
GOBP_DRINKING_BEHAVIOR,0.000438858652819402,0.00398940768123532,0.49849310876659,0.823461388223423,1.78815914040508,12,"Ace2,Agt,Htr1b,Apln,Ren1"
GOBP_CHROMOSOME_CONDENSATION,0.00043990757759801,0.00399172453535234,0.49849310876659,-0.468565759709237,-1.90359350223873,49,"Ncapg,Plk1,Top2a,Cdca5,H1f5,Cdk1,Ncaph,Smc2,Nusap1,Smc4"
GOBP_REGULATION_OF_VASCULAR_PERMEABILITY,0.000441585539919498,0.00399973064716274,0.49849310876659,0.617419785470516,1.68878167123929,46,"Cldn5,Tek,Ceacam1,Gpr4,Pde2a,Hrh1,Adora2a,Cdh5,Nppb,Ocln"
GOBP_HUMORAL_IMMUNE_RESPONSE,0.00044948062079524,0.00406391920995984,0.49849310876659,0.430575594441949,1.33485225413235,337,"Pglyrp1,Cfh,Ccl11,Cxcl1,C1s1,Trf,C3,A2m,Rarres2,Cxcl2"
GOBP_ALPHA_BETA_T_CELL_ACTIVATION,0.000450831764945927,0.00406881738309367,0.49849310876659,0.486992956911629,1.47490407753163,155,"Ccl19,Cd55,Adora2a,Il6,Tnfsf8,Tmem98,Ager,Batf,Il18,Lgals9"
GOBP_POSITIVE_REGULATION_OF_LIPID_LOCALIZATION,0.000466851164245742,0.00420584373237159,0.49849310876659,0.510672693780638,1.51429526243008,108,"Edn1,C3,Pla2g3,Cyp4f14,Cidea,Apoc4,Dab2,Pltp,Plin3,Il1a"
GOBP_NEGATIVE_REGULATION_OF_INTERLEUKIN_1_PRODUCTION,0.000468481107071983,0.00421297768381192,0.49849310876659,0.663156854658752,1.72262542040474,33,"Ceacam1,Aqp4,Serpinb1a,Il1r2,Errfi1,Nr1h4,Zc3h12a,Nlrp3,Tnfaip3,Cx3cr1"
GOBP_PROTEIN_MONOUBIQUITINATION,0.000475827756556687,0.00427140380751868,0.49849310876659,-0.390971346905061,-1.72745768511771,77,"Dtl,Fancb,Rad18,Ube2t,Obi1,Neurl1a,Uhrf1,Pcgf2,Fancm,Rnf2"
GOBP_HISTONE_H4_K16_ACETYLATION,0.00049594240344574,0.0044440329093079,0.477270815362862,-0.582750017614409,-1.98366415909175,26,"Brca1,Jade3,Wdr5,Mcrs1,Pih1d1,Kansl2,Jade1,Smarcb1,Hcfc1,Sirt1"
GOBP_MUSCLE_TISSUE_DEVELOPMENT,0.000506018359877252,0.00452625319413335,0.477270815362862,0.429242131026329,1.33460571400462,383,"Edn1,Myh11,Eng,Aldh1a2,Gjb6,Pln,Pi16,Tbx3,Nppa,S1pr1"
GOBP_POSITIVE_REGULATION_OF_MYELOID_CELL_DIFFERENTIATION,0.000508492332167626,0.00454030364796919,0.477270815362862,0.532525253608859,1.56475157165082,94,"Hoxa5,Pla2g3,Il34,Isg15,Hspa1a,Csf3,Mpl,Hspa1b,Inhba,Fos"
GOBP_REGULATION_OF_ENDOTHELIAL_CELL_DIFFERENTIATION,0.00052610256328124,0.0046892155773312,0.477270815362862,0.631239169808639,1.66542423460841,37,"Cldn5,Ceacam1,Acvrl1,Tmem100,Apold1,Cdh5,Xdh,F11r,S1pr3,Notch4"
GOBP_NEGATIVE_REGULATION_OF_CHEMOTAXIS,0.00052708051845695,0.00468961728545679,0.477270815362862,0.577588421220183,1.63256850205005,61,"Wnt3,Sema4d,Dusp1,Tnfaip6,Sema7a,C5ar2,Sema5a,Sema3e,Angpt2,Thbs1"
GOBP_PLASMA_MEMBRANE_ORGANIZATION,0.000529691800613279,0.00469622695182179,0.477270815362862,0.489972290079439,1.48198237690125,149,"Fa2h,Myrf,Tie1,Gsn,Sh3tc2,Tmeff2,Atp8b1,A4galt,Dmkn,Plscr2"
GOBP_STEROL_METABOLIC_PROCESS,0.000529691800613279,0.00469622695182179,0.477270815362862,0.490056781270151,1.48223793105844,149,"Lcat,Fgf1,Hmgcs2,Cyp2d22,Ch25h,Lipc,Cyp26c1,Cyp27a1,Scarf1,Sec14l2"
GOBP_NEGATIVE_REGULATION_OF_CELL_GROWTH,0.0005353568998472,0.00473809706959837,0.477270815362862,0.474847281651068,1.44283497081637,180,"Mag,Sox17,Scgb3a1,Wnt3,Acvrl1,Pi16,Wfdc1,Nppb,Hspa1a,Sema4d"
GOBP_PERIPHERAL_NERVOUS_SYSTEM_DEVELOPMENT,0.000547972892364091,0.00484122975380367,0.477270815362862,0.549893017720612,1.59791234492024,78,"Fa2h,Hapln2,Ugt8a,Sox10,Sh3tc2,Itgb4,Sox8,Egr3,Myoc,Etv1"
GOBP_REGULATION_OF_LIPID_METABOLIC_PROCESS,0.00055179984863579,0.00486648743700371,0.477270815362862,0.434917981031937,1.34851586722239,327,"Adgrf5,Apod,Ccl21a,Tek,C3,Ceacam1,Adra2a,Fgf1,Flt1,Ccl19"
GOBP_HOMOLOGOUS_CHROMOSOME_SEGREGATION,0.00055773845313607,0.00491024729232054,0.477270815362862,-0.41139752642221,-1.75420980413231,63,"Ccnb1ip1,Msh5,Trip13,Ccne2,Plk1,Sgo2a,Sgo1,Mei4,Brip1,Fancd2"
GOBP_ADENYLATE_CYCLASE_INHIBITING_G_PROTEIN_COUPLED_RECEPTOR_SIGNALING_PATHWAY,0.000560719109728883,0.00492785832973268,0.477270815362862,0.561664302832517,1.62191903209679,74,"Edn1,Adra2a,Grm3,Gpr37,Pde2a,S1pr1,Lpar1,Rgs1,Ednra,Npy1r"
GOBP_POSITIVE_REGULATION_OF_CELL_MATRIX_ADHESION,0.000563563269702164,0.00494421039579891,0.477270815362862,0.593335886033805,1.65121124791255,54,"Ccl21a,Tek,Wnt4,Epha1,Myoc,Jup,Kdr,Csf1,Emp2,Prkcz"
GOBP_AXON_EXTENSION,0.000579070157876271,0.00507140363004184,0.477270815362862,0.507511135539175,1.51371925920357,121,"Mag,Edn1,Edn3,Nkx6-1,Wnt3,Cxcl12,Sema4d,Ednra,Sema7a,Sema5a"
GOBP_REGULATION_OF_PROTEIN_LOCALIZATION_TO_CHROMOSOME_TELOMERIC_REGION,0.000583643499638271,0.00510256673509842,0.477270815362862,-0.757397848713791,-2.16212511232789,14,"Macroh2a1,Dkc1,Gnl3,Tcp1,Cct8,Cct4,Cct5,Cct6a,Cct2,Cct7"
GOBP_POSITIVE_REGULATION_OF_EXTRINSIC_APOPTOTIC_SIGNALING_PATHWAY_VIA_DEATH_DOMAIN_RECEPTORS,0.000592670807682677,0.00517249331635559,0.477270815362862,0.807914385333351,1.81167667943435,14,"Mal,Pea15a,Atf3,Thbs1,Timp3,Zswim2"
GOBP_OSTEOBLAST_DEVELOPMENT,0.000594484413941777,0.00517932954746155,0.477270815362862,0.746913495094804,1.75624369657516,19,"Bglap3,Bglap2,Bglap,Msx2,Hoxa2,Pthlh,Shh"
GOBP_NEUROINFLAMMATORY_RESPONSE,0.000596874768170417,0.00518219250361431,0.477270815362862,0.63632015394497,1.68592332909267,38,"Il33,Mmp3,Ptgs2,Il6,Il18,Ccl3,Tnfrsf1b,Syt11,Cd200,Stap1"
GOBP_POSITIVE_REGULATION_OF_NERVOUS_SYSTEM_DEVELOPMENT,0.000596149016043168,0.00518219250361431,0.477270815362862,0.449255206443616,1.38826242183169,264,"Mag,Gjc2,Nkx6-2,Lrrn1,Serpinf1,Sox10,Nkx6-1,Wnt3,Lpar3,Plxnb3"
GOBP_REGULATION_OF_SPROUTING_ANGIOGENESIS,0.000600435091007388,0.00519515869620334,0.477270815362862,0.636340844502045,1.69299163885342,39,"Ceacam1,Fgf1,Ppp1r16b,Klf2,Slc39a12,Klf4,Rhoj,Thbs1,Creb3l1,Adamts9"
GOBP_RIBOSOMAL_SUBUNIT_EXPORT_FROM_NUCLEUS,0.00060020048828109,0.00519515869620334,0.477270815362862,-0.75623356384533,-2.15880145679299,14,"Nop9,Npm1,Sdad1,Nmd3,Ran,Xpo1,Nup88,Rps15,Abce1,Ltv1"
GOBP_HISTONE_H4_ACETYLATION,0.000615175566999929,0.00530535910289146,0.477270815362862,-0.38720356343985,-1.68585063935668,72,"Actl6b,Brca1,Ruvbl2,Hat1,Brca2,Bend3,Jade3,Naa40,Ruvbl1,Myod1"
GOBP_ICOSANOID_METABOLIC_PROCESS,0.00061528234672483,0.00530535910289146,0.477270815362862,0.510374278221157,1.51309383953692,104,"Edn1,Ptgis,Pla2g3,Cyp2d22,Cyp4f14,Ptgs2,Cyp2e1,Alox12,Faah,Ptgs1"
GOBP_GLYCOSPHINGOLIPID_BIOSYNTHETIC_PROCESS,0.00061802581474999,0.00531989001840445,0.477270815362862,0.648093780666831,1.68348346013203,32,"Fa2h,Ugt8a,Gal3st1,A4galt,St8sia6,St6galnac3,St8sia5,St8sia4,St8sia1"
GOBP_NEGATIVE_REGULATION_OF_MRNA_METABOLIC_PROCESS,0.000624528420443695,0.00536667413601787,0.477270815362862,-0.365068867778508,-1.62050871114511,90,"Celf4,Elavl4,Bard1,E2f1,Zc3h14,C1qbp,Ybx1,Boll,Rbmx,Syncrip"
GOBP_POSITIVE_REGULATION_OF_PEPTIDYL_TYROSINE_PHOSPHORYLATION,0.000630206562495378,0.00540622592092878,0.477270815362862,0.463517553716973,1.41142710275566,190,"Enpp2,Tgfa,Adra2a,Itgb3,Pecam1,Il34,Osm,Csf3,Angpt4,Sema4d"
GOBP_PSEUDOURIDINE_SYNTHESIS,0.000632546622380071,0.00541463440842314,0.477270815362862,-0.686894873618776,-2.14350189391904,18,"Pus10,Rpusd4,Dkc1,Nhp2,Pusl1,Nop10,Pus7,Rpusd3,Pus1,Trub1"
GOBP_RNA_PHOSPHODIESTER_BOND_HYDROLYSIS_ENDONUCLEOLYTIC,0.000633340965218381,0.00541463440842314,0.477270815362862,-0.386515788940254,-1.70777136306695,77,"Exo1,Pop1,Nop9,Slfn9,Fen1,Rnaseh2a,Apex1,Rpp40,Ago2,Nob1"
GOBP_POSITIVE_REGULATION_OF_CELL_SUBSTRATE_JUNCTION_ORGANIZATION,0.000638973967311747,0.00545351805377955,0.477270815362862,0.655694539611522,1.69206904046035,31,"Tek,Wnt4,Myoc,Kdr,Col16a1,Thy1,Ppm1f,Pik3r1,Iqsec1,Ptprj"
GOBP_NEGATIVE_REGULATION_OF_CELL_DEVELOPMENT,0.000642002374707953,0.00546415851445379,0.477270815362862,0.470906035923469,1.42910254260864,172,"Mag,Ccl11,Nkx6-2,Sox10,Nkx6-1,Efnb3,Wnt3,Daam2,Id4,Mbp"
GOBP_PROTEIN_LOCALIZATION_TO_CHROMOSOME_TELOMERIC_REGION,0.00064239460553853,0.00546415851445379,0.477270815362862,-0.55052967184821,-1.94801135404871,31,"Macroh2a1,Dkc1,Brca2,Tinf2,Acd,Tert,Gnl3,Tcp1,Cct8,Cct4"
GOBP_SPHINGOLIPID_BIOSYNTHETIC_PROCESS,0.000649150174426361,0.00551229379534006,0.477270815362862,0.511839939880352,1.51666207059539,107,"Fa2h,Ugt8a,Gal3st1,Degs2,A4galt,Sptlc3,Asah2,Sgms2,St8sia6,St6galnac3"
GOBP_SMALL_GTPASE_MEDIATED_SIGNAL_TRANSDUCTION,0.000651862324735757,0.00552598972419334,0.477270815362862,0.412780788738719,1.28711396296739,491,"Grap,Adra2a,Kndc1,Gpr20,Col1a2,Rasgrp3,Cdc42ep2,Rnd1,Gpr4,Gpr17"
GOBP_CELL_MATURATION,0.000653167354414908,0.00552773112902987,0.477270815362862,0.470150458892212,1.4268095224005,172,"Edn1,Ccl21a,C3,Sox10,Ccl19,Nkx6-1,Hoxa5,Pla2g3,Epas1,Slc26a3"
GOBP_NEGATIVE_REGULATION_OF_RNA_SPLICING,0.000659685836228424,0.00557351377936182,0.477270815362862,-0.593399970517032,-2.03067812779955,25,"Celf4,C1qbp,Rbmx,Srsf10,Srsf7,Rnps1,Srsf6,Rps26,Rps13,Ptbp1"
GOBP_NEGATIVE_REGULATION_OF_MRNA_SPLICING_VIA_SPLICEOSOME,0.000665169574054376,0.00560101750212956,0.477270815362862,-0.647042097112363,-2.12867541876656,20,"Celf4,C1qbp,Rbmx,Srsf10,Srsf7,Rnps1,Srsf6,Ptbp1,Hnrnpa2b1,Sap18"
GOBP_POSITIVE_REGULATION_OF_ION_TRANSMEMBRANE_TRANSPORT,0.000664332338769412,0.00560101750212956,0.477270815362862,0.486645039011221,1.47514434967084,157,"Edn1,Aplnr,Plp1,Ace2,Gjc2,Edn3,Kcna1,Nppa,Gstm7,Cltrn"
GOBP_FORMATION_OF_PRIMARY_GERM_LAYER,0.000668346431450798,0.0056145387210536,0.477270815362862,0.501648509642098,1.49554053519752,119,"Sox17,Foxf1,Itgb3,Epha2,Wnt3,Itgb4,Gata6,Dkk1,Sox7,Inhba"
GOBP_VASODILATION,0.000669009089697853,0.0056145387210536,0.477270815362862,0.601673402910239,1.64810873565341,47,"Adra2a,Klf2,Nppa,Adora2a,Nos3,Nppb,Agt,Vstm4,Gja5,Agtr2"
GOBP_HYALURONAN_METABOLIC_PROCESS,0.000670500185459787,0.00561767405384392,0.477270815362862,0.675758100808835,1.73148453658424,29,"Itih5,Itih3,Itih2,Itih6,Tnfaip6,Itih4,Tgfb1,Itih1,Ap2a1,Il15"
GOBP_AORTA_MORPHOGENESIS,0.000673945630337175,0.00562575346680481,0.477270815362862,0.645218864435575,1.67601559966344,32,"Eng,Acvrl1,Col3a1,Tbx2,Adamts9,Hey2,Dll4,Mylk,Six1,Fkbp10"
GOBP_EXTRACELLULAR_MATRIX_ASSEMBLY,0.0006740177138988,0.00562575346680481,0.477270815362862,0.621044994920927,1.68551691123124,44,"Hapln2,Myh11,Col1a2,Tie1,Col3a1,Agt,Lox,Tnxb,Thsd4,Tgfb1"
GOBP_REGULATION_OF_PROTEIN_POLYMERIZATION,0.000674821830213507,0.00562575346680481,0.477270815362862,0.464680333057583,1.41537168247346,198,"Ccl21a,Ccl11,Esam,Tppp,Cdc42ep2,Daam2,Tubb4a,Gsn,Cdh5,Hspa1a"
GOBP_NEGATIVE_REGULATION_OF_NERVOUS_SYSTEM_DEVELOPMENT,0.000687350358911692,0.00572071234147198,0.477270815362862,0.489646596016337,1.47408448338447,140,"Mag,Ccl11,Nkx6-2,Sox10,Nkx6-1,Efnb3,Wnt3,Daam2,Id4,Mbp"
GOBP_INTERFERON_GAMMA_PRODUCTION,0.000694307346350069,0.00575458337768247,0.477270815362862,0.506862333086602,1.50299641834188,108,"Pglyrp1,Isg15,Inhba,Cd14,Il18,Il1r1,Arid5a,Lgals9,Il12rb1,Tlr3"
GOBP_LONG_CHAIN_FATTY_ACID_BIOSYNTHETIC_PROCESS,0.000696347309123881,0.00575458337768247,0.477270815362862,0.677455493975096,1.7376405895508,28,"Plp1,Cyp2d22,Gstm7,Asah2,Cyp2e1,Alox12,Qki,Ltc4s,Alox5,Cyp1a2"
GOBP_MAINTENANCE_OF_LOCATION,0.000696433057113165,0.00575458337768247,0.477270815362862,0.43928061021323,1.36128372265544,316,"Aplnr,Ccl21a,C3,Itgb3,Ccl19,Pln,Sp100,Gsn,S100a8,Srgn"
GOBP_ORGANIC_ACID_BIOSYNTHETIC_PROCESS,0.000696433057113165,0.00575458337768247,0.477270815362862,0.435532695468664,1.34743018490763,295,"Fa2h,Edn1,Plp1,Ceacam1,Ptgis,Fads2b,Pla2g3,Aldh1a2,Slc45a3,Cyp2d22"
GOBP_PEPTIDYL_LYSINE_TRIMETHYLATION,0.000697143679532251,0.00575458337768247,0.477270815362862,-0.430770484858596,-1.78522586265954,54,"Suv39h2,Suv39h1,Smyd5,Bend3,Pwp1,Nfyb,Nfyc,Vcpkmt,Dmrtc2,H1f4"
GOBP_NEGATIVE_REGULATION_OF_EPITHELIAL_CELL_PROLIFERATION,0.000702751502187781,0.00579136360901307,0.477270815362862,0.50343716508614,1.5025100290914,122,"Nkx2-9,Lims2,Mmrn2,Serpinf1,Ceacam1,Flt1,Acvrl1,Snai2,Sulf1,Xdh"
GOBP_POSITIVE_REGULATION_OF_CELLULAR_COMPONENT_BIOGENESIS,0.000707575750203774,0.00581141323955579,0.477270815362862,0.41000316310858,1.27789153601502,487,"Cldn5,Ccl21a,Ace2,Ccl11,Tek,Lrrn1,Tppp,Ccl19,Epha2,Cdc42ep2"
GOBP_POSITIVE_REGULATION_OF_CYTOKINE_PRODUCTION_INVOLVED_IN_IMMUNE_RESPONSE,0.000707921215886345,0.00581141323955579,0.477270815362862,0.55431382653688,1.59275525314216,71,"Cd55,Il6,Il18,Il1r1,Arid5a,Sema7a,Prkcz,Gprc5b,Rigi,Tlr4"
GOBP_POSITIVE_REGULATION_OF_INTERLEUKIN_1_PRODUCTION,0.000708652539456475,0.00581141323955579,0.477270815362862,0.552588012913569,1.58684701052789,70,"Ccl19,Gbp5,Mndal,Il6,Ager,Ccl3,Lgals9,Ifi204,Pira13,Tlr4"
GOBP_REGULATION_OF_CD4_POSITIVE_ALPHA_BETA_T_CELL_ACTIVATION,0.000711593006425174,0.00582602287182305,0.477270815362862,0.564706044997656,1.60397819771445,63,"Ccl19,Cd55,Ager,Il18,Lgals9,Jak3,Il12rb1,Prkcz,Nfkbiz,Cd83"
GOBP_CARDIAC_VENTRICLE_DEVELOPMENT,0.000713995288260058,0.00583618587655823,0.477270815362862,0.505936226877997,1.51246946753027,124,"Aplnr,Foxf1,Eng,Tbx3,Pde2a,Nos3,Dsp,Ednra,Gja5,Foxc2"
GOBP_REGULATION_OF_PLATELET_ACTIVATION,0.000726669129442657,0.00593013914563025,0.477270815362862,0.603262538472546,1.65936817547336,48,"Ceacam1,Selp,Thbd,Nos3,Il6,Alox12,Gp1bb,Tlr4,Gp5,F11r"
GOBP_NEGATIVE_REGULATION_OF_INTERLEUKIN_6_PRODUCTION,0.000729761338504115,0.0059457216347815,0.477270815362862,0.609921509243135,1.66396141613283,45,"Klf2,Irak3,Aqp4,C1qtnf3,C5ar2,Tlr4,Syt11,Havcr2,Cd200,Inpp5d"
GOBP_REGULATION_OF_LIPASE_ACTIVITY,0.00073562082348457,0.00598376355931543,0.477270815362862,0.531967881751992,1.553802605394,88,"Sele,Flt1,S1pr4,Agt,Lpar1,Htr2a,Rhoc,Ednra,Gpihbp1,Prkcz"
GOBP_LYMPH_VESSEL_DEVELOPMENT,0.000745694389247913,0.00605590580734937,0.477270815362862,0.673491829443368,1.72567770449401,29,"Clec14a,Tie1,Epha2,Acvrl1,Flt4,Tmem204,Kdr,Foxc2,Foxc1,Sox18"
GOBP_CELL_COMMUNICATION_BY_ELECTRICAL_COUPLING,0.000749802033570564,0.00607944326251488,0.477270815362862,0.647283674651588,1.68768308650294,34,"Gjb2,Gjc2,Gjb6,Gjc3,Kcna1,Gja5,Casq2,Hrc,Gjc1,Tbx5"
GOBP_ICOSANOID_BIOSYNTHETIC_PROCESS,0.000763733721197356,0.00618243062231741,0.477270815362862,0.598577111800822,1.63962734957107,47,"Edn1,Ptgis,Pla2g3,Ptgs2,Ptgs1,Ggt7,Alox5ap,Mgst3,Pla2g4a,Ltc4s"
GOBP_NEGATIVE_REGULATION_OF_CHEMOKINE_PRODUCTION,0.000769024341171081,0.00621524977985052,0.477270815362862,0.709024238942272,1.7570907126718,24,"Apod,Epha2,Il6,Klf4,C1qtnf3,Lgals9,Oas1a,Sigirr,Nr1h4,Oas3"
GOBP_REGULATION_OF_NEUTROPHIL_MIGRATION,0.000773588349857967,0.00624210053729695,0.477270815362862,0.608834017463643,1.64072986625819,42,"Edn1,Ccl21a,Ccl19,Il1r1,Bst1,Tnfaip6,C5ar2,Rhog,Mdk,Dapk2"
GOBP_MONONUCLEAR_CELL_DIFFERENTIATION,0.000785574694742038,0.0063135698989437,0.477270815362862,0.416682464939066,1.29814911640789,424,"Pglyrp1,Hoxa7,Ceacam1,Ccl19,Wnt4,Il34,Il2ra,Dock10,Batf2,Lyl1"
GOBP_POSITIVE_REGULATION_OF_INTERLEUKIN_6_PRODUCTION,0.000786213398993188,0.0063135698989437,0.477270815362862,0.528209858027916,1.55875609399332,96,"Il33,Mbp,Twist1,Il6,Ager,Arid5a,Ifih1,Lgals9,Tlr3,Rigi"
GOBP_REGULATION_OF_GTPASE_ACTIVITY,0.000785574694742038,0.0063135698989437,0.477270815362862,0.425781787613549,1.31999069687419,337,"Ccl21a,Ccl11,Ccl19,Epha2,Rasgrp3,Wnt4,Plxnb3,Ccl7,S1pr1,Epha1"
GOBP_NEGATIVE_REGULATION_OF_GROWTH,0.000797514130118969,0.00639410451691875,0.477270815362862,0.456345520422438,1.40057080329728,226,"Mag,Sox17,Scgb3a1,Wnt3,Acvrl1,Pi16,Wfdc1,Nppb,Hspa1a,Sema4d"
GOBP_ENDONUCLEOLYTIC_CLEAVAGE_INVOLVED_IN_RRNA_PROCESSING,0.000801368601747204,0.00641477700793502,0.477270815362862,-0.735797032614751,-2.12213460302949,15,"Nop9,Rpp40,Tsr1,Rcl1,Nop14,Nol9,Rps21,Utp20,Bop1,Tbl3"
GOBP_CELL_ADHESION_MEDIATED_BY_INTEGRIN,0.000806523353268493,0.00644577567071656,0.477270815362862,0.536949411144409,1.56434709173344,86,"Ccl21a,Itgb3,Epha2,Itgb4,Snai2,Icam1,Acer2,Plau,Foxc2,Vtn"
GOBP_TOLL_LIKE_RECEPTOR_4_SIGNALING_PATHWAY,0.000812821868241106,0.00647588512194295,0.477270815362862,0.60718447210552,1.65649435008827,45,"Tril,Cd14,Lgals9,Oas1a,Pira13,Rab7b,Tlr4,Lbp,S100a14,Nr1h4"
GOBP_TRNA_5_LEADER_REMOVAL,0.000812867219404416,0.00647588512194295,0.477270815362862,-0.753704005980954,-2.12011092340709,13,"Pop1,Rpp40,Rpp14,Rpp25l,Ssb,Prorp,Rpp38,Pop7,Rpp30,Pop5"
GOBP_RESPONSE_TO_TOXIC_SUBSTANCE,0.00082146478858555,0.00653402451300563,0.477270815362862,0.455668272230551,1.39321299305122,216,"Gjc2,Slc22a8,Cnp,Slc6a1,Mbp,Gstm7,Slc22a18,Nos3,Gata6,Trpm6"
GOBP_ASTROCYTE_DIFFERENTIATION,0.000831107906828464,0.00660028348756191,0.477270815362862,0.54874210312528,1.59008330450881,76,"Mag,Plp1,Id4,S100a8,Nkx2-2,Adora2a,Lamc3,Tspan2,Il6,Cntn2"
GOBP_OSTEOCLAST_DIFFERENTIATION,0.000854086812643793,0.0067720731974138,0.477270815362862,0.519374088958453,1.53366058560245,97,"Bglap3,Bglap2,Bglap,Trf,Epha2,Fos,Ccl3,Tnfaip6,Csf1,Tlr3"
GOBP_POSITIVE_REGULATION_OF_PATHWAY_RESTRICTED_SMAD_PROTEIN_PHOSPHORYLATION,0.000856639823457728,0.00678161951578268,0.477270815362862,0.597403492888995,1.64325195217097,48,"Eng,Acvrl1,Inhba,Nodal,Dab2,Lefty2,Bmp3,Bmp5,Tgfb1,Lefty1"
GOBP_POSITIVE_REGULATION_OF_MACROPHAGE_CHEMOTAXIS,0.000861601395650191,0.00681017329549294,0.477270815362862,0.722971699684579,1.69281551283192,18,"Rarres2,Il34,Csf1,Mdk,Thbs1,Cxcl17,Ccl5,C5ar1,Cmklr1,Csf1r"
GOBP_GLYCOPROTEIN_BIOSYNTHETIC_PROCESS,0.000874716504150779,0.00689216279994666,0.477270815362862,0.436419265466978,1.35042102008444,296,"Cytl1,Ccl21a,Gal3st1,Il33,Ccl19,Galnt6,B3gnt3,B3gnt6,B3gnt9,B3galt5"
GOBP_POSITIVE_REGULATION_OF_SECRETION,0.000874716504150779,0.00689216279994666,0.477270815362862,0.437173147932232,1.3532509344688,303,"Edn1,Edn3,Nkx6-1,Pla2g3,S100a8,Slc6a1,Or51e2,Adora2a,Cyp4f14,Nppb"
GOBP_ENDOTHELIAL_CELL_DEVELOPMENT,0.000880581496057527,0.00692751671468105,0.477270815362862,0.560068324308048,1.60539756970332,69,"Hapln2,Cldn5,Ppp1r16b,Pecam1,Robo4,Pde2a,Cdh5,Icam1,Ednra,Col22a1"
GOBP_MAMMARY_GLAND_DEVELOPMENT,0.000892097685173511,0.00700714853651131,0.477270815362862,0.493345420294969,1.48168391437212,131,"Ccl11,Foxf1,Tgfa,Hoxa5,Epha2,Wnt3,Wnt4,Tbx3,Msx2,Lbh"
GOBP_NEGATIVE_REGULATION_OF_CELL_SUBSTRATE_ADHESION,0.000894427117064721,0.0070144853626901,0.477270815362862,0.572328044377141,1.60932356688937,59,"Apod,Hoxa7,Acvrl1,Col1a1,Fam107a,Myoc,Acer2,Ajap1,Spry4,Arhgap6"
GOBP_REGULATION_OF_LYMPHOCYTE_MEDIATED_IMMUNITY,0.000897001977342579,0.00701786719691912,0.477270815362862,0.468182652788983,1.42288154965966,175,"C3,Ceacam1,Mill2,Cd55,Il6,Cd40,Azgp1,Ager,Il18,Il1r1"
GOBP_RESPONSE_TO_TYPE_I_INTERFERON,0.000897650409313506,0.00701786719691912,0.477270815362862,0.556717136854665,1.58328596630908,65,"Sp100,Zbp1,Isg15,Mx2,Ifit1,Ch25h,Usp18,Ifitm1,Irf7,Ifi27"
GOBP_HISTONE_H2A_ACETYLATION,0.000899341957282344,0.00702017394294774,0.477270815362862,-0.607284108531549,-2.04770857063826,22,"Ruvbl2,Naa40,Ruvbl1,Actl6a,Yeats4,Mbtd1,Mrgbp,Brd8,Vps72,Trrap"
GOBP_PROTEIN_LOCALIZATION_TO_NUCLEAR_BODY,0.000901042215553936,0.00702254142261959,0.477270815362862,-0.778720504349531,-2.1511566028065,12,"Dkc1,Larp7,Tcp1,Cct8,Cct4,Cct5,Cct6a,Cct2,Cct7,Cct3"
GOBP_CELLULAR_RESPONSE_TO_VASCULAR_ENDOTHELIAL_GROWTH_FACTOR_STIMULUS,0.000903278311566255,0.00702907131926249,0.477270815362862,0.564116917505535,1.59151051493391,60,"Dcn,Flt1,Flt4,Egr3,Cadm4,Xdh,Kdr,Pgf,Foxc1,Nr4a1"
GOBP_PHOSPHATIDYLCHOLINE_METABOLIC_PROCESS,0.000915113621323498,0.00711016410261704,0.477270815362862,0.549640998493056,1.57932843414988,71,"Enpp2,Lcat,Pla2g3,Lipc,Cds1,Lpcat2,Gpld1,Pcyt1b,Pla2g2d,Pon1"
GOBP_OSTEOBLAST_DIFFERENTIATION,0.000941572944590842,0.00730445554391692,0.477270815362862,0.448330918668863,1.37644759942064,225,"Bglap3,Bglap2,Bglap,Ibsp,Epha2,Wnt3,Wnt4,Id4,Sp7,Col1a1"
GOBP_CAMP_METABOLIC_PROCESS,0.000943603259444686,0.0073049070031779,0.477270815362862,0.704517393286835,1.71598944991993,22,"Epha2,Adcy4,Pthlh,Adcy5,Pde8a,Pde4a,Pde4c,Pde4b"
GOBP_MYELOID_CELL_ACTIVATION_INVOLVED_IN_IMMUNE_RESPONSE,0.000944584817978883,0.0073049070031779,0.477270815362862,0.518165303823836,1.53009116202735,97,"Foxf1,Pla2g3,Enpp3,Ptgdr,Il13ra2,Ccl3,Lgals9,Gata2,Pira13,Havcr2"
GOBP_PEPTIDE_CROSS_LINKING,0.000945990542882199,0.0073049070031779,0.477270815362862,0.637450895151491,1.65583758191559,32,"Dcn,Spock3,Ndnf,Dsp,Col3a1,Tgm2,Krt1,Fn1,Thbs1,Sprr1a"
GOBP_RESPONSE_TO_GRAVITY,0.000948235143297094,0.00731100930269094,0.477270815362862,0.836067545784923,1.7521536336889,10,"Bglap3,Bglap2,Bglap,Fos,Otop1,Nox3"
GOBP_MRNA_CLEAVAGE,0.000954235431474749,0.00731538104779409,0.477270815362862,-0.635798571734523,-2.09168583771936,20,"Cpsf4,Nudt21,Cstf3,Cpsf2,Ncbp1,Cstf2,Cpsf6,Polr2i,Cpsf1,Cpsf3"
GOBP_POSITIVE_REGULATION_OF_NEUROGENESIS,0.000954623029113372,0.00731538104779409,0.477270815362862,0.452886929447794,1.38574436184373,217,"Mag,Gjc2,Nkx6-2,Serpinf1,Sox10,Nkx6-1,Wnt3,Lpar3,Plxnb3,Il34"
GOBP_REGULATION_OF_NEUROGENESIS,0.000952715690393865,0.00731538104779409,0.477270815362862,0.423040821393605,1.31295988991528,350,"Mag,Gjc2,Ccl11,Nkx6-2,Serpinf1,Sox10,Nkx6-1,Efnb3,Wnt3,Daam2"
GOBP_REGULATION_OF_T_CELL_PROLIFERATION,0.000952715690393865,0.00731538104779409,0.477270815362862,0.474276595973612,1.44096007595494,163,"Lrrc32,Ccl19,Tnfrsf13c,Cd55,Il2ra,Il6,Tnfsf8,Ager,Il18,Lgals9"
GOBP_REGULATION_OF_CARDIOCYTE_DIFFERENTIATION,0.000956965451439522,0.00732216944351062,0.477270815362862,0.669062356127787,1.70194095699165,27,"Sox17,Gata6,Dkk1,Tgfb1,Hey2,Tbx5,Gper1,Prickle1,Myocd"
GOBP_NEGATIVE_REGULATION_OF_BLOOD_VESSEL_ENDOTHELIAL_CELL_MIGRATION,0.000964307511734505,0.00735595426629644,0.477270815362862,0.623717061635128,1.63790338282605,35,"Mmrn2,Tbxa2r,Acvrl1,Angpt4,Jup,Klf4,Agtr2,Angpt2,Tgfb1,Thbs1"
GOBP_POSITIVE_REGULATION_OF_IMMUNE_EFFECTOR_PROCESS,0.000963858437682549,0.00735595426629644,0.477270815362862,0.447668116168695,1.38033868431838,252,"Foxf1,C3,Ccl19,Pla2g3,Cd55,Il6,Enpp3,Cd40,Azgp1,Il13ra2"
GOBP_REGULATION_OF_NITRIC_OXIDE_METABOLIC_PROCESS,0.000966603723860832,0.00736229836340667,0.477270815362862,0.572816976864547,1.60096737576891,56,"Edn1,Cd34,Ptgis,Klf2,Agt,Ptgs2,Klf4,Agtr2,Tlr4,Zc3h12a"
GOBP_POSITIVE_REGULATION_OF_APOPTOTIC_SIGNALING_PATHWAY,0.000972603121088943,0.0073967865199911,0.477270815362862,0.493702984219496,1.47663937534497,125,"Mal,S100a8,Adora2a,Tnfsf10,Agt,Septin4,Inhba,Agtr2,S100a9,Ctsh"
GOBP_CELLULAR_RESPONSE_TO_INTERFERON_BETA,0.000975816451062317,0.00741001404756838,0.477270815362862,0.70303245662005,1.74224198890118,24,"Irgm2,Mndal,Tlr3,Oas1a,Ifi204,Irf1,Trim6,Acod1,Irgm1,Oas1g"
GOBP_PHENOL_CONTAINING_COMPOUND_BIOSYNTHETIC_PROCESS,0.000979563415933185,0.00742724780074829,0.45505986738723,-0.456768391775347,-1.85668636925011,47,"Pah,Pmel,Tyr,Tph1,Tyrp1,Slc24a5,Hand2,Oca2,Insm1,Opn3"
GOBP_BONE_DEVELOPMENT,0.000999283257910491,0.00756535683360849,0.45505986738723,0.455407047584104,1.3943816394347,218,"Bglap3,Bglap2,Bglap,Eng,Hoxb4,Col1a1,Chad,Msx2,Col3a1,Tgm2"
GOBP_CYTOPLASMIC_PATTERN_RECOGNITION_RECEPTOR_SIGNALING_PATHWAY,0.00100397741531762,0.00758145462611488,0.45505986738723,0.565171156675657,1.59747078500407,61,"Irgm2,Hspa1a,Hspa1b,Ifih1,Ddx60,Irf7,Rigi,Tlr4,Oas3,Nfkbia"
GOBP_DORSAL_AORTA_DEVELOPMENT,0.00100442585657301,0.00758145462611488,0.45505986738723,0.835661869536115,1.75130345463694,10,"Eng,Acvrl1,Nkx3-1,Hey2,Dll4"
GOBP_HEAD_MORPHOGENESIS,0.00101005873484355,0.00761254161927818,0.45505986738723,0.641669360250532,1.67304470795575,34,"Cldn5,Wnt3,Col1a1,Crispld2,Dkk1,Crispld1,Csrnp1,Nog,Rras"
GOBP_DETECTION_OF_MOLECULE_OF_BACTERIAL_ORIGIN,0.00101714870844712,0.00765450083437675,0.45505986738723,0.803959046399796,1.74580950350655,12,"Tlr4,Tlr1,Lbp,C4b,Nod2,Tlr2,Dmbt1,Trem2,Tlr6"
GOBP_REGULATION_OF_LIPID_LOCALIZATION,0.00101957219470615,0.0076612696902658,0.45505986738723,0.473908094388019,1.43918812058198,162,"Edn1,C3,Itgb3,Pla2g3,Cyp4f14,Cidea,Agt,Il6,Apoc4,Dab2"
GOBP_DNA_DOUBLE_STRAND_BREAK_PROCESSING,0.00102312080521695,0.00767646013108301,0.45505986738723,-0.665004300851968,-2.07519088158403,18,"Brip1,Dna2,4930447C04Rik,Blm,Rbbp8,Mre11a,Slx4,Smarcad1,Rad52,Ube2v2"
GOBP_NEGATIVE_REGULATION_OF_TRANSLATIONAL_INITIATION,0.00102800428295609,0.00770160585755629,0.45505986738723,-0.64525830461972,-2.07800938727245,19,"Rbm4,Eif4ebp1,Ago2,Rpl13a,Eif2s1,Tpr,Eif3e,Larp1,Eif4ebp3,Eif2ak4"
GOBP_REGIONALIZATION,0.00103071494991545,0.00771042269825143,0.45505986738723,0.421838883779165,1.30827844187075,340,"Edn1,Sox17,Hoxa7,Foxf1,C3,Hoxb7,Fgf1,Hoxd8,Hoxa5,Hoxa4"
GOBP_POSITIVE_REGULATION_OF_DNA_TEMPLATED_TRANSCRIPTION_ELONGATION,0.00103380302108411,0.00772203237294182,0.45505986738723,-0.550174843519194,-1.94907233660947,30,"Hmgn1,Thoc1,Supt16,Tcerg1,Ell3,Ddx39b,Ercc6,Alyref,Ccnt1,Cdc73"
GOBP_DEFENSE_RESPONSE_TO_BACTERIUM,0.001041857706298,0.00777065087471816,0.45505986738723,0.42547085127723,1.32299327443325,373,"Pglyrp1,Trf,Gbp4,Selp,Rarres2,Epha2,Gbp9,Mill2,S100a8,Irgm2"
GOBP_MUCOPOLYSACCHARIDE_METABOLIC_PROCESS,0.00104568828575908,0.00778766668520129,0.45505986738723,0.53064850301927,1.54714491894328,87,"Dcn,B3gnt3,Spock3,Itih5,Ndnf,Itih3,Itih2,Itih6,Ednra,Dsel"
GOBP_REGULATION_OF_ION_TRANSMEMBRANE_TRANSPORT,0.00105300046381656,0.00783052267989031,0.45505986738723,0.414216999105569,1.2911240731232,453,"Edn1,Aplnr,Plp1,Ace2,Gjc2,Edn3,Kcna5,Adra2a,Clic5,Pln"
GOBP_LEUKOCYTE_ADHESION_TO_VASCULAR_ENDOTHELIAL_CELL,0.00107159009570033,0.00795699174458721,0.45505986738723,0.597320658186066,1.63380604757991,46,"Ccl21a,Sele,Selp,Cxcl12,Il6,Klf4,Slc39a8,Mdk,Chst4,Vcam1"
GOBP_MAINTENANCE_OF_LOCATION_IN_CELL,0.00108969456070303,0.00807949049654005,0.45505986738723,0.453803851138566,1.38610845243581,212,"Aplnr,Ccl21a,Ccl19,Pln,Sp100,Gsn,S100a8,Srgn,Gstm7,Lcn2"
GOBP_ALCOHOL_METABOLIC_PROCESS,0.00109757150455897,0.0081139587550264,0.45505986738723,0.423260141764009,1.3121731970209,337,"Adh1,Lcat,Fgf1,Hmgcs2,Wnt4,Aldh1a2,Cyp2d22,Degs2,Sptlc3,Hrh1"
GOBP_LIVER_MORPHOGENESIS,0.00109722295405755,0.0081139587550264,0.45505986738723,0.683921177691875,1.68217960014247,23,"Lims2,Tgfa,Ceacam1,Fgf1,Il6,Mdk"
GOBP_POSITIVE_REGULATION_OF_MRNA_SPLICING_VIA_SPLICEOSOME,0.00110519490959826,0.00815831837085236,0.45505986738723,-0.611240302799739,-2.05722021416649,21,"Celf4,Ncl,Rbm3,Rbmx,Ncbp1,Celf3,Rbmxl1,Nup98,Tra2b,Sf3b4"
GOBP_CELLULAR_RESPONSE_TO_MECHANICAL_STIMULUS,0.00111079594231432,0.00818764105867171,0.45505986738723,0.556429915572479,1.59496831975621,69,"Mag,Eng,Col1a1,Pde2a,Piezo2,Casp4,Agt,Ptgs2,Cd40,Tlr3"
GOBP_POSTREPLICATION_REPAIR,0.00112134689414106,0.00825331015643792,0.45505986738723,-0.504236205573446,-1.84262107345464,34,"Dtl,Rad18,Pclaf,Brca1,Pole2,Pold3,Pold2,Pold1,Usp10,Pcna"
GOBP_POSITIVE_REGULATION_OF_CELL_JUNCTION_ASSEMBLY,0.00112672383910462,0.00828076131458907,0.45505986738723,0.498433363528462,1.47402700730493,103,"Cldn5,Ace2,Tek,Lrrn1,Epha2,Wnt4,Lrrc4b,Sema4d,Agt,Myoc"
GOBP_ARACHIDONIC_ACID_METABOLIC_PROCESS,0.00113182047119094,0.00830607519514866,0.45505986738723,0.586766460002753,1.6310008120961,53,"Ptgis,Cyp2d22,Cyp4f14,Ptgs2,Cyp2e1,Alox12,Faah,Ptgs1,Cyp4f18,Pla2g2f"
GOBP_SPECIFICATION_OF_SYMMETRY,0.00113553740745232,0.00832120487939184,0.45505986738723,0.488717822608113,1.46994585953066,134,"Sox17,Aplnr,Foxf1,Eng,Daam2,Aldh1a2,Tbx3,Grem2,Cfap45,Dnai2"
GOBP_T_CELL_MEDIATED_IMMUNITY,0.00113896458272632,0.00833417024361747,0.45505986738723,0.506660679747041,1.50993452732601,115,"Ceacam1,Mill2,Cd55,Il6,Icam1,Azgp1,Ager,Il18,Il1r1,Arid5a"
GOBP_LYMPHANGIOGENESIS,0.00114211785159792,0.00833466290132583,0.45505986738723,0.74102490034526,1.71806774477377,17,"Clec14a,Tie1,Epha2,Acvrl1,Flt4,Foxc2,Foxc1,Sox18,Vegfc,Prox1"
GOBP_VENTRICULAR_CARDIAC_MUSCLE_TISSUE_DEVELOPMENT,0.00114234786930843,0.00833466290132583,0.45505986738723,0.569983762072202,1.59304881777519,56,"Eng,Tbx3,Dsp,Ednra,Hopx,Foxc2,Tnni1,Foxc1,Tgfb1,Tnnt2"
GOBP_MESENCHYMAL_CELL_DEVELOPMENT,0.00114619313692858,0.00835059840484057,0.45505986738723,0.52392599646844,1.53031340099935,88,"Edn1,Edn3,Sox10,Eng,Aldh1a2,Snai2,Sema4d,Twist1,Ednra,Sox8"
GOBP_NEURAL_CREST_CELL_DIFFERENTIATION,0.00115053942604671,0.00835803713112254,0.45505986738723,0.507263701105703,1.49332547010938,95,"Edn1,Edn3,Sox10,Eng,Aldh1a2,Snai2,Sema4d,Twist1,Ednra,Sox8"
GOBP_POSITIVE_REGULATION_OF_JNK_CASCADE,0.00115053942604671,0.00835803713112254,0.45505986738723,0.507605371402323,1.49433130781315,95,"Ccl21a,Ccl19,Dusp15,Flt4,Traf1,Ager,Unc5cl,Wnt7b,Tlr3,Tlr4"
GOBP_NUCLEOTIDE_BINDING_DOMAIN_LEUCINE_RICH_REPEAT_CONTAINING_RECEPTOR_SIGNALING_PATHWAY,0.00115976337147825,0.0084128866788184,0.45505986738723,0.663878342817073,1.68875401784571,27,"Irgm2,Hspa1a,Hspa1b,Tlr4,Nfkbia,Tnfaip3,Irgm1,Nod2,Slc15a3,Birc3"
GOBP_NEGATIVE_REGULATION_OF_EPITHELIAL_CELL_DIFFERENTIATION,0.0011750471401749,0.00849922586138017,0.45505986738723,0.611356390421251,1.65922202621648,44,"Hoxa7,Acvrl1,Tbx3,Msx2,Xdh,Nodal,Il1a,Frzb,Trp63,S1pr3"
GOBP_TOLL_LIKE_RECEPTOR_9_SIGNALING_PATHWAY,0.00117445173488539,0.00849922586138017,0.45505986738723,0.700483359371656,1.68019402198027,21,"Pira13,Rab7b,Havcr2,Rsad2,Nr1h4,Rtn4,Tlr9,Pik3ap1,Unc93b1,Lilra6"
GOBP_REGULATION_OF_EXTRINSIC_APOPTOTIC_SIGNALING_PATHWAY_VIA_DEATH_DOMAIN_RECEPTORS,0.00118747551686033,0.00857678078054152,0.45505986738723,0.591799029731971,1.62783599773938,48,"Mal,Sp100,Nos3,Faim2,Icam1,Pea15a,Bmp5,Atf3,Thbs1,Rffl"
GOBP_ORGANIC_HYDROXY_COMPOUND_TRANSPORT,0.00119688126584057,0.00861994573550222,0.45505986738723,0.441958684654918,1.36527737143122,265,"Slc5a11,Slco1c1,Lcat,Ceacam1,Adra2a,Itgb3,Slco2b1,Sncg,Atp8b1,Slc10a6"
GOBP_POSITIVE_REGULATION_OF_PROTEIN_POLYMERIZATION,0.00119643508065653,0.00861994573550222,0.45505986738723,0.523156555224085,1.53505276500763,92,"Ccl21a,Ccl11,Tppp,Cdc42ep2,Hspa1a,Csf3,Hspa1b,Pak1,Ocln,Cdc42ep1"
GOBP_SEMI_LUNAR_VALVE_DEVELOPMENT,0.0012118669058553,0.00871538617415538,0.45505986738723,0.624177288713779,1.67784846758571,41,"Tie1,Snai2,Nppa,Nos3,Twist1,Gja5,Tnfrsf1b,Tgfb1,Snai1,Hey2"
GOBP_OVULATION_CYCLE,0.00121372103641421,0.00871625092864893,0.45505986738723,0.54403298611803,1.56321447353335,71,"Serpinf1,A2m,Nos3,Timp4,Inhba,Tnfaip6,Zp3,Mdk,Lhcgr,Ptprn"
GOBP_REGULATION_OF_PHOSPHOLIPASE_C_ACTIVITY,0.00121734494110748,0.00872980459193627,0.45505986738723,0.600492725859171,1.61825115142612,42,"Sele,Flt1,S1pr4,Agt,Lpar1,Htr2a,Ednra,Arhgap6,Esr1,Itk"
GOBP_AXONEMAL_DYNEIN_COMPLEX_ASSEMBLY,0.0012209273724071,0.00873058591904761,0.45505986738723,0.611382283581974,1.61303499590547,37,"Dnai2,Dnah5,Ttc12,Drc1,Dnai3,Cfap100,Dnah1,Odad1,Tekt2,Odad2"
GOBP_TRANSCRIPTION_PREINITIATION_COMPLEX_ASSEMBLY,0.00122005110178766,0.00873058591904761,0.45505986738723,-0.482988100859888,-1.85041016530726,39,"Polr1e,Taf5,Taf9,Taf6,Gtf2a2,Hmgb1,Trp53,Taf1c,Tbp,Psmc6"
GOBP_POSITIVE_REGULATION_OF_NIK_NF_KAPPAB_SIGNALING,0.0012250996711306,0.00874797733916692,0.45505986738723,0.559604340762514,1.58791701208416,64,"Edn1,Ccl19,Ager,Cd14,Il18,Lgals9,Tlr3,Tlr4,Havcr2,Nod1"
GOBP_NUCLEOTIDE_BINDING_OLIGOMERIZATION_DOMAIN_CONTAINING_2_SIGNALING_PATHWAY,0.00123562355073696,0.00881060934688611,0.45505986738723,0.738844228888092,1.71301185354696,17,"Irgm2,Hspa1a,Hspa1b,Tlr4,Nfkbia,Tnfaip3,Irgm1,Nod2,Slc15a3"
GOBP_POSITIVE_REGULATION_OF_CYTOKINESIS,0.00123760549320886,0.00881224194668691,0.45505986738723,-0.482676826897989,-1.8492176214283,39,"Kif20b,Cdc6,Ect2,Racgap1,Aurkb,Kif14,Kif23,Mrgprb1,Cdc25b,Cit"
GOBP_THYROID_GLAND_DEVELOPMENT,0.00124565654882487,0.00885702329694851,0.45505986738723,0.671475696028351,1.69867636294685,26,"Edn1,Hoxa5,Hoxb3,Hoxa3,Ednra,Hoxd3,Shh,Six1"
GOBP_REGULATION_OF_MICROTUBULE_POLYMERIZATION_OR_DEPOLYMERIZATION,0.00124750574769348,0.00885764321137732,0.45505986738723,0.522689484231292,1.52670172442716,88,"Stmn4,Stmnd1,Tubb4a,Cdh5,Hspa1a,Eml2,Hspa1b,Pak1,Slc39a12,Ocln"
GOBP_FACULTATIVE_HETEROCHROMATIN_ASSEMBLY,0.00125191810284461,0.00887643484203079,0.45505986738723,-0.533483254554613,-1.88769377966203,31,"Hells,Macroh2a1,Suv39h1,Bend3,Rrp8,Dnmt1,Trim28,L3mbtl3,Kdm1a,Setdb1"
GOBP_POSITIVE_REGULATION_OF_BMP_SIGNALING_PATHWAY,0.0012696515219226,0.00898949042352806,0.45505986738723,0.609464717785517,1.60797580328623,37,"Eng,Acvrl1,Cdh5,Gata6,Msx2,Sulf1,Kdr,Foxd1,Ccn1,Gdf5"
GOBP_CHROMATIN_REMODELING_AT_CENTROMERE,0.00128503988976583,0.00908564771568613,0.45505986738723,-0.808223556997092,-2.19882938023148,11,"Hells,Oip5,Cenpw,Cenpp,Nasp,Hjurp,Mis18a,Cenpv,H3f3a"
GOBP_REGULATION_OF_LYMPHOCYTE_MIGRATION,0.00129920826997704,0.00917292131063843,0.45505986738723,0.565957772214477,1.58984933196782,58,"Apod,Ccl21a,Ccl7,Cxcl12,Ccl3,Ripk3,Ecm1,Cd200,Ccl4,Il27ra"
GOBP_INTERLEUKIN_17_PRODUCTION,0.00133925424944482,0.00944239987652046,0.45505986738723,0.618700224540671,1.63008062171247,36,"Osm,Il6,Il18,Arid5a,Tlr4,Tgfb1,Nr1h4,Il27ra,Rftn1,Vsir"
GOBP_NEGATIVE_REGULATION_OF_DNA_REPLICATION,0.0013477564243899,0.00948903577788242,0.45505986738723,-0.512177325874801,-1.8230339860326,32,"Gmnc,Fbxo5,Cdc6,Blm,Cdt1,Slfn9,Tipin,Brca2,Zranb3,Timeless"
GOBP_REGULATION_OF_CELL_MORPHOGENESIS,0.00135060506774709,0.00949579255323724,0.45505986738723,0.426479402898651,1.31977328487661,297,"Ermn,Lims2,Ccl11,Enpp2,Cdc42ep2,Rnd1,Plxnb3,Ccl7,Fgd5,Sema4d"
GOBP_TRACHEA_DEVELOPMENT,0.00135584526374846,0.00951932142578699,0.45505986738723,0.714472352077245,1.67291455753184,18,"Foxf1,Hoxa5,Wnt7b,Hydin,Rarg,Shh,Tgfbr2"
GOBP_REACTIVE_NITROGEN_SPECIES_METABOLIC_PROCESS,0.0013654755051826,0.00957356396729837,0.45505986738723,0.543828900642389,1.57041570865006,74,"Edn1,Cd34,Ptgis,Klf2,Nos3,Mtarc1,Agt,Ptgs2,Klf4,Agtr2"
GOBP_CELLULAR_RESPONSE_TO_XENOBIOTIC_STIMULUS,0.00137393821145744,0.00961948104317069,0.45505986738723,0.472239027245,1.43295501251129,158,"Edn1,Fmo2,Sox10,Cyp2d22,Gstm7,Cyp4f14,Sult1a1,Kcnq1,Cyp2e1,Gpld1"
GOBP_NCRNA_CATABOLIC_PROCESS,0.00140267425030392,0.00980701454280643,0.45505986738723,-0.461525665934027,-1.79545411000719,44,"Lin28b,Dis3,Pop1,Slfn9,Mrpl44,Exosc8,Exosc3,Nsun2,Lin28a,Mtrex"
GOBP_REGULATION_OF_CELL_CYCLE_CHECKPOINT,0.00140703689926351,0.00982385346194121,0.45505986738723,-0.496640124019524,-1.81486285262038,34,"Usp44,Ccnb1,Mad2l1,Gen1,Ndc80,Cdt1,Wdr76,Rfwd3,Thoc1,Chek2"
GOBP_POSITIVE_REGULATION_OF_DOUBLE_STRAND_BREAK_REPAIR,0.00143458028545444,0.0100022678155055,0.45505986738723,-0.402885716992022,-1.77739985734173,64,"Rad51ap1,Fancb,Ddx11,Rbbp8,Ruvbl2,Timeless,Ruvbl1,Khdc3,Foxm1,Actl6a"
GOBP_CYCLIC_NUCLEOTIDE_CATABOLIC_PROCESS,0.00144661215779259,0.0100721874199769,0.45505986738723,0.785477688149494,1.73114677712141,13,"Cnp,Pde2a,Pde8a,Pde4a,Pde4c,Pde4b,Pde7b,Pde5a"
GOBP_LYMPH_VESSEL_MORPHOGENESIS,0.00144929183908757,0.0100768880706683,0.45505986738723,0.694440359804604,1.69144487045778,22,"Clec14a,Tie1,Epha2,Acvrl1,Flt4,Foxc2,Foxc1,Sox18,Vegfc,Prox1"
GOBP_EMBRYONIC_FORELIMB_MORPHOGENESIS,0.00145493951007064,0.0101021835871894,0.45505986738723,0.635671540838144,1.64039818722786,31,"Wnt3,Aldh1a2,Tbx3,Msx2,Twist1,Reck,Hoxd9,Alx4,Trp63,Tbx5"
GOBP_EXONUCLEOLYTIC_CATABOLISM_OF_DEADENYLATED_MRNA,0.00146618496857087,0.0101662232234562,0.45505986738723,-0.726413406905099,-2.04334458443595,13,"Dis3,Exosc8,Exosc3,Cnot7,Exosc7,Dcp2,Cnot6,Exosc2,Exosc9,Dcps"
GOBP_POSITIVE_REGULATION_OF_PHOSPHOLIPASE_ACTIVITY,0.00147093862761185,0.0101711258335691,0.45505986738723,0.562619018020102,1.56665493476882,55,"Sele,Flt1,S1pr4,Agt,Lpar1,Htr2a,Ednra,Prkcz,Arhgap6,Fgfr3"
GOBP_REGULATION_OF_CAMP_MEDIATED_SIGNALING,0.00146965238152079,0.0101711258335691,0.45505986738723,0.66037739364614,1.69207478835915,29,"Aplnr,Or51e2,Pde2a,Gpr61,Pex5l,Sctr,Gpr62,Gipr,Oprl1,Insl3"
GOBP_FEMALE_MEIOSIS_I,0.00148137845992596,0.0102292438434723,0.45505986738723,-0.725916558217845,-2.04194698760646,13,"Trip13,Fbxo5,Aurka,Ccnb2,Ndc80,Cdc25b"
GOBP_NEGATIVE_REGULATION_OF_NUCLEAR_TRANSCRIBED_MRNA_CATABOLIC_PROCESS_DEADENYLATION_DEPENDENT_DECAY,0.00148707556579587,0.0102544977630396,0.45505986738723,-0.762327018509789,-2.10587083582052,12,"Ybx1,Syncrip,Hnrnpd,Igf2bp1,Pabpc1,Hnrnpu,Tent4a,Dhx9,Tent4b,Paip1"
GOBP_NEGATIVE_REGULATION_OF_RESPONSE_TO_CYTOKINE_STIMULUS,0.00149935224377359,0.0103249914102052,0.45505986738723,0.541123474509023,1.56229740511285,73,"Irak3,Isg15,Usp18,Il6,Klf4,Il1r2,Oas1a,Sigirr,Ecm1,Naip2"
GOBP_STEROID_METABOLIC_PROCESS,0.00150432926012825,0.010345093284083,0.45505986738723,0.425672795457617,1.31711702314104,305,"Lcat,Fgf1,Hmgcs2,Wnt4,Cyp2d22,Atp8b1,Snai2,Sult1a1,Ch25h,Agt"
GOBP_PROTEIN_LOCALIZATION_TO_CELL_CELL_JUNCTION,0.00151295071265407,0.0103901683504263,0.45505986738723,0.693166311464926,1.66264319798574,21,"Pecam1,Cdh5,Dsp,Ildr1,F11r,Lsr"
GOBP_REGULATION_OF_CARDIAC_MUSCLE_CONTRACTION,0.00153132199231736,0.0105019858872843,0.45505986738723,0.539861046874838,1.55122689929784,71,"Ace2,Pln,Nppa,Gstm7,Dsp,Ctnna3,Kcnq1,Gja5,Casq2,Jup"
GOBP_MRNA_METHYLATION,0.00154559478763736,0.0105834011849308,0.45505986738723,-0.715779078201688,-2.06440021180632,15,"Nsun2,Trmt10c,Mettl3,Cmtr2,Mettl8,Trmt6,Mettl16,Wtap,Cbll1,Virma"
GOBP_POSITIVE_REGULATION_OF_T_CELL_PROLIFERATION,0.00154950930417924,0.0105834011849308,0.45505986738723,0.510871644840204,1.50855370464196,97,"Ccl19,Tnfrsf13c,Cd55,Il2ra,Il6,Ager,Il18,Lgals9,Jak3,Il12rb1"
GOBP_RESPONSE_TO_PROSTAGLANDIN,0.0015475839884741,0.0105834011849308,0.45505986738723,0.627306730693419,1.62948717771258,32,"Edn1,Ccl21a,A2m,Ccl19,Hmgcs2,Ptgdr,P2ry4,Ptgfr"
GOBP_NEGATIVE_REGULATION_OF_CELL_KILLING,0.00155274833993731,0.0105911341992739,0.45505986738723,0.635010936826844,1.63869344892672,31,"Ceacam1,Mill2,Lgals9,Serpinb9,H2-T23,Havcr2,Kir3dl2,Serpinb3a,Il4,Klrd1"
GOBP_NUCLEOLAR_LARGE_RRNA_TRANSCRIPTION_BY_RNA_POLYMERASE_I,0.00155616494469661,0.0106000557953792,0.45505986738723,-0.650363286094614,-2.02950260515834,18,"Ddx11,Nol11,Macroh2a1,Macroh2a2,Tcof1,Ncl,Polr1e,Pwp1,Taf1b,Pih1d1"
GOBP_MAMMARY_GLAND_EPITHELIAL_CELL_DIFFERENTIATION,0.00156645583180061,0.0106552232728016,0.45505986738723,0.709415232598628,1.66107347121078,18,"Foxf1,Hoxa5,Lbh,Foxb1,Irf6"
GOBP_REGULATION_OF_AMINO_ACID_TRANSPORT,0.00156850312748621,0.0106552232728016,0.45505986738723,0.611901200584984,1.63324153902504,40,"Ace2,Slc6a1,Cltrn,Adora2a,Sv2a,Agt,Htr1b,Adora1,Grm7,Rgs4"
GOBP_REGULATION_OF_EXCRETION,0.00159946241147548,0.010850873876501,0.45505986738723,0.677289617710452,1.66586854664429,23,"Edn1,Adora2a,Nppb,Agt,Adora1,Npr1"
GOBP_NEGATIVE_REGULATION_OF_ENDOTHELIAL_CELL_PROLIFERATION,0.00161463657296575,0.0109243311605637,0.45505986738723,0.617122033597356,1.64185978640129,39,"Mmrn2,Flt1,Acvrl1,Sulf1,Xdh,Col4a3,Sparc,Ptprm,Thbs1,Ccl2"
GOBP_POSITIVE_REGULATION_OF_LYMPHOCYTE_DIFFERENTIATION,0.00161312141635288,0.0109243311605637,0.45505986738723,0.495094640005221,1.46810173511349,108,"Ccl19,Il2ra,Egr3,Il18,Lgals9,Pik3r6,Il12rb1,Prkcz,Nfkbiz,Sox13"
GOBP_REGULATION_OF_TRANSLATIONAL_FIDELITY,0.00162558677615117,0.0109836353813332,0.45505986738723,-0.710117957461846,-2.07802866666068,16,"Dnajc2,Yrdc,Gatc,Rps5,Vars2,Rps9,Aarsd1,Iars2,Dtd2,Eif2s3x"
GOBP_NEGATIVE_REGULATION_OF_BIOMINERALIZATION,0.0016443964428338,0.0110716587314239,0.45505986738723,0.658935518726681,1.69013774841168,28,"Srgn,Aspn,Nos3,Ccl3,Ecm1,Tgfb1,Hey2,Enpp1,Ccr1,Ptk2b"
GOBP_REGULATION_OF_ACUTE_INFLAMMATORY_RESPONSE,0.00164522161773894,0.0110716587314239,0.45505986738723,0.586088189366283,1.605417590483,47,"C3,Osm,Ptgs2,Il6,Osmr,Adora1,Zp3,H2-T23,Pla2g2d,Creb3l3"
GOBP_REGULATION_OF_MYELOID_LEUKOCYTE_MEDIATED_IMMUNITY,0.00164240476397856,0.0110716587314239,0.45505986738723,0.551531143257034,1.55600299613152,60,"Foxf1,C3,Pla2g3,Il13ra2,Cxcl5,Lgals9,Gata2,Rigi,H2-T23,Stap1"
GOBP_EXTRACELLULAR_TRANSPORT,0.00165931345172385,0.0111493421440831,0.45505986738723,0.598213770294944,1.61757892332088,43,"Cfap45,Aqp4,Dnah5,Dnah9,Cfap221,Spef2,Dnah1,Cfap43,Spag6l,Spag17"
GOBP_NEGATIVE_REGULATION_OF_GENE_EXPRESSION_EPIGENETIC,0.00166341885976971,0.0111493421440831,0.45505986738723,-0.364993954724269,-1.60910227162584,78,"Hells,Ezh2,Cdk2,Macroh2a1,Suv39h1,Smyd5,Bend3,Macroh2a2,Rrp8,Cenpv"
GOBP_POSITIVE_REGULATION_OF_LIPID_METABOLIC_PROCESS,0.00166137316128472,0.0111493421440831,0.45505986738723,0.472637956714331,1.42955252100419,149,"Adgrf5,Ccl21a,Tek,Fgf1,Flt1,Ccl19,Wnt4,Pla2g3,Slc45a3,Agt"
GOBP_REGULATION_OF_LIPID_BIOSYNTHETIC_PROCESS,0.00168001439206839,0.0112455823554298,0.45505986738723,0.466896088123103,1.41853641591533,163,"Adgrf5,C3,Ceacam1,Fgf1,Wnt4,Pla2g3,Slc45a3,Snai2,Htr2a,Ptgs2"
GOBP_PROTEIN_INSERTION_INTO_MITOCHONDRIAL_INNER_MEMBRANE,0.00169187148074198,0.0113098908692685,0.45505986738723,-0.718446779022335,-2.02093507796798,13,"Timm9,Timm8a1,Timm10,Agk,Tomm70a,Romo1,Timm13,Timm8b,Timm10b,Ndufa13"
GOBP_PROTEIN_REFOLDING,0.00171211161834999,0.0114299934999275,0.45505986738723,0.698078690855199,1.65496989596288,20,"Hspa1a,Hspa1b,Cryaa,Dnaja4,Dnajb2,Hspa2"
GOBP_DOSAGE_COMPENSATION,0.00172117365875711,0.0114752519662758,0.45505986738723,-0.611747912748682,-2.01256262948179,20,"Brca1,Macroh2a1,Macroh2a2,Rbm15,Suz12,Smchd1,Mettl3,Hnrnpu,Exosc10,Pcgf3"
GOBP_REGULATION_OF_MICROTUBULE_POLYMERIZATION,0.00172574201690522,0.0114904703562683,0.45505986738723,0.558965152933911,1.55648047285957,55,"Tubb4a,Cdh5,Hspa1a,Eml2,Hspa1b,Pak1,Slc39a12,Ocln,Inpp5j,Slain1"
GOBP_REGULATION_OF_WATER_LOSS_VIA_SKIN,0.00173615474309174,0.0115445104411669,0.45505986738723,0.653397846010372,1.66209404123579,27,"Fa2h,Alox12,Krt1,Lsr,Trp63,Cyp26b1,Elovl1,Cldn4"
GOBP_DIGESTIVE_SYSTEM_DEVELOPMENT,0.0017511445745543,0.0116175375980496,0.45505986738723,0.478148764961238,1.43947018301193,140,"Sox17,Foxf1,Sox10,Hoxa5,Rarres2,Hmgcs2,Aldh1a2,Nkx2-2,Gata6,Col3a1"
GOBP_PHOSPHORYLATION_OF_RNA_POLYMERASE_II_C_TERMINAL_DOMAIN,0.00175175920018333,0.0116175375980496,0.45505986738723,-0.717743310039202,-2.0189562742684,13,"Gtf2h4,Gtf2h3,Gtf2h1,Cdk7,Ccnh,Ccnt1,Cdk13,Cdk12,Ppil4,Gtf2h5"
GOBP_LONG_CHAIN_FATTY_ACID_METABOLIC_PROCESS,0.00176886870992428,0.0117155507309478,0.45505986738723,0.497134652977946,1.47263057547517,105,"Plp1,Ptgis,Cyp2d22,Gstm7,Cyp4f14,Asah2,Ptgs2,Cyp2e1,Alox12,Faah"
GOBP_REGULATION_OF_NEUTROPHIL_CHEMOTAXIS,0.00177281864222096,0.0117262622558484,0.45505986738723,0.632811634021245,1.63301798274066,31,"Edn1,Ccl21a,Ccl19,Bst1,Tnfaip6,C5ar2,Mdk,Dapk2,Lbp,Dpp4"
GOBP_POSITIVE_REGULATION_OF_VASCULOGENESIS,0.00178645889706245,0.0118009577865085,0.45505986738723,0.789848246604491,1.71516768350958,12,"Ceacam1,Cd34,Tmem100,Asb4,Kdr,Rras"
GOBP_REGULATION_OF_LYMPHOCYTE_DIFFERENTIATION,0.00179160755651157,0.0118194372527344,0.45505986738723,0.453713799695816,1.38132411923713,187,"Pglyrp1,Ceacam1,Ccl19,Il2ra,Egr3,Inhba,Foxn1,Il18,Lgals9,Pik3r6"
GOBP_SOMATIC_DIVERSIFICATION_OF_IMMUNE_RECEPTORS_VIA_SOMATIC_MUTATION,0.0018116469695263,0.0119359755122002,0.45505986738723,-0.716894726150337,-2.01656927359183,13,"Exo1,Ung,Polq,Msh6,Msh2,Mlh1"
GOBP_POSITIVE_REGULATION_OF_RHO_PROTEIN_SIGNAL_TRANSDUCTION,0.001815664272775,0.0119467857319895,0.45505986738723,0.623662323565951,1.6200204935627,32,"Gpr20,Gpr4,Gpr17,Col3a1,Lpar1,F2rl3,F11r,Arrb1,Gpr65,P2ry10"
GOBP_TOLERANCE_INDUCTION,0.00181969908227006,0.0119576827275446,0.45505986738723,0.633479126216271,1.6455341424126,33,"Ceacam1,Il2ra,Irak3,Pdcd1,Lgals9,H2-T23,Havcr2,Cd3e,Phlpp1,Acod1"
GOBP_CALCIUM_ION_TRANSPORT_INTO_CYTOSOL,0.00183741025141156,0.0120583046133759,0.45505986738723,0.474350167094152,1.4378754793763,157,"Aplnr,Ccl21a,Ccl19,Pln,Gstm7,Htr2a,Casq2,Jph2,F2rl3,Ccl3"
GOBP_NEGATIVE_REGULATION_OF_AXON_EXTENSION,0.00184562529973664,0.0120897916486572,0.45505986738723,0.59988721402227,1.62809466678766,44,"Mag,Wnt3,Sema4d,Sema7a,Sema5a,Sema3e,Rtn4,Tnr,D130043K22Rik,Sema6d"
GOBP_REGULATION_OF_CELL_SUBSTRATE_JUNCTION_ORGANIZATION,0.00184701809949646,0.0120897916486572,0.45505986738723,0.5449961065229,1.55888245579823,68,"Apod,Tek,Wnt4,Acvrl1,Fam107a,Myoc,Kdr,Col16a1,Arhgap6,Limch1"
GOBP_TRICARBOXYLIC_ACID_CYCLE,0.00185400039705996,0.0121197139089993,0.45505986738723,-0.518953472166432,-1.83628114468268,31,"Idh2,Sdhd,Suclg2,Idh3a,Fh1,Dlat,Idh3b,Idh3g,Nnt,Dlst"
GOBP_POSITIVE_REGULATION_OF_INNATE_IMMUNE_RESPONSE,0.00185941490316547,0.012139323010666,0.45505986738723,0.478560980479385,1.44188683516299,141,"Trim12c,Zbp1,Irgm2,Gbp5,Mndal,Trim5,Pak1,Coch,Irf7,Ifi204"
GOBP_REGULATION_OF_ESTABLISHMENT_OF_PROTEIN_LOCALIZATION_TO_CHROMOSOME,0.00186244325937521,0.0121433233007512,0.45505986738723,-0.752100182371643,-2.07761997307642,12,"Dkc1,Tcp1,Cct8,Cct4,Spidr,Cct5,Cct6a,Cct2,Cct7,Cct3"
GOBP_POSITIVE_REGULATION_OF_LIPID_BIOSYNTHETIC_PROCESS,0.00187686384576703,0.0122214955345477,0.45505986738723,0.527652929707017,1.53605432584174,81,"Adgrf5,Fgf1,Wnt4,Pla2g3,Slc45a3,Htr2a,Ptgs2,Gpld1,Dab2,Il1a"
GOBP_POSITIVE_REGULATION_OF_CD4_POSITIVE_ALPHA_BETA_T_CELL_ACTIVATION,0.00188596683634291,0.0122648839408742,0.45505986738723,0.615790009100832,1.63152893355482,38,"Ccl19,Cd55,Il18,Lgals9,Il12rb1,Prkcz,Nfkbiz,Cd83,Cd55b,Hlx"
GOBP_MITOTIC_CHROMOSOME_CONDENSATION,0.00189209295775287,0.012288825967214,0.45505986738723,-0.623372870276498,-2.00752887166475,19,"Ncapg,Plk1,Cdca5,Ncaph,Smc2,Nusap1,Smc4,Ncapd2,Smarca5,Ncaph2"
GOBP_REGULATION_OF_T_HELPER_1_TYPE_IMMUNE_RESPONSE,0.00191424385268466,0.0124166501257365,0.45505986738723,0.652390901349999,1.67161112259508,29,"Ccl19,Il18,Il1r1,Arid5a,Jak3,Il12rb1,Havcr2,Il27ra,Hlx,Il18r1"
GOBP_NEURON_FATE_SPECIFICATION,0.00192807875382915,0.0124902730612102,0.45505986738723,-0.525467880272871,-1.86154441861706,30,"Dbx1,Isl2,Lhx3,Isl1,Olig3,Gsx2,Pou4f1,Ascl1,Atoh1,Gli3"
GOBP_REGULATION_OF_T_HELPER_CELL_DIFFERENTIATION,0.00194678208933171,0.0125952040708758,0.45505986738723,0.599743959463836,1.58232912725279,37,"Ccl19,Il18,Jak3,Il12rb1,Prkcz,Nfkbiz,Zc3h12a,Hlx,Smad7,Nlrp3"
GOBP_POSITIVE_REGULATION_OF_JUN_KINASE_ACTIVITY,0.00195009698624154,0.0126004338686841,0.45505986738723,0.591483206683243,1.59397164869046,42,"Edn1,Ccl19,Dkk1,Pak1,Ager,Arhgef5,Map4k2,Tlr9,Ptk2b,Wnt5a"
GOBP_DEVELOPMENTAL_MATURATION,0.00196550326401733,0.0126350190642137,0.431707695803346,0.427964672902142,1.32407905711052,284,"Edn1,Ccl21a,C3,Sox10,Ccl19,Nkx6-1,Hoxa5,Pla2g3,Aldh1a2,Acvrl1"
GOBP_LEUKOCYTE_MEDIATED_IMMUNITY,0.00196550326401733,0.0126350190642137,0.431707695803346,0.404204680594393,1.25978387876258,466,"C1s1,Foxf1,C3,Ceacam1,Pla2g3,Mill2,Cd55,Il6,Icam1,Cd40"
GOBP_PROTEIN_LOCALIZATION_TO_NON_MOTILE_CILIUM,0.00196136658120997,0.0126350190642137,0.431707695803346,-0.714283155962606,-2.00922312916601,13,"Tulp1,Pcare,Tub,Rom1,Ttc21b,Spata7"
GOBP_TELOMERE_MAINTENANCE_IN_RESPONSE_TO_DNA_DAMAGE,0.00196136658120997,0.0126350190642137,0.431707695803346,-0.714657084328803,-2.01027496066413,13,"Apex1,Acd,Rtel1,Rif1,Dclre1b,Ercc1,Dclre1a,Tfip11,Terf2,Dclre1c"
GOBP_POSITIVE_REGULATION_OF_ACUTE_INFLAMMATORY_RESPONSE,0.00198145383832788,0.012721287924999,0.431707695803346,0.658744587207193,1.66646963713903,26,"C3,Osm,Ptgs2,Il6,Osmr,Zp3,H2-T23,Creb3l3,Npy5r,C2cd4b"
GOBP_RENAL_SYSTEM_PROCESS,0.00198734218917308,0.0127428178379758,0.431707695803346,0.49313969654947,1.46459626139184,109,"Edn1,Adgrf5,Cd34,Gsn,Or51e2,Adora2a,Cyp4f14,Nppb,Aqp4,Agt"
GOBP_SECONDARY_METABOLITE_BIOSYNTHETIC_PROCESS,0.00200107409823456,0.0128145216456371,0.431707695803346,-0.562276937623635,-1.92417178248858,25,"Pmel,Tyr,Tyrp1,Slc24a5,Oca2,Opn3,Cited1"
GOBP_REGULATION_OF_ADAPTIVE_IMMUNE_RESPONSE,0.00201143409741775,0.0128644773635102,0.431707695803346,0.454546956250916,1.38414083183012,191,"C3,Ceacam1,Ccl19,Cd55,Il6,Cd40,Azgp1,Ager,Il18,Il1r1"
GOBP_POSITIVE_REGULATION_OF_HISTONE_METHYLATION,0.00202226582317027,0.0129173193050533,0.431707695803346,-0.441537257165782,-1.79969481313022,48,"H1f5,Myb,Brca1,Dnmt3b,Suv39h1,Paxbp1,Rrp8,Mtf2,Wdr5,Paxip1"
GOBP_ANAPHASE_PROMOTING_COMPLEX_DEPENDENT_CATABOLIC_PROCESS,0.00205030704934414,0.0130632364221204,0.431707695803346,-0.669885131327919,-2.02312627765752,17,"Plk1,Ube2c,Cdc20,Cdc20b,Cdk2,Ube2s,Anapc1,Cdc23,Cdc16,Cdc27"
GOBP_NEGATIVE_REGULATION_OF_DOUBLE_STRAND_BREAK_REPAIR_VIA_HOMOLOGOUS_RECOMBINATION,0.00205030704934414,0.0130632364221204,0.431707695803346,-0.636628032811624,-1.98664081865171,18,"Radx,Fancb,Parpbp,Rmi2,Polq,Smchd1,Trp53bp1,Rif1,Shld3,Ubqln4"
GOBP_MONOCYTE_CHEMOTACTIC_PROTEIN_1_PRODUCTION,0.00206490655682908,0.0131341227839552,0.431707695803346,0.685643048451996,1.67001730371126,22,"Apod,Twist1,Ager,C1qtnf3,Lgals9,Oas1a,Nr1h4,Oas3,Mcoln2,Oas1g"
GOBP_URETER_DEVELOPMENT,0.00206665826976498,0.0131341227839552,0.431707695803346,0.703255771347927,1.64665128627543,18,"Sox17,Foxf1,Aldh1a2,Sox8,Ret,Shh,Six1,Tbx18"
GOBP_MRNA_CLEAVAGE_INVOLVED_IN_MRNA_PROCESSING,0.00207408453884967,0.0131646754757541,0.431707695803346,-0.721672367200609,-2.06014045411843,14,"Cpsf4,Nudt21,Cpsf2,Ncbp1,Cstf2,Cpsf6,Cpsf1,Tut1,Ern1,Cpsf4l"
GOBP_REGULATION_OF_LIPOPOLYSACCHARIDE_MEDIATED_SIGNALING_PATHWAY,0.00208948873820282,0.0132290426787728,0.431707695803346,0.652453471762214,1.67351161133109,28,"Trim12c,Cd55,Trim5,Sigirr,Pira13,Cd55b,Ly86,Cd180,Acod1,Tnfaip3"
GOBP_XENOBIOTIC_METABOLIC_PROCESS,0.00208882056618187,0.0132290426787728,0.431707695803346,0.505077954422778,1.49020888243863,99,"Fmo2,Cyp2d22,Gstm7,Cyp4f14,Sult1a1,Cyp2e1,Cmbl,Gsto2,Fmo5,Cyp3a13"
GOBP_PATHWAY_RESTRICTED_SMAD_PROTEIN_PHOSPHORYLATION,0.00209524385147683,0.0132424557031991,0.431707695803346,0.548785718290674,1.55721840340835,64,"Eng,Acvrl1,Dkk1,Inhba,Nodal,Dab2,Lefty2,Bmp3,Bmp5,Tgfb1"
GOBP_POSITIVE_REGULATION_OF_ANION_TRANSMEMBRANE_TRANSPORT,0.00209687581852925,0.0132424557031991,0.431707695803346,0.810192270928618,1.73550251172743,11,"Ace2,Cltrn,Agt,Abcb1a,Cftr"
GOBP_CAMP_MEDIATED_SIGNALING,0.00210746973634937,0.0132760029631933,0.431707695803346,0.564874065135654,1.55727173400923,50,"Aplnr,Or51e2,Pde2a,Gpr61,Pex5l,Sctr,Adgrg6,Gpr62,Gipr,Rapgef3"
GOBP_CELLULAR_RESPONSE_TO_VIRUS,0.00210594204623254,0.0132760029631933,0.431707695803346,0.526449050040437,1.52978744759867,78,"Ccl19,Irgm2,Il6,Ifih1,Lgals9,Ddx60,Tlr3,Irf7,Oas1a,Rigi"
GOBP_POSITIVE_REGULATION_OF_TRANSCRIPTION_BY_RNA_POLYMERASE_I,0.0021173815482225,0.0133217484892547,0.431707695803346,-0.578043689527599,-1.96469235841065,23,"Ddx11,Lyar,Nol11,Utp15,Wdr75,Ncl,Dhx33,Pwp1,Wdr43,Heatr1"
GOBP_EPIDERMAL_CELL_DIFFERENTIATION,0.00212134746332091,0.0133300171226428,0.431707695803346,0.459717833096658,1.39614066155107,173,"Fa2h,Hoxa7,Epha2,Pls1,Zfp36,Gata6,Dsp,Msx2,Tchh,Prkch"
GOBP_NEGATIVE_REGULATION_OF_NATURAL_KILLER_CELL_MEDIATED_IMMUNITY,0.00213687175920856,0.0134108044114125,0.431707695803346,0.669624492512193,1.6470153254521,23,"Ceacam1,Mill2,Lgals9,Serpinb9,H2-T23,Havcr2,Kir3dl2,Serpinb3a,Klrd1,H2-Q2"
GOBP_PEPTIDYL_PROLINE_MODIFICATION,0.00214352595510403,0.0134357917410324,0.431707695803346,-0.42443521153523,-1.73336963565588,51,"Aipl1,Fkbp11,Ppif,Ppil1,Ppic,Ppih,Fkbp4,Fkbp3,Egln3,P4ha2"
GOBP_COLLAGEN_CATABOLIC_PROCESS,0.00215861652453614,0.0135135308453838,0.431707695803346,0.58608402081502,1.60307132270529,46,"Klk6,Ctsk,Adamts2,Fap,Mmp3,Mmp25,Vsir,Mmp28,Mmp8,Mmp19"
GOBP_TRANSFORMING_GROWTH_FACTOR_BETA1_PRODUCTION,0.00217979591010172,0.0136291468160216,0.431707695803346,0.752626387931121,1.71000883329462,15,"Ceacam1,Lum,Gata6,Col3a1,Thbs1"
GOBP_RENAL_TUBULAR_SECRETION,0.00218579937201118,0.0136497061404971,0.431707695803346,0.64830289607431,1.64913365885799,27,"Edn1,Adora2a,Nppb,Agt,Adora1,Npr1,Slc22a6"
GOBP_CARDIAC_SEPTUM_DEVELOPMENT,0.0021916121704703,0.0136690252865437,0.431707695803346,0.488750331658056,1.44898586676615,104,"Aplnr,Eng,Tbx3,Pde2a,Nos3,Gata6,Msx2,Tbx2,Gja5,Bmp5"
GOBP_ENDOCRINE_PROCESS,0.00219603498246368,0.0136796379886554,0.431707695803346,0.517204777491396,1.50652647184699,85,"Edn1,Ace2,Edn3,Or51e2,Tbx3,Nos3,Hcar2,Agt,Foxl2,Kcnq1"
GOBP_LEUKOCYTE_PROLIFERATION,0.00220707112207623,0.0137313694686599,0.431707695803346,0.42041536027194,1.30245188153854,314,"Il33,Lrrc32,Ccl19,Wnt4,Il34,Tnfrsf13c,Cd55,Il2ra,Mndal,Il6"
GOBP_ANGIOGENESIS_INVOLVED_IN_WOUND_HEALING,0.00221077966591381,0.0137374405198378,0.431707695803346,0.647550070431269,1.64721864333869,27,"Itgb3,Cd34,Gpr4,Ndnf,Kdr,Foxc2,Gata2,Tnfaip3,Slc12a2,Serpine1"
GOBP_RENAL_SODIUM_EXCRETION,0.00221881072516924,0.0137703228585503,0.431707695803346,0.684047050269433,1.66612993901386,22,"Edn1,Adora2a,Nppb,Agt,Adora1,Npr1"
GOBP_CALCIUM_ION_TRANSMEMBRANE_TRANSPORT,0.0022290318484712,0.0138166992629652,0.431707695803346,0.42514891338773,1.31607731823498,299,"Edn1,Aplnr,Plp1,Ccl21a,Gjc2,Adra2a,Ccl19,Pkd2l1,Pln,Rem1"
GOBP_TRANSFORMING_GROWTH_FACTOR_BETA_PRODUCTION,0.00223374420470325,0.0138288572869991,0.431707695803346,0.588651223827671,1.58633981683057,42,"Ceacam1,Lrrc32,Lum,Cd34,Gata6,Col3a1,Ptgs2,Lgals9,Fn1,Cd200"
GOBP_HINDLIMB_MORPHOGENESIS,0.00223944577765754,0.0138471019978899,0.431707695803346,0.608014814631174,1.59666871879694,35,"Wnt3,Tbx3,Msx2,Twist1,Zbtb16,Hoxd9,Rarg,Alx4,Trp63,Shh"
GOBP_ESTABLISHMENT_OF_MITOTIC_SPINDLE_LOCALIZATION,0.00227589902518059,0.0140379685884452,0.431707695803346,-0.474583536980438,-1.72602603451381,35,"Plk1,Pax6,Spdl1,Mad2l1,Fgf10,Ndc80,Nusap1,Cenpa,Espl1,Sapcd2"
GOBP_REGULATION_OF_TRANSCRIPTION_BY_RNA_POLYMERASE_III,0.0022744068845413,0.0140379685884452,0.431707695803346,-0.520397753057232,-1.84356942295777,28,"Ddx21,Dek,Polr3c,Smarca5,Zfp143,Ercc6,Mybbp1a,Polr3f,Ice2,Zc3h8"
GOBP_POSITIVE_REGULATION_OF_MITOCHONDRIAL_TRANSLATION,0.00228045005093013,0.0140488019681688,0.431707695803346,-0.704107254473437,-2.03073714996144,15,"Fastkd3,Rpusd4,Fastkd2,C1qbp,Trmt10c,Mrps27,Ngrn,Rcc1l,Rpusd3,Mpv17l2"
GOBP_MITOTIC_RECOMBINATION,0.00228531157883396,0.0140615193473664,0.431707695803346,-0.535072196437169,-1.82137023855264,26,"Rad51,Ankle1,Gen1,Rad51c,Brca2,Mre11a,Smc6,Msh2,Rad50,Rad52"
GOBP_T_CELL_DIFFERENTIATION_INVOLVED_IN_IMMUNE_RESPONSE,0.00229082225905511,0.0140781949832152,0.431707695803346,0.525285180666859,1.5200019292087,75,"Ccl19,Il6,Tmem98,Batf,Il18,Lgals9,Jak3,Il12rb1,Prkcz,Nfkbiz"
GOBP_REGULATION_OF_EXTRINSIC_APOPTOTIC_SIGNALING_PATHWAY,0.00232022934630989,0.0142415054015871,0.431707695803346,0.466376634940885,1.41084342293532,150,"Mal,Sp100,Snai2,Tnfsf10,Nos3,Hspa1a,Faim2,Agt,Icam1,Hspa1b"
GOBP_MITOTIC_DNA_REPLICATION_CHECKPOINT_SIGNALING,0.00232637816445665,0.0142618329667361,0.431707695803346,-0.797208418024996,-2.10976025941443,10,"Cdc6,Hus1b,Orc1,Clspn,Ticrr,Topbp1,Nae1"
GOBP_NUCLEAR_TRANSCRIBED_MRNA_CATABOLIC_PROCESS_NONSENSE_MEDIATED_DECAY,0.00233534454008256,0.0142993629756334,0.431707695803346,-0.459635366946366,-1.7609418406335,39,"Pnldc1,Magohb,Ncbp1,Rnps1,Magoh,Hnrnpab,Etf1,Eif4a3,Eif3e,Gspt2"
GOBP_POSITIVE_REGULATION_OF_UBIQUITIN_PROTEIN_TRANSFERASE_ACTIVITY,0.0023383020015573,0.0143000537248523,0.431707695803346,-0.517507263816381,-1.83334280689222,30,"Plk1,Ube2c,Cdc20,Cdc20b,Mastl,Magea14,Ube2s,Rps2,Cdc14b,Fbxw7"
GOBP_CELL_SUBSTRATE_JUNCTION_ORGANIZATION,0.00235082060543974,0.0143417174557592,0.431707695803346,0.508882270517599,1.50098258893623,98,"Apod,Tek,Thsd1,Wnt4,Acvrl1,Itgb4,Fam107a,Myoc,Kdr,Col16a1"
GOBP_REGULATION_OF_MAST_CELL_ACTIVATION,0.00235029595021097,0.0143417174557592,0.431707695803346,0.58771258203024,1.60337198386012,45,"Foxf1,Pla2g3,Enpp3,Il13ra2,Lgals9,Gata2,Cd300lf,Crlf2,Adgre5,Gab2"
GOBP_HEART_TRABECULA_MORPHOGENESIS,0.00235967459768733,0.0143782838819081,0.431707695803346,0.624486201133975,1.61153357744833,31,"Tek,Eng,S1pr1,Adgrg6,Bmp5,Hey2,Dll4,Nog,Nrg1,Foxh1"
GOBP_LUNG_ALVEOLUS_DEVELOPMENT,0.00238637527306917,0.0145233759052285,0.431707695803346,0.594140169352285,1.61249718019638,44,"Foxf1,Hoxa5,Flt4,Gata6,Hopx,Kdr,Tcf21,Errfi1,Pgr,Foxa1"
GOBP_PLATELET_AGGREGATION,0.00239453421173924,0.0145554092894959,0.431707695803346,0.533365608160613,1.53164672604008,70,"Ceacam1,Itgb3,Il6,Mpl,Alox12,Pear1,Comp,Fermt3,Fn1,F11r"
GOBP_HISTONE_H3_K9_METHYLATION,0.00240453868658945,0.0145809601658446,0.431707695803346,-0.458454433390221,-1.75641748184919,39,"H1f5,Myb,Suv39h2,Brca1,Dnmt3b,Suv39h1,Bend3,Prdm16,Dmrtc2,Dnmt1"
GOBP_UNSATURATED_FATTY_ACID_BIOSYNTHETIC_PROCESS,0.00240188488507508,0.0145809601658446,0.431707695803346,0.581096207404381,1.60435764069497,49,"Edn1,Ptgis,Fads2b,Pla2g3,Ptgs2,Scd1,Elovl7,Alox12,Ptgs1,Pla2g4a"
GOBP_ATTACHMENT_OF_MITOTIC_SPINDLE_MICROTUBULES_TO_KINETOCHORE,0.00241361271783139,0.0146016170163051,0.431707695803346,-0.700612257742136,-2.02065712357888,15,"Kif2c,Cenpe,Aurkb,Ndc80,Nuf2,Cdt1,Champ1,Seh1l,Cenpc1"
GOBP_PREPULSE_INHIBITION,0.00241375447395057,0.0146016170163051,0.431707695803346,0.77979167822607,1.69332968973821,12,"Adora2a,Ctnna2,Grid2,Bace1,Grin3a,Slc6a3"
GOBP_PROTEIN_LOCALIZATION_TO_NUCLEOPLASM,0.00242779781401134,0.0146665793225571,0.431707695803346,-0.714797962496768,-2.04051625916235,14,"Dkc1,Larp7,Tcp1,Cct8,Cct4,Cct5,Cct6a,Cct2,Cct7,Cct3"
GOBP_REGULATION_OF_RENAL_SYSTEM_PROCESS,0.00243032834209072,0.0146665793225571,0.431707695803346,0.625959417568996,1.62600084319564,33,"Edn1,Or51e2,Adora2a,Nppb,Agt,Gja5,Emp2,Adora1,Npr1"
GOBP_POSITIVE_REGULATION_OF_INTERLEUKIN_17_PRODUCTION,0.00244396366216046,0.0147069232976501,0.431707695803346,0.663884073813742,1.63289613226759,23,"Osm,Il6,Il18,Arid5a,Tgfb1,Nr1h4,Rftn1,Ly9,Il12b,Nod2"
GOBP_RESPONSE_TO_HYDROXYUREA,0.00244047063637457,0.0147069232976501,0.431707695803346,-0.706202897997626,-1.98649399008813,13,"Rad51,Blm,Ddx11,Timeless,Spidr,Atrx,Fmr1,Ddi2"
GOBP_VASCULAR_ENDOTHELIAL_GROWTH_FACTOR_SIGNALING_PATHWAY,0.00244579030770548,0.0147069232976501,0.431707695803346,0.586500086731527,1.58054277727821,42,"Dcn,Flt1,Flt4,Cadm4,Xdh,Kdr,Pgf,Foxc1,Adgra2,Il12b"
GOBP_T_CELL_EXTRAVASATION,0.00245320295172238,0.0147338724472024,0.431707695803346,0.805812279247988,1.72612018751152,11,"Icam1,Ripk3,F11r,Il27ra,Ccl2"
GOBP_SMALL_NUCLEOLAR_RIBONUCLEOPROTEIN_COMPLEX_ASSEMBLY,0.00246880948064788,0.0148099108105213,0.431707695803346,-0.742963154033355,-2.05237962210305,12,"Ruvbl2,Nufip1,Taf9,Ruvbl1,Shq1,Nopchap1,Znhit3,Snu13,Pih1d1,Naf1"
GOBP_ACTIN_CYTOSKELETON_REORGANIZATION,0.00247761300183879,0.0148179270783412,0.431707695803346,0.488236020311027,1.44776390339424,108,"Tek,Esam,Gsn,S1pr1,Csf3,Pak1,Thsd7a,Phactr1,Micall2,Ntrk3"
GOBP_COMPLEMENT_ACTIVATION_LECTIN_PATHWAY,0.0024779203618153,0.0148179270783412,0.431707695803346,0.808450731199403,1.69427684816974,10,"A2m,Masp1,Krt1,Colec11,Serping1"
GOBP_POSITIVE_REGULATION_OF_CD4_POSITIVE_ALPHA_BETA_T_CELL_DIFFERENTIATION,0.00248193646309196,0.0148179270783412,0.431707695803346,0.622215711609429,1.60567440858374,31,"Ccl19,Il18,Lgals9,Il12rb1,Prkcz,Nfkbiz,Cd83,Hlx,Nlrp3,Il12b"
GOBP_POSITIVE_REGULATION_OF_NERVOUS_SYSTEM_PROCESS,0.00247917875591075,0.0148179270783412,0.431707695803346,0.622927332899865,1.62417803047694,34,"Mag,Myrf,Sox10,Tppp,Zfp488,Tnfrsf1b,Ncmap,Tnr,Egr2,Oprl1"
GOBP_REGULATION_OF_SYSTEMIC_ARTERIAL_BLOOD_PRESSURE_BY_HORMONE,0.00248588523078262,0.0148238968625673,0.431707695803346,0.609219413900724,1.614120213015,38,"Edn1,Ace2,Edn3,Or51e2,Nos3,Agt,Enpep,Agtr2,Ren1,Sucnr1"
GOBP_CALCIUM_INDEPENDENT_CELL_CELL_ADHESION_VIA_PLASMA_MEMBRANE_CELL_ADHESION_MOLECULES,0.00249514568438248,0.0148439021957286,0.431707695803346,0.662676937370593,1.62992704699067,23,"Cldn5,Cldn14,Cldn10,Cldn11,Cldn6,Cldn18,Cldn15,Cldn17,Cldn8"
GOBP_REGULATION_OF_LYMPHOCYTE_CHEMOTAXIS,0.00249514568438248,0.0148439021957286,0.431707695803346,0.662291297449747,1.62897852305399,23,"Ccl21a,Ccl7,Ccl3,Ccl4,Ccl2,Ccl5,Cxcl10,Ptk2b,Wnt5a,Padi2"
GOBP_NEGATIVE_REGULATION_OF_NF_KAPPAB_TRANSCRIPTION_FACTOR_ACTIVITY,0.00250294646811526,0.0148727090959993,0.431707695803346,0.513614549543697,1.49529698183278,84,"Ptgis,Irak3,Klf4,Nwd1,Irak2,Havcr2,Cd200,Nr1h4,Zc3h12a,Tlr9"
GOBP_PROSTANOID_BIOSYNTHETIC_PROCESS,0.0025070346969884,0.014879413721087,0.431707695803346,0.64183135945584,1.64455457161735,29,"Edn1,Ptgis,Pla2g3,Ptgs2,Ptgs1,Pla2g4a,Pla2g4f,Avpr1a"
GOBP_DETECTION_OF_STIMULUS_INVOLVED_IN_SENSORY_PERCEPTION,0.00253199810233932,0.0150045137077315,0.431707695803346,0.401945317549203,1.25296814950684,450,"Or51e1,Pkd2l1,Or51e2,Kcna1,Rtp4,Piezo2,Rtp3,Cxcl12,Htr2a,Kcnq1"
GOBP_HEMATOPOIETIC_STEM_CELL_DIFFERENTIATION,0.00253576921534682,0.0150045137077315,0.431707695803346,0.643916085014942,1.65639836524443,30,"Hoxb4,Sp7,Osm,Batf,Tal1,Foxc1,Meox1"
GOBP_REGULATION_OF_JNK_CASCADE,0.00253706716760927,0.0150045137077315,0.431707695803346,0.475719651682057,1.43558398205112,143,"Ccl21a,Ccl19,Dusp15,Flt4,Nppa,Traf1,Ager,Unc5cl,Wnt7b,Tlr3"
GOBP_MYD88_DEPENDENT_TOLL_LIKE_RECEPTOR_SIGNALING_PATHWAY,0.002546327715811,0.0150415856961009,0.431707695803346,0.661727119599624,1.62759086538044,23,"Irak3,Irf7,Irak2,Tlr4,Irf1,Tlr1,Tlr9,Cd300lf,Btk,Tlr2"
GOBP_ATRIOVENTRICULAR_CANAL_DEVELOPMENT,0.00255520554781553,0.0150753414621568,0.431707695803346,0.766862698155915,1.69012043045401,13,"Eng,Tbx3,Gata6,Tbx2"
GOBP_T_HELPER_1_TYPE_IMMUNE_RESPONSE,0.00255803983831704,0.0150753414621568,0.431707695803346,0.584572766229452,1.59480607453064,45,"Ccl19,Tmem98,Il18,Il1r1,Arid5a,Jak3,Il12rb1,Tlr4,Havcr2,Il27ra"
GOBP_KETONE_CATABOLIC_PROCESS,0.00256821726794299,0.0151175974308541,0.431707695803346,0.769423641288574,1.72536458421002,14,"Cyp4f14,Cyp4f18,Cyp4f15,Cyp4f40"
GOBP_MUSCLE_CELL_DIFFERENTIATION,0.00257527907620792,0.015141436159178,0.431707695803346,0.41460789687811,1.28769907060422,359,"Edn1,Aplnr,Myh11,Scgb3a1,Foxf1,Eng,Wnt4,Tmem182,Pi16,Tbx3"
GOBP_REGULATION_OF_CENTROSOME_CYCLE,0.00259183927767289,0.0152032392635492,0.431707695803346,-0.420185279122977,-1.71601314967927,51,"Ccnf,Plk4,Aurka,Mdm1,Gen1,Stil,Brca1,Npm1,Mcph1,Alms1"
GOBP_SOMITE_ROSTRAL_CAUDAL_AXIS_SPECIFICATION,0.00258921621146577,0.0152032392635492,0.431707695803346,-0.784875983228294,-2.1353106536174,11,"Ripply2,Lhx1,Gdf3,Epb41l5,Mesp1,Ripply1"
GOBP_COLLAGEN_BIOSYNTHETIC_PROCESS,0.00259952156542488,0.0152305301974253,0.431707695803346,0.604046769021761,1.62373569830094,41,"Eng,Wnt4,Larp6,Col1a1,Il6,Nppc,Errfi1,Ccn2,Tgfb1,Creb3l1"
GOBP_REGULATION_OF_NUCLEAR_CELL_CYCLE_DNA_REPLICATION,0.00261318270381122,0.0152927467427928,0.431707695803346,-0.73957919557911,-2.04303169234929,12,"Cdc7,Dach1,Dbf4,Cdt1,Tipin,Nuggc"
GOBP_NEGATIVE_REGULATION_OF_DNA_DEPENDENT_DNA_REPLICATION,0.00264664765538844,0.0154526106430171,0.431707695803346,-0.698953149436083,-2.01587203884711,15,"Fbxo5,Blm,Cdt1,Slfn9,Tipin,Brca2,Zranb3,Timeless,Donson"
GOBP_TERPENOID_BIOSYNTHETIC_PROCESS,0.00264584214754288,0.0154526106430171,0.431707695803346,0.722850707474583,1.67593084148772,17,"Hmgcs2,Aldh1a2,Rbp1,Hmgcs1,Lss,Aldh1a3"
GOBP_EPITHELIAL_TUBE_BRANCHING_INVOLVED_IN_LUNG_MORPHOGENESIS,0.00265307109139209,0.015454215963416,0.431707695803346,0.641454953852512,1.643590113358,29,"Foxf1,Hoxa5,Hhip,Tbx2,Wnt2,Ctsh,Shh,Lama1,Foxa1,Fgfr2"
GOBP_REGULATION_OF_LEUKOCYTE_ADHESION_TO_VASCULAR_ENDOTHELIAL_CELL,0.00265307109139209,0.015454215963416,0.431707695803346,0.641239866790245,1.64303899910293,29,"Ccl21a,Sele,Selp,Cxcl12,Il6,Klf4,Mdk,Chst4"
GOBP_INTERLEUKIN_1_MEDIATED_SIGNALING_PATHWAY,0.00268321962652154,0.0155936937139003,0.431707695803346,0.64083884345368,1.63014682341008,27,"Zbp1,Irak3,Il6,Il1r1,Il1r2,Irak2,Il1rn,Egr1,Il1rl2,Rps6ka5"
GOBP_PHOTORECEPTOR_CELL_MAINTENANCE,0.00268157909035745,0.0155936937139003,0.431707695803346,-0.441948905726401,-1.70480442999931,43,"Tulp1,Cdhr1,Nxnl1,Abca4,Ush2a,Bbs12,Crocc,Tub,Bbs10,Lca5"
GOBP_POSITIVE_REGULATION_OF_INTERLEUKIN_13_PRODUCTION,0.00271743935202744,0.0157743275088244,0.431707695803346,0.765706551050626,1.6875723500115,13,"Il18,Lgals9,Prkcz,H2-T23,Il1rap,Il17ra,Il4,Gata3"
GOBP_ODONTOGENESIS,0.00272417225287904,0.015795171759196,0.431707695803346,0.478189463878872,1.43616542792254,131,"Edn1,Bglap3,Bglap2,Bglap,Col1a2,Cd34,Dmp1,Col1a1,Aspn,Gata6"
GOBP_REGULATION_OF_T_CELL_MEDIATED_IMMUNITY,0.00274906316686474,0.0159211296541809,0.431707695803346,0.505681469081837,1.48587483530252,94,"Ceacam1,Cd55,Il6,Azgp1,Ager,Il18,Il1r1,Arid5a,Tnfrsf1b,Il12rb1"
GOBP_INTRACELLULAR_PROTEIN_TRANSMEMBRANE_TRANSPORT,0.00275995699470919,0.0159655728732484,0.431707695803346,-0.417249582983705,-1.70402393104465,51,"Timm50,Chchd4,Aifm1,Sec61b,Dnajc15,Hspd1,Timm23,Sec61g,Tomm70a,Timm44"
GOBP_REGULATION_OF_STRIATED_MUSCLE_CONTRACTION,0.00276308899934874,0.0159655728732484,0.431707695803346,0.512712307987144,1.4990397305825,89,"Ace2,Pln,Nppa,Gstm7,Dsp,Ctnna3,Kcnq1,Gja5,Casq2,Jup"
GOBP_TRABECULA_MORPHOGENESIS,0.0027825675448691,0.0160412466147442,0.431707695803346,0.581703092584812,1.59108850085167,46,"Tek,Eng,Col1a1,Chad,S1pr1,Msx2,Sema4d,Adgrg6,Bmp5,Hey2"
GOBP_TRNA_CATABOLIC_PROCESS,0.00278151185878347,0.0160412466147442,0.431707695803346,-0.708842080769987,-2.02351414928126,14,"Pop1,Slfn9,Exosc8,Exosc3,Nsun2,Trdmt1,Exosc7,Exosc10,Exosc2,Exosc9"
GOBP_EPITHELIAL_CELL_DEVELOPMENT,0.00279447587065619,0.016091443530113,0.431707695803346,0.445022691709622,1.35912691957084,204,"Hapln2,Cldn5,Ppp1r16b,Pecam1,Nkx6-1,Hoxa5,Robo4,Epha2,Gpr4,Pde2a"
GOBP_OLEFINIC_COMPOUND_METABOLIC_PROCESS,0.00284064085766645,0.0163385601733286,0.431707695803346,0.472214135897135,1.42276402318863,141,"Adh1,Ptgis,Wnt4,Aldh1a2,Cyp2d22,Gstm7,Cyp4f14,Ptgs2,Cyp2e1,Alox12"
GOBP_NEGATIVE_REGULATION_OF_SIGNALING_RECEPTOR_ACTIVITY,0.0028684610374595,0.016479718440353,0.431707695803346,0.568170215146347,1.56284123932653,48,"Ace2,Ly6h,Dkk1,Gprc5a,Dkk2,Ly6g6d,Agtr2,Slc6a9,Lypd1,Cblc"
GOBP_POSITIVE_REGULATION_OF_CYTOSOLIC_CALCIUM_ION_CONCENTRATION_INVOLVED_IN_PHOSPHOLIPASE_C_ACTIVATING_G_PROTEIN_COUPLED_SIGNALING_PATHWAY,0.00287386215750739,0.0164919007600338,0.431707695803346,0.642430759854333,1.65257754103279,30,"Edn1,Gpr20,Gpr4,Gpr17,S1pr1,Lpar1,F2rl3,Oprl1,Gpr65,P2ry10"
GOBP_TOOTH_MINERALIZATION,0.00288014784141098,0.0165091256542451,0.431707695803346,0.636948059805586,1.6202495634838,27,"Dmp1,Col1a1,Aspn,Msx2,Fam20a,Wnt6,Cftr,Amelx,Tspear,Amtn"
GOBP_CELLULAR_DEFENSE_RESPONSE,0.00288986506088089,0.0165393771659252,0.431707695803346,0.548750221074876,1.5337031492951,56,"Il33,Dcdc2a,Adora2a,Mndal,Ccr5,Ifi204,Lbp,Ncf1,Il1rl2,Ncf2"
GOBP_POSITIVE_REGULATION_OF_DNA_RECOMBINATION,0.00289200567512398,0.0165393771659252,0.431707695803346,-0.377507380408212,-1.66456027192949,69,"Rad51ap1,Fancb,Rbbp8,Cd28,Ruvbl2,Atad5,Exosc3,Timeless,Nsd2,Ruvbl1"
GOBP_NEGATIVE_REGULATION_OF_CELL_PROJECTION_ORGANIZATION,0.00292444894708729,0.0166680327176959,0.431707695803346,0.450785868290076,1.37090141636646,181,"Mag,Ccl21a,Efnb3,Wnt3,Plxnb3,Mbp,Dkk1,Sema4d,Lpar1,Cd38"
GOBP_NEGATIVE_REGULATION_OF_LIPID_CATABOLIC_PROCESS,0.00292273736426772,0.0166680327176959,0.431707695803346,0.648840680171134,1.64141507018674,26,"Adra2a,Hcar1,Cidea,Hcar2,Gpld1,Adora1,Plin5,Apoc1"
GOBP_REGULATION_OF_MICROTUBULE_NUCLEATION,0.00291928100373247,0.0166680327176959,0.431707695803346,0.803428834478715,1.68375241789909,10,"Hspa1a,Eml2,Hspa1b,Pak1"
GOBP_NEGATIVE_REGULATION_OF_TUMOR_NECROSIS_FACTOR_SUPERFAMILY_CYTOKINE_PRODUCTION,0.00299182198941792,0.017032717033753,0.431707695803346,0.529840489981874,1.5068496308739,65,"Cd34,Irak3,Cidea,Twist1,Lgals9,C5ar2,Pira13,Tlr4,Syt11,Havcr2"
GOBP_REGULATION_OF_ATTACHMENT_OF_SPINDLE_MICROTUBULES_TO_KINETOCHORE,0.00300940824818871,0.0171134561805935,0.431707695803346,-0.697657073422973,-1.96245524823925,13,"Knstrn,Ect2,Racgap1,Ccnb1,Aurkb,Nek2,Spag5"
GOBP_DNA_METHYLATION_DEPENDENT_HETEROCHROMATIN_ASSEMBLY,0.0030276352116299,0.0171976522134051,0.431707695803346,-0.560848115395123,-1.90624692650192,23,"Hells,Dnmt1,Trim28,L3mbtl3,Kdm1a,Setdb1,Pphln1,Mbd3,Hdac1,Sirt1"
GOBP_REGULATION_OF_PROTEIN_CONTAINING_COMPLEX_ASSEMBLY,0.00305137075860142,0.0173129128707554,0.431707695803346,0.407396335257109,1.26697957784135,390,"Ccl21a,Ccl11,Esam,Lcat,Tppp,Selp,Cdc42ep2,Daam2,Tubb4a,Gsn"
GOBP_CYCLIC_NUCLEOTIDE_MEDIATED_SIGNALING,0.00308830535831269,0.0175027181919255,0.431707695803346,0.512653983658605,1.4895337896663,79,"Aplnr,Irag1,Or51e2,Nppa,Pde2a,Nppb,Gpr61,Pex5l,Sctr,Adgrg6"
GOBP_NEGATIVE_REGULATION_OF_LIPID_METABOLIC_PROCESS,0.00309779120624748,0.0175367076506825,0.431707695803346,0.498869116901478,1.4721710779471,96,"Apod,Ceacam1,Adra2a,Wnt4,Hcar1,Snai2,Cidea,Hcar2,Gpld1,Pip4k2a"
GOBP_NEGATIVE_REGULATION_OF_RESPONSE_TO_BIOTIC_STIMULUS,0.00312272837164202,0.0176579927156856,0.431707695803346,0.498510440938688,1.48494018672496,113,"A2m,Ceacam1,Mill2,Irak3,Isg15,Usp18,Lgals9,Serpinb9,Oas1a,Fgl2"
GOBP_POSITIVE_REGULATION_OF_MONONUCLEAR_CELL_MIGRATION,0.00313656012953633,0.0177162783945833,0.431707695803346,0.537075815873378,1.52399072466495,64,"Ccl21a,Ccl7,Cxcl12,Ager,Ccl3,Pdgfd,Lgals9,S100a14,Ccl4,Cxcl17"
GOBP_POSITIVE_REGULATION_OF_TRANSMEMBRANE_TRANSPORT,0.00314421518504022,0.0177196970125529,0.431707695803346,0.444706202519202,1.35833771383354,205,"Edn1,Aplnr,Plp1,Ace2,Gjc2,Edn3,C3,Kcna1,Nppa,Gstm7"
GOBP_REGULATION_OF_CALCIUM_ION_TRANSMEMBRANE_TRANSPORT,0.00314421518504022,0.0177196970125529,0.431707695803346,0.465592094552213,1.40558548593939,144,"Aplnr,Plp1,Gjc2,Adra2a,Pln,Rem1,Nppa,Gstm7,Casq2,Jph2"
GOBP_CARDIAC_MUSCLE_CONTRACTION,0.0031568552460856,0.0177710093192299,0.431707695803346,0.479277606064957,1.43738826233734,129,"Ace2,Kcna5,Pln,Gsn,Nppa,Gstm7,Kcnj8,Dsp,Ctnna3,Kcnq1"
GOBP_ATRIOVENTRICULAR_VALVE_DEVELOPMENT,0.00317554076210931,0.0178562006835833,0.431707695803346,0.633813821534353,1.61227678122528,27,"Aplnr,Twist1,Gja5,Ccn1,Hey2,Tbx5,Heyl,Tgfbr2,Slit3,Dchs1"
GOBP_REGULATION_OF_MUSCLE_SYSTEM_PROCESS,0.00318439540451576,0.0178859840206712,0.431707695803346,0.436841014881061,1.33923788553796,222,"Edn1,Ace2,Adra2a,Tbxa2r,Cnn1,Pln,Pi16,Kcna1,Nppa,Gstm7"
GOBP_DETECTION_OF_LIGHT_STIMULUS_INVOLVED_IN_SENSORY_PERCEPTION,0.0032515694115215,0.0182225634690285,0.431707695803346,-0.588079863530276,-1.93469815233846,20,"Prph2,Tulp1,Rgs9bp,Gnat2,Gnat1,Cacna1f,Reep6,Rom1"
GOBP_SPERM_FLAGELLUM_ASSEMBLY,0.00324938771898588,0.0182225634690285,0.431707695803346,0.617338420465402,1.60360682184826,33,"Drc7,Pla2g3,Ttc12,Cfap44,Spef2,Cfap65,Dnah1,Cfap43,Cfap206,Spag6l"
GOBP_NEURON_PROJECTION_EXTENSION_INVOLVED_IN_NEURON_PROJECTION_GUIDANCE,0.0032648771508302,0.0182767677474648,0.431707695803346,0.58788102312499,1.55103065495057,37,"Wnt3,Cxcl12,Sema4d,Sema7a,Sema5a,Sema3e,Alcam,Sema6d,Slit3,Sema6b"
GOBP_AXIS_SPECIFICATION,0.00327640555887522,0.0182856224483209,0.431707695803346,-0.334326703609181,-1.50483662162906,89,"Wt1,Otx2,Ripply2,Foxa2,Lhx1,Cer1,Pax6,Wnt1,Aurka,Fgf10"
GOBP_REGULATION_OF_MICROVILLUS_ORGANIZATION,0.00327737135984427,0.0182856224483209,0.431707695803346,0.759260440813297,1.67336550094286,13,"Pls1,Atp8b1,Pld1,Vil1,Cdhr2,Ush1c"
GOBP_REGULATION_OF_PATTERN_RECOGNITION_RECEPTOR_SIGNALING_PATHWAY,0.00327687294240526,0.0182856224483209,0.431707695803346,0.480590579191405,1.42126018244362,103,"Irak3,Hspa1a,Hspa1b,Ddx60,Tlr3,Irf7,Pira13,Rab7b,Tlr4,Irf1"
GOBP_REGULATION_OF_DNA_DAMAGE_CHECKPOINT,0.00330136549777736,0.0183990735668811,0.431707695803346,-0.681890310135063,-1.99542568539388,16,"Wdr76,Rfwd3,Thoc1,Chek2,Etaa1,Rpa2,Fem1b,Rnaseh2b,Ddx39b,Map3k20"
GOBP_POSITIVE_REGULATION_OF_PROTEIN_CONTAINING_COMPLEX_ASSEMBLY,0.00331436876162834,0.018443152538221,0.431707695803346,0.447956158313787,1.36407119454915,191,"Ccl21a,Ccl11,Tppp,Cdc42ep2,Cdh5,Isg15,Hspa1a,Csf3,Mmp3,Gbp5"
GOBP_POSITIVE_REGULATION_OF_TELOMERE_MAINTENANCE_VIA_TELOMERE_LENGTHENING,0.00331661227263811,0.018443152538221,0.431707695803346,-0.438073417057903,-1.64766547664069,37,"Aurkb,Nek2,Dkc1,Acd,Hnrnpa1,Tcp1,Cct8,Cct4,Xrcc5,Cct5"
GOBP_NEURAL_RETINA_DEVELOPMENT,0.00332118724421985,0.0184481859410974,0.431707695803346,-0.36732918244043,-1.62002884857486,70,"Pde6c,Nrl,Neurod4,Rpgrip1,Lhx1,Atoh7,Slc17a7,Neurod1,Igfn1,Thrb"
GOBP_REGULATION_OF_COMPLEMENT_ACTIVATION,0.00334667768940862,0.018569259100063,0.431707695803346,0.69076394408817,1.6174020653472,18,"Cfh,C3,A2m,Cd55,Cd59b,Serping1,Cd55b"
GOBP_POSITIVE_REGULATION_OF_RENAL_SODIUM_EXCRETION,0.0033839502311914,0.0187553669373751,0.431707695803346,0.758078407587345,1.67076036900795,13,"Edn1,Adora2a,Nppb,Agt,Npr1"
GOBP_CELL_GROWTH,0.00339762008717478,0.0188103922667705,0.431707695803346,0.400009768375811,1.24628426713551,475,"Mag,Edn1,Sox17,Scgb3a1,Edn3,Ceacam1,Sgk2,Nkx6-1,Wnt3,Acvrl1"
GOBP_REGULATION_OF_ACTIN_CYTOSKELETON_REORGANIZATION,0.00341792270930922,0.0189019774034075,0.431707695803346,0.596938060999148,1.58816011091629,39,"Tek,Esam,Csf3,Ntrk3,Mdk,Sema3e,F11r,Arhgdib,Stap1,Rapgef3"
GOBP_REGULATION_OF_OSTEOCLAST_DIFFERENTIATION,0.00344171210968675,0.0190126228301047,0.431707695803346,0.52580480236381,1.49537226266104,65,"Bglap3,Bglap2,Bglap,Fos,Ccl3,Tnfaip6,Csf1,Tlr3,Slc9b2,Tlr4"
GOBP_MEMBRANE_LIPID_BIOSYNTHETIC_PROCESS,0.00348766668276471,0.0192031767954635,0.431707695803346,0.465829177976736,1.40653279866668,145,"Fa2h,Ugt8a,Gal3st1,Pigz,Degs2,A4galt,Sptlc3,Asah2,Sgms2,St8sia6"
GOBP_OXALATE_TRANSPORT,0.00348438387862368,0.0192031767954635,0.431707695803346,0.794225531368842,1.70130036292351,11,"Slc26a3,Slc26a1,Slc26a10,Slc26a9,Slc26a5,Agxt,Slc26a4"
GOBP_RESPONSE_TO_TEMPERATURE_STIMULUS,0.00348766668276471,0.0192031767954635,0.431707695803346,0.456054852333051,1.38504821422842,171,"Slc52a3,Fgf1,Cd34,Hmgcs2,Mill2,Nos3,Cidea,Hspa1a,Cxcl12,Htr2a"
GOBP_PROTEASOME_ASSEMBLY,0.00349987580711157,0.0192493169391136,0.431707695803346,-0.727075724373022,-2.00849179710736,12,"Psmg3,Psmg1,Psmg2,Otud6b,Psmd5,Psmg4,Ecpas,Psmd11,Adrm1,Psmd9"
GOBP_SMOOTH_MUSCLE_CELL_MIGRATION,0.00350620382191954,0.0192630454784585,0.431707695803346,0.530435784983609,1.51723476414187,68,"Itgb3,Agt,Plat,Plau,Pdgfd,Vtn,Mdk,Tlr4,Ccl5,Myc"
GOBP_HIGH_DENSITY_LIPOPROTEIN_PARTICLE_REMODELING,0.00351496267678761,0.0192900844718464,0.431707695803346,0.737915673524001,1.67658527549272,15,"Lcat,Pla2g3,Lipc,Pltp,Apoc1,Lipg,Abcg1"
GOBP_NEGATIVE_REGULATION_OF_TELOMERE_MAINTENANCE,0.00352215413653882,0.0193084720222253,0.431707695803346,-0.461977315625163,-1.68017811826605,35,"Pif1,Tinf2,Acd,Hnrnpa1,Nat10,Parp1,Slx4,Rtel1,Dcp2,Hnrnpu"
GOBP_DETECTION_OF_BIOTIC_STIMULUS,0.00355935179625045,0.0194911345095327,0.431707695803346,0.595680544821401,1.58481447564387,39,"Pglyrp1,Fap,Pak1,Cdhr2,Tlr4,Nod1,Tlr1,Naip2,Lbp,Nlrc4"
GOBP_SNO_S_RNA_PROCESSING,0.00357048587414554,0.0195308296945916,0.431707695803346,-0.690096455438995,-1.94118781613283,13,"Fbll1,Dkc1,Larp7,Exosc3,Rnf113a1,Exosc4,Fbl,Exosc10,Exosc2,Tent4b"
GOBP_PROTEIN_PEPTIDYL_PROLYL_ISOMERIZATION,0.00358236044593686,0.019574484741005,0.431707695803346,-0.461559976490974,-1.67866028598848,35,"Aipl1,Fkbp11,Ppif,Ppil1,Ppic,Ppih,Fkbp4,Fkbp3,Ppib,Ppid"
GOBP_REGULATION_OF_MAST_CELL_ACTIVATION_INVOLVED_IN_IMMUNE_RESPONSE,0.00358635538696576,0.019575036406381,0.431707695803346,0.614487967287758,1.60217380703961,34,"Foxf1,Pla2g3,Enpp3,Il13ra2,Lgals9,Gata2,Adgre5,Gab2,Il4ra,Fes"
GOBP_CELLULAR_RESPONSE_TO_STEROID_HORMONE_STIMULUS,0.00361764019732894,0.0197243788199269,0.431707695803346,0.440876437239067,1.34516319697539,201,"Edn1,Gjb2,Srarp,Serpinf1,Sox10,Hmgcs2,Zfp36,Or51e2,Fam107a,Hspa1a"
GOBP_PROLINE_TRANSMEMBRANE_TRANSPORT,0.00362862037255599,0.019762811064831,0.431707695803346,0.796092178451748,1.66837692750769,10,"Ace2,Slc6a20a,Slc36a2,Cltrn"
GOBP_MAST_CELL_ACTIVATION,0.00364019709384528,0.0198044056177059,0.431707695803346,0.529420732983695,1.51433135485977,68,"Foxf1,Pla2g3,Enpp3,Ptgdr,Il13ra2,Lgals9,Gata2,Rhoh,S100a13,Cd300lf"
GOBP_JNK_CASCADE,0.00365730740748742,0.0198562657739395,0.431707695803346,0.448892467932968,1.3644058086902,176,"Ccl21a,Ccl19,Dusp15,Flt4,Nppa,Traf1,Mapk10,Ager,Unc5cl,Wnt7b"
GOBP_REGULATION_OF_CATION_TRANSMEMBRANE_TRANSPORT,0.00366096471489491,0.0198562657739395,0.431707695803346,0.415935351497221,1.28965792562054,327,"Edn1,Aplnr,Plp1,Ace2,Gjc2,Edn3,Adra2a,Pln,Rem1,Kcna1"
GOBP_RESPONSE_TO_FIBROBLAST_GROWTH_FACTOR,0.00366157914709407,0.0198562657739395,0.431707695803346,0.481830664250157,1.42877013212884,108,"Fgf1,Wnt4,Col1a1,Zfp36,Ndnf,Hhip,Sulf1,Tbx2,Egr3,Fgf22"
GOBP_BRANCHING_INVOLVED_IN_BLOOD_VESSEL_MORPHOGENESIS,0.00368263195736482,0.019931641018945,0.431707695803346,0.614345820190346,1.59583320197129,33,"Edn1,Eng,Ednra,Kdr,Foxc2,Mdk,Sema3e,Dll4,Shh,Tgfbr2"
GOBP_REGULATION_OF_ANTIGEN_PROCESSING_AND_PRESENTATION,0.00368340849544458,0.019931641018945,0.431707695803346,0.67846660532459,1.60847454869702,20,"Ccl21a,Ccl19,Fgl2,Nod1,Thbs1,Tapbpl,Nod2,Ccr7,Trem2,Hfe"
GOBP_MAINTENANCE_OF_SYNAPSE_STRUCTURE,0.00370472843201772,0.0200254514276915,0.431707695803346,-0.568233999073435,-1.91247609805194,21,"Cbln4,Erc2,Bsn,Dlg4,Chchd10,Ctbp2,Cbln3"
GOBP_RIBONUCLEOSIDE_MONOPHOSPHATE_BIOSYNTHETIC_PROCESS,0.00370890387214931,0.0200264873955903,0.431707695803346,-0.489264217032916,-1.73122775873315,31,"Umps,Ada,Cad,Prps2,Adsl,Prps1,Ppat,Aprt,Gmps,Uck2"
GOBP_NEGATIVE_REGULATION_OF_UBIQUITIN_PROTEIN_TRANSFERASE_ACTIVITY,0.0037274550182131,0.0201050604898683,0.431707695803346,-0.554741292636631,-1.87053881940987,22,"Fbxo5,Usp44,Bub1b,Cdc20,Bag2,Mad2l1,Rps7,Rpl11,Rps20,Rpl5"
GOBP_STRESS_ACTIVATED_PROTEIN_KINASE_SIGNALING_CASCADE,0.00374386989787337,0.0201719549588525,0.431707695803346,0.432179615265397,1.33245601041206,247,"Ccl21a,Ccl19,Dusp15,Flt4,Zfp36,Nppa,Agt,Traf1,Mapk10,Ager"
GOBP_ASTROCYTE_DEVELOPMENT,0.00375200674446685,0.0201941519319431,0.431707695803346,0.591781209739459,1.57953874389684,40,"Plp1,S100a8,Adora2a,Lamc3,Tspan2,Il6,Ager,S100a9,Tlr4,Mapt"
GOBP_PEPTIDYL_LYSINE_DIMETHYLATION,0.00376556874033581,0.0202454695803937,0.431707695803346,-0.541119076380289,-1.85176731974409,25,"Suv39h2,Suv39h1,Dmrtc2,Ehmt1,Pih1d1,Setd1a,Smarcb1,Smyd2,Eef1akmt2,Prdm9"
GOBP_TRNA_THREONYLCARBAMOYLADENOSINE_METABOLIC_PROCESS,0.00377084094562865,0.0202521553778582,0.431707695803346,-0.698432061343878,-1.99379692146073,14,"Ctag2l1,Rpusd4,Trmt10c,Trit1,Osgepl1,Mto1,Pus1,Cdk5rap1,Trmt5,Lage3"
GOBP_CYTOSOLIC_CALCIUM_ION_TRANSPORT,0.00378715115152452,0.0203180457190115,0.431707695803346,0.448555545555364,1.36338173526077,176,"Aplnr,Ccl21a,Ccl19,Pln,Gstm7,Htr2a,Casq2,Jph2,F2rl3,Ccl3"
GOBP_REGULATION_OF_NERVOUS_SYSTEM_PROCESS,0.00380616295449402,0.0203982741708331,0.431707695803346,0.472290502186556,1.42041446747487,132,"Mag,Edn1,Myrf,Sox10,Tppp,Tmem100,Nos3,Agt,Zfp488,Tmem98"
GOBP_MITOCHONDRIAL_TRNA_PROCESSING,0.0038202627807332,0.0204520351424343,0.431707695803346,-0.773665045237555,-2.10481050347877,11,"Rpusd4,Trmt10c,Trit1,Prorp,Mto1,Pus1,Cdk5rap1,Trmt5,Trnt1,Elac2"
GOBP_RESPONSE_TO_METAL_ION,0.00383043241055963,0.0204846635403013,0.431707695803346,0.414170601922999,1.28446631676664,336,"Edn1,Bglap3,Bglap2,Bglap,Trf,Serpinf1,Lcat,Fosb,Hmgcs2,S100a8"
GOBP_POSITIVE_REGULATION_OF_INTERLEUKIN_1_BETA_PRODUCTION,0.00383748921896741,0.0205005933089789,0.431707695803346,0.548031602482151,1.54100464224936,59,"Ccl19,Gbp5,Mndal,Il6,Ager,Ccl3,Lgals9,Ifi204,Pira13,Tlr4"
GOBP_MONOSACCHARIDE_CATABOLIC_PROCESS,0.00386429543638719,0.020621882334096,0.431707695803346,-0.435136263587747,-1.63661836402455,37,"Fut1,Gck,Hk2,Tigar,Pfkp,Rpe,Nudt5,Galm,Fut4,Fut9"
GOBP_LEUKOCYTE_DEGRANULATION,0.00387621503341109,0.0206635556447058,0.431707695803346,0.513979518187431,1.49624955696585,81,"Foxf1,Ceacam1,Pla2g3,Ptgdr,Il13ra2,Ccl3,Lgals9,Gata2,S100a13,Adgre5"
GOBP_ANTIGEN_PROCESSING_AND_PRESENTATION,0.00390057257677537,0.0207713753638239,0.431707695803346,0.499788201941728,1.46578440413955,93,"Ccl21a,Ccl19,Icam1,Azgp1,Ctsh,Fgl2,H2-T23,Nod1,Mfsd6,Thbs1"
GOBP_REGULATION_OF_ALCOHOL_BIOSYNTHETIC_PROCESS,0.003924035210217,0.0208742063510697,0.407017918923954,0.561607822402932,1.54479034940893,48,"Fgf1,Wnt4,Hrh1,Dab2,Sec14l2,Lhcgr,Bmp5,Gper1,Ptk2b,Plek"
GOBP_AROMATIC_AMINO_ACID_FAMILY_METABOLIC_PROCESS,0.00392868686112737,0.0208768592504094,0.407017918923954,-0.486426602563965,-1.72118705523143,31,"Pah,Tyr,Tph1,Hpdl,Tph2,Pcbd1,Haao,Dct"
GOBP_LEUKOCYTE_MEDIATED_CYTOTOXICITY,0.00394855180162329,0.0209602638930943,0.407017918923954,0.480104795826483,1.43298874077777,120,"Ceacam1,Mill2,Icam1,Azgp1,Ager,Cxcl5,Il18,Lgals9,Pik3r6,Emp2"
GOBP_HISTONE_MRNA_CATABOLIC_PROCESS,0.00396954017772651,0.0210494498664886,0.407017918923954,-0.686192025495771,-1.97906729312661,15,"Ssb,Exosc4,Lsm1,Dcp2,Tut4,Eri1,Mtpap,Exosc10,Atm,Tut1"
GOBP_MOTILE_CILIUM_ASSEMBLY,0.00398207804902946,0.0210936842491792,0.407017918923954,0.541577055857666,1.51365485471309,56,"Drc7,Pla2g3,Ttc12,Cfap44,Cfap221,Spef2,Cfap65,Dnah1,Cfap43,Cfap206"
GOBP_BOX_C_D_SNORNP_ASSEMBLY,0.00399507561064235,0.0211402579944201,0.407017918923954,-0.779486796833898,-2.06286114084516,10,"Ruvbl2,Nufip1,Taf9,Ruvbl1,Nopchap1,Znhit3,Snu13,Pih1d1"
GOBP_REGULATION_OF_CYCLIN_DEPENDENT_PROTEIN_KINASE_ACTIVITY,0.00402605617652582,0.0212817922180813,0.407017918923954,-0.321169916959311,-1.466928861641,92,"Cdkn2a,Ccne2,Ccnf,Ccna2,Plk1,Cdc6,Ccnb1,Ccnb2,Cdc25c,Cdkn3"
GOBP_PYRIMIDINE_CONTAINING_COMPOUND_METABOLIC_PROCESS,0.00404453164634055,0.0213569964140272,0.407017918923954,-0.344487476875393,-1.52207455627103,77,"Apobec2,Upb1,Crmp1,Tyms,Ung,Tk1,Shmt1,Dctd,Umps,Dut"
GOBP_PROTEIN_CONTAINING_COMPLEX_REMODELING,0.00405871919611409,0.0214094243429859,0.407017918923954,0.604732559299362,1.57084868232542,32,"Lcat,Pla2g3,Agt,Lipc,Pltp,Pon1,Nr1h4,Apoc1,Pla2g2a,Lipg"
GOBP_APOPTOTIC_CELL_CLEARANCE,0.00409460125498737,0.0215760592335655,0.407017918923954,0.570302216812907,1.57455634263389,49,"C3,Itgb3,Tgm2,Pear1,Rhog,Xkr4,Rhoh,Thbs1,Ccl2,Cd300lf"
GOBP_ACTIVATION_OF_PHOSPHOLIPASE_C_ACTIVITY,0.00411344349988192,0.0216526497108968,0.407017918923954,0.628509668849733,1.61042060968922,29,"Sele,S1pr4,Agt,Lpar1,Htr2a,Ednra,Arhgap6,Itk,C5ar1,P2ry12"
GOBP_REGULATION_OF_STRESS_ACTIVATED_PROTEIN_KINASE_SIGNALING_CASCADE,0.00413753476171052,0.0217566812208355,0.407017918923954,0.441499967547989,1.34476651458141,198,"Ccl21a,Ccl19,Dusp15,Flt4,Nppa,Traf1,Ager,Igfbp6,Dusp1,Xdh"
GOBP_DECIDUALIZATION,0.00421145541016175,0.0220991506752433,0.407017918923954,0.649781018685088,1.59820811205278,23,"Gjb2,Ptgs2,Tcf23,Tppp3,Junb"
GOBP_POSITIVE_REGULATION_OF_NEUTROPHIL_MIGRATION,0.00421080198625982,0.0220991506752433,0.407017918923954,0.627895254291817,1.60884630476441,29,"Edn1,Ccl21a,Ccl19,Il1r1,Mdk,Dapk2,Il1a,Lbp,C5ar1"
GOBP_EOSINOPHIL_CHEMOTAXIS,0.00428061758798147,0.0223819717022408,0.407017918923954,0.706761130314369,1.63862712398358,17,"Ccl21a,Ccl11,Ccl7,Hrh1,Ccl3,Dapk2,Ccl4,Ccl2,Ccl5"
GOBP_EXTRACELLULAR_MATRIX_DISASSEMBLY,0.00428316227920344,0.0223819717022408,0.407017918923954,0.532797734881818,1.52141335361192,67,"Ctsk,Gsn,Adamts4,Fap,Mmp3,Il6,Klk4,Tgfb1,Klk5,Dpp4"
GOBP_MUSCLE_CELL_MIGRATION,0.00427490729983183,0.0223819717022408,0.407017918923954,0.512241247314961,1.49118926383979,81,"Itgb3,Agt,Plat,Plau,Pdgfd,Vtn,Mdk,Tlr4,Ccl5,Six1"
GOBP_NEGATIVE_REGULATION_OF_FIBROBLAST_GROWTH_FACTOR_RECEPTOR_SIGNALING_PATHWAY,0.00428061758798147,0.0223819717022408,0.407017918923954,0.686946271391404,1.60846310471178,18,"Wnt4,Sulf1,Spry4,Apln,Thbs1,Creb3l1,Wnt5a,Gata3,Spry2,Prdm14"
GOBP_REGULATION_OF_CELL_MIGRATION_INVOLVED_IN_SPROUTING_ANGIOGENESIS,0.0043324989010074,0.0226162741177198,0.407017918923954,0.595406806641173,1.57752386026694,38,"Mmrn2,Tbxa2r,Ptgs2,Klf4,Rhoj,Kdr,Foxc2,Gata2,Thbs1,Srpx2"
GOBP_FIBRINOLYSIS,0.00434254202522739,0.0226451854365333,0.407017918923954,0.664502233811395,1.646757105683,24,"Thbd,Fap,Plat,Plau,Krt1,Serping1,Thbs1,F11,Serpine1,Apoh"
GOBP_POSITIVE_REGULATION_OF_INTERFERON_ALPHA_PRODUCTION,0.00435798733934688,0.0226786773860215,0.407017918923954,0.663805027322344,1.59221660835443,21,"Ifih1,Tlr3,Irf7,Rigi,Tlr4,Tlr9,Tlr7"
GOBP_T_CELL_DIFFERENTIATION,0.00435415768831324,0.0226786773860215,0.407017918923954,0.423252271992984,1.30822195284064,269,"Ceacam1,Ccl19,Wnt4,Il2ra,Il6,Tnfsf8,Tmem98,Egr3,Batf,Foxn1"
GOBP_REGULATION_OF_CHROMOSOME_CONDENSATION,0.00437795610327465,0.0227590334345002,0.407017918923954,-0.767177256561154,-2.08716001528042,11,"Ncapg,Ncaph,Smc2,Smc4,Ncapd2,Mcph1,H3f3a,Smarca5"
GOBP_RESPONSE_TO_MACROPHAGE_COLONY_STIMULATING_FACTOR,0.00439645225825895,0.0228315759320948,0.407017918923954,0.749332974902601,1.65148594805986,13,"Pde2a,Csf1,Tlr4,Dcstamp,Stap1,Tlr2,Csf1r,Trem2"
GOBP_NEGATIVE_REGULATION_OF_INTERLEUKIN_1_BETA_PRODUCTION,0.004406349305083,0.0228357917078889,0.407017918923954,0.626524103286933,1.59373341237993,27,"Aqp4,Serpinb1a,Errfi1,Zc3h12a,Nlrp3,Tnfaip3,Cx3cr1,Trem2,Nlrp2,Igf1"
GOBP_POSITIVE_REGULATION_OF_RECEPTOR_MEDIATED_ENDOCYTOSIS,0.00440554198022711,0.0228357917078889,0.407017918923954,0.558516131733258,1.55431036714003,54,"Ccl21a,Sele,Trf,C3,Ccl19,Dab2,Vtn,Apln,Ldlrap1,Arrb1"
GOBP_AMINE_TRANSPORT,0.00442046465818603,0.0228618064163592,0.407017918923954,0.487369828513623,1.43832050276498,100,"Ace2,Adra2a,Sncg,Slc6a1,Cltrn,Adora2a,Cxcl12,Sv2a,Agt,Htr2a"
GOBP_NEGATIVE_REGULATION_OF_LEUKOCYTE_MEDIATED_IMMUNITY,0.00441683718794282,0.0228618064163592,0.407017918923954,0.511757174895874,1.48709490940126,78,"Foxf1,Ceacam1,Mill2,Cd55,Il13ra2,Lgals9,Jak3,Serpinb9,H2-T23,Havcr2"
GOBP_EPIDERMIS_DEVELOPMENT,0.00447838924405269,0.0231375773174233,0.407017918923954,0.427854447333206,1.324438334712,298,"Fa2h,Hoxa7,Krtdap,Epha2,Pls1,Foxq1,Zfp36,Gata6,Dsp,Msx2"
GOBP_NERVOUS_SYSTEM_PROCESS_INVOLVED_IN_REGULATION_OF_SYSTEMIC_ARTERIAL_BLOOD_PRESSURE,0.00448461166881943,0.0231459372270588,0.407017918923954,0.753736218060894,1.69018692264347,14,"Ace2,Agt,Agtr2"
GOBP_POSITIVE_REGULATION_OF_NITRIC_OXIDE_METABOLIC_PROCESS,0.00450221410414638,0.0232129541554296,0.407017918923954,0.590377636084867,1.57070603009912,39,"Edn1,Klf2,Agt,Ptgs2,Klf4,Agtr2,Tlr4,Hbb-bt,Mmp8,Ptk2b"
GOBP_MITOTIC_INTRA_S_DNA_DAMAGE_CHECKPOINT_SIGNALING,0.00450837547172391,0.0232209052216763,0.407017918923954,-0.640848861873229,-1.93543357186111,17,"Eme1,Hus1b,Fancd2,Tipin,Mre11a,Chek2,Mdc1,Msh2,Rad9a,Atf2"
GOBP_GLYCEROPHOSPHOLIPID_CATABOLIC_PROCESS,0.0045491224314786,0.0234067947421115,0.407017918923954,0.6071443882896,1.58302666251096,34,"Enpp6,Enpp2,Lipc,Apoc1,Pla2g4a,Abhd12,Pnliprp2,Pla2g4f,Ldlr,Pla2g4e"
GOBP_NEGATIVE_REGULATION_OF_INCLUSION_BODY_ASSEMBLY,0.00456479390884652,0.0234634140897459,0.407017918923954,0.78765772091115,1.68723154005902,11,"Hspa1a,Hspa1b,Dnaja4,Dnajb2,Hspa2"
GOBP_ANTIMICROBIAL_HUMORAL_RESPONSE,0.00459120907639918,0.0235449332924472,0.407017918923954,0.478089956970291,1.43338839624552,127,"Pglyrp1,Ccl11,Cxcl1,Trf,Rarres2,Cxcl2,Gata6,Cxcl5,Wfdc12,Slpi"
GOBP_PHOTORECEPTOR_CELL_OUTER_SEGMENT_ORGANIZATION,0.00459470450763691,0.0235449332924472,0.407017918923954,-0.68872227344831,-1.96607862746235,14,"Prph2,Cdhr1,Pcare,Rom1"
GOBP_REGULATION_OF_ANIMAL_ORGAN_MORPHOGENESIS,0.00459120907639918,0.0235449332924472,0.407017918923954,0.472908359775545,1.41828643128894,129,"Edn1,Hoxb7,Fgf1,Cd34,Wnt4,Snai2,Dkk1,Agt,Sulf1,Sox8"
GOBP_POSITIVE_REGULATION_OF_INTERFERON_GAMMA_PRODUCTION,0.00460253350441144,0.0235610345485502,0.407017918923954,0.509346760125539,1.46713860534566,72,"Isg15,Cd14,Il18,Il1r1,Arid5a,Lgals9,Il12rb1,Tlr3,Zp3,Tlr4"
GOBP_POSITIVE_REGULATION_OF_ESTABLISHMENT_OF_PROTEIN_LOCALIZATION_TO_TELOMERE,0.00463856873134727,0.0237213479272459,0.407017918923954,-0.773628660218353,-2.04735796307351,10,"Dkc1,Tcp1,Cct8,Cct4,Cct5,Cct6a,Cct2,Cct7,Cct3"
GOBP_MATERNAL_PROCESS_INVOLVED_IN_FEMALE_PREGNANCY,0.00468919208503843,0.023955862410049,0.407017918923954,0.54154941069434,1.52128305518469,58,"Gjb2,Ace2,Wnt4,Ptgs2,Tcf23,Lgals9,Nodal,Tppp3,Havcr2,Angpt2"
GOBP_CARDIAC_MUSCLE_TISSUE_MORPHOGENESIS,0.00469902267641168,0.0239817126845904,0.407017918923954,0.542520975527253,1.52550936482241,59,"Eng,S1pr1,Dsp,Ednra,Wnt2,Foxc2,Tnni1,Foxc1,Tgfb1,Tnnt2"
GOBP_NEGATIVE_REGULATION_OF_TISSUE_REMODELING,0.00472682102593837,0.0240991169344748,0.407017918923954,0.665129979171188,1.62005372466161,22,"Agt,Il6,Cd38,Iapp,Cldn18,Gpr137b,Inpp5d,Tnfaip3,Tmem119"
GOBP_NEGATIVE_REGULATION_OF_EXOCYTOSIS,0.00477953643064022,0.0243431911214067,0.407017918923954,0.590309657545528,1.55528040140776,36,"Foxf1,Ceacam1,Adra2a,Il13ra2,Lgals9,Atp9a,Stxbp3,Stxbp6,H2-Q2,Snca"
GOBP_POSITIVE_REGULATION_OF_INTERFERON_BETA_PRODUCTION,0.0047902857132365,0.0243732452231173,0.407017918923954,0.584167319164007,1.55921630891954,40,"Isg15,Ifih1,Tlr3,Irf7,Oas1a,Rigi,Oas2,Tlr4,Irf1,Oas3"
GOBP_REGULATION_OF_LEUKOCYTE_DEGRANULATION,0.00480363094744183,0.0244164335417493,0.407017918923954,0.559945657881286,1.55644857875786,53,"Foxf1,Ceacam1,Pla2g3,Il13ra2,Lgals9,Gata2,Adgre5,Gab2,Il4ra,Fes"
GOBP_CYTOSKELETON_DEPENDENT_CYTOKINESIS,0.00481633997057718,0.0244563040728197,0.407017918923954,-0.318878549024878,-1.44657958396177,95,"Kif20b,Cep55,Plk1,Kif20a,Ect2,Racgap1,Aurkb,Nusap1,Cenpa,Kif4"
GOBP_POSITIVE_REGULATION_OF_T_HELPER_CELL_DIFFERENTIATION,0.00486768795495355,0.0246920962154909,0.407017918923954,0.65926363168909,1.58132352189869,21,"Ccl19,Il18,Il12rb1,Prkcz,Nfkbiz,Hlx,Nlrp3,Il12b,Il4ra"
GOBP_LABYRINTHINE_LAYER_MORPHOGENESIS,0.00487848230949303,0.0247219058163523,0.407017918923954,0.663658103537936,1.61646868462949,22,"Socs3,Gjb5,Wnt7b,Bmp5,Rspo3,Ccn1,Grhl2,Fgfr2,Gcm1,Zfp36l1"
GOBP_NEGATIVE_REGULATION_OF_MUSCLE_ADAPTATION,0.00488361132049501,0.024722974932657,0.407017918923954,0.785206563517382,1.64556385473822,10,"Nos3,Mlip,Errfi1,Igfbp5,Atp2b4,Foxo1"
GOBP_CENTROSOME_SEPARATION,0.00491157581914151,0.0248395288157187,0.407017918923954,-0.685692580456972,-1.95742983698805,14,"Kif11,Aurka,Chek1,Nek2,Nup62,Map9,Ranbp1,Cntrob,Cep85"
GOBP_DETECTION_OF_EXTERNAL_BIOTIC_STIMULUS,0.00494790646399232,0.0249730178659532,0.407017918923954,0.623325823975901,1.58559772442575,27,"Pglyrp1,Tlr4,Nod1,Tlr1,Naip2,Lbp,Nlrc4,C4b,Nod2,Tlr2"
GOBP_POSITIVE_REGULATION_OF_T_CELL_CYTOKINE_PRODUCTION,0.00494654925168853,0.0249730178659532,0.407017918923954,0.632946131145173,1.62347622575694,28,"Cd55,Il6,Il18,Il1r1,Arid5a,Prkcz,Rsad2,Cd55b,Il18r1,Nlrp3"
GOBP_POSITIVE_REGULATION_OF_T_CELL_MEDIATED_IMMUNITY,0.00497796634805917,0.0250791147779239,0.407017918923954,0.551743019778297,1.54293917135624,57,"Cd55,Il6,Azgp1,Il18,Il1r1,Arid5a,Il12rb1,Prkcz,Zp3,H2-T23"
GOBP_REGULATION_OF_PHOSPHOLIPASE_ACTIVITY,0.00498389410446508,0.0250791147779239,0.407017918923954,0.530838025756251,1.51445076054537,66,"Sele,Flt1,S1pr4,Agt,Lpar1,Htr2a,Ednra,Prkcz,Arhgap6,Fgfr3"
GOBP_REGULATION_OF_PROTEIN_TYROSINE_KINASE_ACTIVITY,0.00497950817681996,0.0250791147779239,0.407017918923954,0.496310323508286,1.45618617659693,90,"Tgfa,Adra2a,Il34,Gprc5a,Agt,Afap1l2,Adora1,Erbb3,Gprc5b,Srcin1"
GOBP_REGULATION_OF_RAS_PROTEIN_SIGNAL_TRANSDUCTION,0.00499019047851784,0.0250856875355092,0.407017918923954,0.441844915033335,1.34453918610288,185,"Gpr20,Gpr4,Gpr17,Psd2,Col3a1,Lpar1,Myoc,Cadm4,Mmd2,F2rl3"
GOBP_REGULATION_OF_JUN_KINASE_ACTIVITY,0.00500977102089532,0.0251589599620787,0.407017918923954,0.534525898561457,1.51335872892887,62,"Edn1,Ccl19,Nppa,Dkk1,Pak1,Ager,Tnxb,Arhgef5,Map4k2,Tlr9"
GOBP_EAR_MORPHOGENESIS,0.00503546438406891,0.0252627539508128,0.407017918923954,0.4739771145339,1.41369959484627,121,"Edn1,Gjb6,Pls1,Tbx3,Twist1,Kcnq1,Ednra,Tbx2,Hoxa2,Clrn2"
GOBP_LIPID_EXPORT_FROM_CELL,0.005073901459692,0.0254302120018661,0.407017918923954,0.571293145436087,1.54478515370764,43,"Edn1,Pla2g3,Agt,Kcnq1,Inhba,Dab2,Nos2,Il1a,Ren1,Nkx3-1"
GOBP_POSITIVE_REGULATION_OF_MRNA_PROCESSING,0.00509353850426051,0.0255032052399577,0.407017918923954,-0.49018199283842,-1.73653916277641,30,"Celf4,Ncl,Rbm3,Nudt21,Rbmx,Ncbp1,Celf3,Rbmxl1,Nup98,Tra2b"
GOBP_ENDOTHELIN_RECEPTOR_SIGNALING_PATHWAY,0.00515643600545433,0.0257924415914616,0.407017918923954,0.783438556344414,1.64185862756115,10,"Edn1,Ednra,Six1,Bcar3,Ptk2b"
GOBP_ACTIVATED_T_CELL_PROLIFERATION,0.00516532065644775,0.0258111997415137,0.407017918923954,0.571044256333627,1.54411215387652,43,"Lrrc32,Il2ra,Ager,Il18,Lgals9,Jak3,Il12rb1,Ripk3,Btn2a2,Il27ra"
GOBP_P_BODY_ASSEMBLY,0.00517342282524198,0.0258260144414016,0.407017918923954,-0.553477426728436,-1.8628106575028,21,"Lsm3,Lsm4,Cnot1,Cnot7,Cnot2,Eif4enif1,Cnot6,Pan2,Edc3,Pan3"
GOBP_EXTRINSIC_APOPTOTIC_SIGNALING_PATHWAY,0.00525659428956391,0.0261706860062998,0.407017918923954,0.431880941223872,1.32147019570308,217,"Mal,Sp100,Snai2,Tnfsf10,Nos3,Hspa1a,Faim2,Agt,Icam1,Hspa1b"
GOBP_POSITIVE_REGULATION_OF_BLOOD_VESSEL_ENDOTHELIAL_CELL_MIGRATION,0.00525808491473301,0.0261706860062998,0.407017918923954,0.541483726858247,1.49956210874863,51,"Nos3,Angpt4,Ptgs2,Cd40,Rhoj,Kdr,Foxc2,Gata2,Tgfb1,Thbs1"
GOBP_POSITIVE_REGULATION_OF_RELEASE_OF_SEQUESTERED_CALCIUM_ION_INTO_CYTOSOL,0.00524962948109053,0.0261706860062998,0.407017918923954,0.587307065741027,1.5625367447805,39,"Aplnr,Gstm7,Jph2,F2rl3,Trpc1,Capn3,Gper1,Cxcl10,Thy1,Casq1"
GOBP_POSITIVE_REGULATION_OF_FOCAL_ADHESION_ASSEMBLY,0.00527623409887318,0.026235043338314,0.407017918923954,0.634749087231208,1.60576663795769,26,"Tek,Wnt4,Myoc,Kdr,Col16a1,Thy1,Ppm1f,Ptprj,Nrp1,Hrg"
GOBP_MYELOID_LEUKOCYTE_MEDIATED_IMMUNITY,0.00530438151037812,0.0263489385895957,0.407017918923954,0.474262929508038,1.4085333594809,109,"Foxf1,C3,Pla2g3,Il6,Ptgdr,Il13ra2,Cxcl5,Ccl3,Lgals9,Serpinb9"
GOBP_CARDIAC_CONDUCTION,0.00534215431869211,0.0264581376946455,0.407017918923954,0.491412823141853,1.44122099992968,93,"Ace2,Kcna5,Pln,Gjc3,Abcc9,Dsp,Ctnna3,Agt,Kcnq1,Gja5"
GOBP_NEGATIVE_REGULATION_OF_SUPRAMOLECULAR_FIBER_ORGANIZATION,0.00533672343397344,0.0264581376946455,0.407017918923954,0.443948762243823,1.34746883302707,160,"Tubb4a,Gsn,Tmeff2,S1pr1,Cdh5,Eml2,Myoc,Iapp,Dnai3,Map6d1"
GOBP_T_CELL_PROLIFERATION,0.00534206549947291,0.0264581376946455,0.407017918923954,0.450841741071972,1.37317079460397,192,"Lrrc32,Ccl19,Wnt4,Tnfrsf13c,Cd55,Il2ra,Il6,Tnfsf8,Ager,Il18"
GOBP_CEREBRAL_CORTEX_DEVELOPMENT,0.00535986163763145,0.0265197091066666,0.407017918923954,-0.303836255641272,-1.36454581228498,105,"Cntnap2,Eomes,Pax6,Tbr1,Lamb1,Foxp2,Tacc3,Kif14,Ascl1,Nefl"
GOBP_NEGATIVE_REGULATION_OF_BONE_REMODELING,0.00536870375245119,0.0265373390005625,0.407017918923954,0.682179982065585,1.59730298805312,18,"Il6,Cd38,Iapp,Cldn18,Gpr137b,Inpp5d,Tnfaip3,Tmem119"
GOBP_POSITIVE_REGULATION_OF_LYMPHOCYTE_MEDIATED_IMMUNITY,0.0053797615261829,0.026565875434304,0.407017918923954,0.48334980663406,1.43802669679593,112,"C3,Cd55,Il6,Cd40,Azgp1,Il18,Il1r1,Arid5a,Il12rb1,Prkcz"
GOBP_INORGANIC_ANION_TRANSPORT,0.0054221092018184,0.0267487173283033,0.407017918923954,0.446234596616265,1.35610197082788,179,"Slc34a3,Slc22a8,Clic5,Slc26a3,Atp8b1,Slc6a1,Abcc9,Kcnq1,Abcb1a,Enpp3"
GOBP_NEGATIVE_REGULATION_OF_COMPLEMENT_ACTIVATION,0.00548314499345524,0.0270233038059799,0.407017918923954,0.781413493622377,1.67385586056625,11,"A2m,Cd55,Cd59b,Serping1,Cd55b"
GOBP_REGULATION_OF_CALCIUM_ION_IMPORT,0.00549250412020644,0.0270429169561976,0.407017918923954,0.585436432873042,1.5737093283048,41,"Pln,Cxcl12,Ccl3,Sln,Ccl2,Grm6,Casr,Trpv2,Semg1,Prnp"
GOBP_ACTIVATION_OF_PROTEIN_KINASE_B_ACTIVITY,0.00551662366555559,0.0271099672193475,0.407017918923954,0.620482273601488,1.5898521389232,29,"Adra2a,Fgf1,Il18,Adra2b,Ntrk3,Prkcz,Nrg1,Slc1a1,Wnt5a,Pink1"
GOBP_POSITIVE_REGULATION_OF_AMINO_ACID_TRANSPORT,0.00551690798993286,0.0271099672193475,0.407017918923954,0.639250906762364,1.5723081398902,23,"Ace2,Slc6a1,Cltrn,Adora2a,Agt,Kmo,Slc12a2,Gabbr1,Avpr1b,Avpr1a"
GOBP_PROTEIN_TRANSMEMBRANE_IMPORT_INTO_INTRACELLULAR_ORGANELLE,0.00556917739632937,0.0273400925501443,0.407017918923954,-0.449221758237582,-1.63378707765857,35,"Timm50,Chchd4,Aifm1,Dnajc15,Hspd1,Timm23,Tomm70a,Timm44,Grpel1,Tomm40"
GOBP_LEUKOTRIENE_METABOLIC_PROCESS,0.00561887589313426,0.0275571601119863,0.407017918923954,0.625841336808399,1.60525277177394,28,"Cyp4f14,Alox12,Ggt7,Cyp4f18,Alox5ap,Mgst3,Pla2g4a,Cyp4f15,Ltc4s,Cyp4f40"
GOBP_RESPONSE_TO_HEAT,0.00568382197114537,0.0278485117436138,0.407017918923954,0.491872356559009,1.45348505012478,102,"Slc52a3,Fgf1,Cd34,Mill2,Nos3,Hspa1a,Cxcl12,Ptgs2,Igfbp7,Hspa1b"
GOBP_DNA_SYNTHESIS_INVOLVED_IN_DNA_REPAIR,0.00568991514852329,0.0278512204981758,0.407017918923954,-0.422774356370771,-1.59012321742643,37,"Dtl,Hrob,Pclaf,Pole,Rfc3,Pole2,Pola1,Pold3,Pold2,Pold1"
GOBP_CELLULAR_AMINO_ACID_BIOSYNTHETIC_PROCESS,0.00570098814196625,0.02785584359483,0.407017918923954,-0.354706701336445,-1.56436002478801,70,"Pah,Upb1,Cth,Nags,Shmt1,Gls2,Asns,Pcbd1,Dhfr,Mthfd2l"
GOBP_NEURON_FATE_COMMITMENT,0.00570542288629193,0.02785584359483,0.407017918923954,-0.359018792631413,-1.53086551438188,63,"Dbx1,Isl2,Lhx3,Isl1,Olig3,Gsx2,Pax6,Tbr1,Wnt1,Pou4f1"
GOBP_PLATELET_DERIVED_GROWTH_FACTOR_RECEPTOR_SIGNALING_PATHWAY,0.00570748337033516,0.02785584359483,0.407017918923954,0.538598786739445,1.49157267772129,51,"Apod,Plat,Pdgfd,Lox,Ptgir,Csrnp1,Pdgfrl,Cspg4,Pdgfa,Myocd"
GOBP_REGULATION_OF_ALPHA_BETA_T_CELL_DIFFERENTIATION,0.00571910176267272,0.0278854748408882,0.407017918923954,0.514116335592698,1.46213063207118,65,"Ccl19,Il18,Lgals9,Jak3,Il12rb1,Prkcz,Nfkbiz,Zbtb16,Cd83,Zc3h12a"
GOBP_MEMBRANE_RAFT_ORGANIZATION,0.00578815836500157,0.028192607765904,0.407017918923954,0.656720780269166,1.62747325190314,24,"Mal,Fa2h,Gsn,Emp2,Npc1,Rftn1,Cav2,Dock2,Cav1"
GOBP_MESODERM_DEVELOPMENT,0.00581013360761419,0.028192607765904,0.407017918923954,0.468674982478667,1.39876217012692,122,"Foxf1,Itgb3,Bmx,Tie1,Epha2,Wnt3,Itgb4,Tbx3,Dkk1,Inhba"
GOBP_MONOAMINE_TRANSPORT,0.0058000680971215,0.028192607765904,0.407017918923954,0.507642976883713,1.47944160402891,83,"Adra2a,Itgb3,Sncg,Adora2a,Cxcl12,Agt,Htr2a,Mapk15,Htr1b,Adra2b"
GOBP_RENAL_FILTRATION,0.00580636149850395,0.028192607765904,0.407017918923954,0.641256269161302,1.60475786381818,25,"Adgrf5,Cd34,Sulf1,Ednra,Gja5,Emp2,Adora1,Rhpn2,Mcam,Coro2b"
GOBP_RESPONSE_TO_AMPHETAMINE,0.00580444043501813,0.028192607765904,0.407017918923954,0.61844581091827,1.58463414206737,29,"Edn1,Adora2a,Ednra,Nr4a1,Rgs4,Dbh,Slc1a1,Oxtr"
GOBP_NEGATIVE_REGULATION_OF_VIRAL_ENTRY_INTO_HOST_CELL,0.0058413100058669,0.0283165529406875,0.407017918923954,0.603869575846528,1.55833082638024,31,"Trim12c,Gsn,Ch25h,Trim5,Ifitm1"
GOBP_NEGATIVE_REGULATION_OF_AXON_EXTENSION_INVOLVED_IN_AXON_GUIDANCE,0.00587039998541607,0.0284027918447416,0.407017918923954,0.619831198900441,1.57670820091455,27,"Wnt3,Sema4d,Sema7a,Sema5a,Sema3e,Sema6d,Sema6b,Wnt5a,Sema4c,Sema3g"
GOBP_RRNA_3_END_PROCESSING,0.00586567606367417,0.0284027918447416,0.407017918923954,-0.760646750012782,-2.01300218154419,10,"Eri2,Exosc8,Exosc3,Rps21,Exosc7,Eri1,Exosc10,Exosc2,Exosc9"
GOBP_RESPONSE_TO_FATTY_ACID,0.00589643475294075,0.0285013245221473,0.407017918923954,0.53052531769992,1.50203221699767,62,"Edn1,Hmgcs2,Mbp,Or51e2,Ptgs2,Scd1,Ildr1,Plat,Gipr,Ccn2"
GOBP_POSITIVE_REGULATION_OF_CALCIUM_ION_TRANSMEMBRANE_TRANSPORT,0.0059480418356587,0.0287231568759426,0.407017918923954,0.519495846013612,1.48909933389218,69,"Aplnr,Plp1,Gjc2,Gstm7,Jph2,F2rl3,Trpc1,Capn3,Hspa2,Gper1"
GOBP_POSITIVE_REGULATION_OF_ALCOHOL_BIOSYNTHETIC_PROCESS,0.00600152879459925,0.0289536326779754,0.407017918923954,0.640590652550913,1.60309214366669,25,"Fgf1,Wnt4,Hrh1,Dab2,Lhcgr,Gper1,Abcg1,Avpr1b,Ptafr,Snca"
GOBP_REGULATION_OF_BLOOD_PRESSURE,0.0060198102886508,0.0290139849674473,0.407017918923954,0.436467454952157,1.32881790942146,187,"Edn1,Ace2,Edn3,Tbxa2r,Col1a2,Cd34,Acvrl1,Or51e2,Nppa,Cyp4f14"
GOBP_EPITHELIAL_TO_MESENCHYMAL_TRANSITION,0.00602583612477558,0.02901520900311,0.407017918923954,0.454742848444345,1.37844073125429,157,"Edn1,Eng,Wnt4,Acvrl1,Tmem100,Col1a1,Snai2,Tbx3,Msx2,Twist1"
GOBP_REGULATION_OF_SMALL_GTPASE_MEDIATED_SIGNAL_TRANSDUCTION,0.00609909714995079,0.0293398673423949,0.407017918923954,0.413165918365951,1.2782329216003,295,"Gpr20,Gpr4,Gpr17,Psd2,Fgd5,Col3a1,Tgm2,Lpar1,Plekhg1,Myoc"
GOBP_POSITIVE_REGULATION_OF_MESENCHYMAL_CELL_PROLIFERATION,0.00611331512837525,0.0293801483272872,0.407017918923954,0.636915946558769,1.56656504763081,23,"Foxf1,Kdr,Wnt2,Shh,Six1,Myc,Tgfbr2,Pdgfa,Wnt5a,Fgfr2"
GOBP_MIDGUT_DEVELOPMENT,0.0061219389804794,0.029393493080105,0.407017918923954,0.77693200078605,1.6642561120216,11,"Foxf1,Hmgcs2,Aldh1a2,Otc,Ret"
GOBP_POSITIVE_REGULATION_OF_EPITHELIAL_TO_MESENCHYMAL_TRANSITION,0.00615688256164366,0.0295330616768919,0.407017918923954,0.536603059331205,1.4860457947286,51,"Eng,Col1a1,Twist1,Il6,Tgfb1i1,Dab2,Mdk,Foxc1,Tgfb1,Snai1"
GOBP_LYMPHOCYTE_COSTIMULATION,0.00616433426604629,0.0295406180699854,0.407017918923954,0.567532592161068,1.54028418163836,44,"Ccl21a,Ccl19,Efnb3,Tnfrsf13c,Map3k8,Cd3e,Dpp4,Tnfsf13b,Tnfrsf14,Il4"
GOBP_PHARYNGEAL_ARCH_ARTERY_MORPHOGENESIS,0.0061836209853205,0.0296048216125773,0.407017918923954,0.777975799575246,1.63041028326013,10,"Edn1,Adgrf5,Ednra,Nog"
GOBP_POSITIVE_REGULATION_OF_GLYCOPROTEIN_METABOLIC_PROCESS,0.0061966962306496,0.0296391931032117,0.407017918923954,0.639067750268075,1.59928104733635,25,"Ccl21a,Il33,Ccl19,Ramp1,Slc2a10,Abca2,Ccr7,Il15,Pxylp1,Igf1"
GOBP_PHOSPHOLIPASE_C_ACTIVATING_G_PROTEIN_COUPLED_RECEPTOR_SIGNALING_PATHWAY,0.00620446773079344,0.0296481552116907,0.407017918923954,0.48747620371835,1.43827574020481,99,"Edn1,Adra2a,Gpr20,Gpr4,Gpr17,Hrh1,S1pr1,Tgm2,Agt,Lpar1"
GOBP_NEGATIVE_REGULATION_OF_VASCULAR_ENDOTHELIAL_GROWTH_FACTOR_RECEPTOR_SIGNALING_PATHWAY,0.00622840482418498,0.0297342745025431,0.407017918923954,0.775283058742505,1.66072393433866,11,"Mmrn2,Cadm4,Hhex,Epn2"
GOBP_PARTURITION,0.00631170396066628,0.0300748206732411,0.407017918923954,0.714296526152285,1.62292126465256,15,"Edn1,Nodal,Ptgfr,Oxtr,Maff,Ptafr,Ldoc1"
GOBP_REGULATION_OF_HEPATOCYTE_PROLIFERATION,0.00631170396066628,0.0300748206732411,0.407017918923954,0.714383728824138,1.62311939395224,15,"Lims2,Ceacam1,Fgf1,Mdk,Tnfaip3"
GOBP_T_CELL_ACTIVATION_INVOLVED_IN_IMMUNE_RESPONSE,0.00632658086855533,0.0301171610096853,0.407017918923954,0.480252888282775,1.42881297372038,112,"Ceacam1,Ccl19,Il6,Icam1,Tmem98,Batf,Il18,Lgals9,Jak3,Il12rb1"
GOBP_ICOSANOID_TRANSPORT,0.00634331958761939,0.0301397614054468,0.407017918923954,0.549766216043568,1.5299599788605,54,"Edn1,Pla2g3,Cyp4f14,Slco3a1,Abcc6,Nos2,Il1a,Pla2g2d,Pla2g2f,Slco2a1"
GOBP_PHOSPHATIDYLCHOLINE_CATABOLIC_PROCESS,0.00634219528414776,0.0301397614054468,0.407017918923954,0.72458949668212,1.66086579788393,16,"Enpp2,Lipc,Apoc1,Pla2g4a,Pnliprp2,Ldlr,Pla2g5"
GOBP_SPINDLE_LOCALIZATION,0.0063536204135484,0.0301601981292803,0.407017918923954,-0.377994529586498,-1.56650846304651,54,"Plk1,Pax6,Spdl1,Mad2l1,Fgf10,Ndc80,Nusap1,Cenpa,Aspm,Espl1"
GOBP_CHRONIC_INFLAMMATORY_RESPONSE,0.00639128554966879,0.0303103702435707,0.407017918923954,0.692441351298098,1.60542668709046,17,"S100a8,S100a9,Thbs1,Cyp19a1,Ccl5,Vcam1,Tnfaip3,Il4,Adora2b,Tnf"
GOBP_CELLULAR_RESPONSE_TO_RETINOIC_ACID,0.00640847021223354,0.03036322314505,0.407017918923954,0.526764821218947,1.50418626196538,67,"Serpinf1,Wnt3,Aldh1a2,Col1a1,Wnt6,Hoxa2,Wnt2,Ntrk3,Wnt7b,Ret"
GOBP_AMP_BIOSYNTHETIC_PROCESS,0.00643004052877981,0.0304367360999775,0.407017918923954,-0.753599529588409,-2.05022084823194,11,"Ada,Prps2,Adsl,Ppat,Aprt,Pfas,Atic,Gart,Paics"
GOBP_PROTEIN_POLYMERIZATION,0.00644029996786744,0.0304517052397575,0.407017918923954,0.422597775854235,1.30711860820721,271,"Ccl21a,Ccl11,Esam,Tppp,Cdc42ep2,Daam2,Tubb4a,Gsn,Fam107a,Cdh5"
GOBP_VENOUS_BLOOD_VESSEL_DEVELOPMENT,0.00644531815697275,0.0304517052397575,0.407017918923954,0.724159138458165,1.65987935347882,16,"Aplnr,Foxf1,Eng,Acvrl1"
GOBP_PROTEIN_K11_LINKED_UBIQUITINATION,0.00646540715261795,0.030489307463612,0.407017918923954,-0.481515095242756,-1.70582309602039,28,"Ube2c,Ube2t,Rnf26,Ube2s,Anapc1,Cdc23,Cdc16,Cdc27,Anapc5,Fzr1"
GOBP_VENTRAL_SPINAL_CORD_DEVELOPMENT,0.00646127514430203,0.030489307463612,0.407017918923954,-0.390033515220242,-1.54290889111157,46,"Dbx1,Lhx4,Isl2,Lhx3,Isl1,Lhx1,Olig3,Pax6,Ascl1,Gli3"
GOBP_CELLULAR_RESPONSE_TO_EXOGENOUS_DSRNA,0.00649354395427354,0.0305932947124021,0.407017918923954,0.678555646295489,1.5888167197552,18,"Ifit1,Ifih1,Tlr3,Rigi,Colec12,Cav1,Sting1"
GOBP_CEREBROSPINAL_FLUID_CIRCULATION,0.00651530731423616,0.0306384002513238,0.407017918923954,0.749521064224831,1.62759658326097,12,"Cfap45,Aqp4,Dnah9,Cfap221,Cfap43"
GOBP_ENDOCARDIUM_DEVELOPMENT,0.00651530731423616,0.0306384002513238,0.407017918923954,0.749203712194667,1.62690744841921,12,"Sox17,Kdr,Sox18,Nrg1,Prox1,Ovol2"
GOBP_PIGMENT_GRANULE_ORGANIZATION,0.0065231340021949,0.0306465370364801,0.407017918923954,-0.476901638519017,-1.70568603155105,29,"Pmel,Tyrp1,Rab38"
GOBP_GLYCOLIPID_BIOSYNTHETIC_PROCESS,0.00657164693813718,0.0308456294659343,0.407017918923954,0.512932721793823,1.47297034528285,70,"Fa2h,Ugt8a,Gal3st1,Pigz,A4galt,St8sia6,St6galnac3,St8sia5,Sccpdh,St8sia4"
GOBP_MITOCHONDRIAL_GENOME_MAINTENANCE,0.0065910106121359,0.0309076589059768,0.407017918923954,-0.533314651085967,-1.81266440340063,23,"Pif1,Ppargc1a,Dna2,Trp53,Parp1,Slc25a33,Mgme1,Endog,Polg2,Slc25a4"
GOBP_DOUBLE_STRAND_BREAK_REPAIR_VIA_NONHOMOLOGOUS_END_JOINING,0.00663002226078489,0.0310110385545679,0.407017918923954,-0.350172102373274,-1.54436112056741,70,"Usp51,Hmgb2,Aunip,Pola1,Mre11a,Dek,Polq,Nsd2,Hmces,Hmgb1"
GOBP_EMBRYONIC_PLACENTA_MORPHOGENESIS,0.00663156284984294,0.0310110385545679,0.407017918923954,0.627138768925549,1.58651431371604,26,"Socs3,Gjb5,Wnt7b,Bmp5,Rspo3,Ccn1,Cdkn1c,Grhl2,Fgfr2,Gcm1"
GOBP_POSITIVE_REGULATION_OF_ALPHA_BETA_T_CELL_DIFFERENTIATION,0.006627210371285,0.0310110385545679,0.407017918923954,0.556845261709617,1.53740282405064,49,"Ccl19,Il18,Lgals9,Il12rb1,Prkcz,Nfkbiz,Zbtb16,Cd83,Zap70,Hlx"
GOBP_LEUKOCYTE_APOPTOTIC_PROCESS,0.00669788702452824,0.0312920799928471,0.407017918923954,0.467230719504767,1.38518721160693,104,"Ccl21a,Ccl19,Gimap8,Il2ra,Hcar2,Cxcl12,Il6,Pdcd1,Ccr5,Lgals9"
GOBP_NEGATIVE_REGULATION_OF_CELL_CELL_ADHESION,0.00670960806773441,0.0313177342214493,0.407017918923954,0.434342699417921,1.32253418220211,195,"Ccl21a,Ceacam1,Lrrc32,Mbp,Il2ra,Adora2a,Cxcl12,Fxyd5,Klf4,Alox12"
GOBP_POSITIVE_REGULATION_OF_NEUROINFLAMMATORY_RESPONSE,0.00672221252356616,0.0313474604415279,0.407017918923954,0.711815321547778,1.61728383038378,15,"Il33,Il6,Il18,Ccl3,Stap1,Mmp8,Trem2,Tnf,Ttbk1,Lrrk2"
GOBP_NEURAL_CREST_CELL_MIGRATION,0.00673640571351652,0.0313845333844741,0.407017918923954,0.527015870065858,1.48683947018594,60,"Edn1,Edn3,Sox10,Eng,Sema4d,Twist1,Ednra,Sox8,Sema7a,Ret"
GOBP_RNA_SURVEILLANCE,0.0067889013731038,0.0315998214838822,0.407017918923954,-0.662414041651006,-1.91048848664796,15,"Supv3l1,Exosc8,Exosc3,Exosc4,Pcid2,Exosc7,Exosc10,Exosc2,Exosc9,Pelo"
GOBP_BASE_EXCISION_REPAIR_GAP_FILLING,0.00680726219946825,0.0316117138303672,0.407017918923954,-0.668107692290618,-1.90723068687623,14,"Pole,Lig1,Fen1,Apex1,Pold1,Pcna,Polg"
GOBP_FOAM_CELL_DIFFERENTIATION,0.00681032147966733,0.0316117138303672,0.407017918923954,0.567391166533013,1.4969714245288,37,"Itgb3,Pla2g3,Agt,Prkch,Il18,Csf1,Tgfb1,Nfkbia,Pla2g2a,Abcg1"
GOBP_MEIOTIC_SPINDLE_ORGANIZATION,0.00680726219946825,0.0316117138303672,0.407017918923954,-0.669372077250949,-1.91084009569489,14,"Fbxo5,Aurka,Ccnb2,Ndc80,Aspm,Espl1,Tubg1"
GOBP_NEGATIVE_REGULATION_OF_DNA_REPAIR,0.00683460284480665,0.0316951554435821,0.407017918923954,-0.447301231015528,-1.63456464518266,34,"Radx,Fancb,Aunip,Parpbp,Rmi2,Polq,Smchd1,Rps3,Ercc6,Trp53bp1"
GOBP_NITRIC_OXIDE_SYNTHASE_BIOSYNTHETIC_PROCESS,0.00688122168654291,0.0318819367910149,0.407017918923954,0.648707623405919,1.55600365986904,21,"Edn1,Il33,Kdr,Jak3,Tlr4,Tlr9,Ccl2,Nod2,Tlr2"
GOBP_DEOXYRIBONUCLEOTIDE_BIOSYNTHETIC_PROCESS,0.00691820990756102,0.0319939066267094,0.407017918923954,-0.661380531967728,-1.90750770993341,15,"Tyms,Shmt1,Rrm2,Dctd,Dut,Dck,Rrm1,Ak5,Tbpl1,Dtymk"
GOBP_LEUKOCYTE_MIGRATION_INVOLVED_IN_INFLAMMATORY_RESPONSE,0.00691915070678665,0.0319939066267094,0.407017918923954,0.681655588741523,1.60280051013214,19,"Sele,S100a8,S100a9,Mdk,Lbp,Trim55,Alox5,Ffar2,Tnf,Ccr6"
GOBP_STRIATED_MUSCLE_CELL_DEVELOPMENT,0.00692448187982094,0.0319939066267094,0.407017918923954,0.524524968244247,1.49643996575199,66,"Edn1,Myh11,Ldb3,Nebl,Capn3,Lmod1,Krt19,Nrap,Tnnt2,Myl9"
GOBP_POSITIVE_REGULATION_OF_KINASE_ACTIVITY,0.00695210467937844,0.0320803839827012,0.407017918923954,0.392800080817512,1.22421932735898,465,"Edn1,Ccl21a,Tek,Edn3,Tgfa,Adra2a,Fgf1,Itgb3,Flt1,Ccl19"
GOBP_POSITIVE_REGULATION_OF_LIPID_TRANSPORT,0.00696234313211199,0.0320803839827012,0.407017918923954,0.498471553819015,1.45224579698609,86,"Edn1,Pla2g3,Cyp4f14,Dab2,Pltp,Il1a,Ces1d,Nkx3-1,Pon1,Cyp19a1"
GOBP_REGULATION_OF_EXECUTION_PHASE_OF_APOPTOSIS,0.00696093301781797,0.0320803839827012,0.407017918923954,0.720679810751878,1.65190422216176,16,"Ptgis,Cidea,Fap,Zc3h12a,Rffl,Bcl2l1,Dlc1"
GOBP_MUSCLE_ADAPTATION,0.00697834584986123,0.0321246745304509,0.407017918923954,0.481161359996728,1.41999813844084,100,"Edn1,Gsn,Pi16,Nppa,Nos3,Gata6,Agt,Myoc,Mlip,Tnfrsf1b"
GOBP_COMPLEMENT_ACTIVATION,0.00703740551363308,0.0322840277021562,0.407017918923954,0.448590137287207,1.35694861142592,148,"Cfh,C1s1,C3,A2m,Cd55,Masp1,Krt1,Colec11,Cd59b,Serping1"
GOBP_IMP_BIOSYNTHETIC_PROCESS,0.00702821364268869,0.0322840277021562,0.407017918923954,-0.750013416913226,-1.98486175666742,10,"Adsl,Ppat,Aprt,Pfas,Atic,Gart,Paics,Ampd2"
GOBP_INTRACILIARY_TRANSPORT,0.00704791617948621,0.0322840277021562,0.407017918923954,-0.434269696801242,-1.60279840318373,36,"Bbs12,Tub,Ssx2ip,Wdr35,Lca5,Ttc21b,Dync2li1,Ift52,Rpgr,Traf3ip1"
GOBP_MULTICELLULAR_ORGANISMAL_SIGNALING,0.00704444291914671,0.0322840277021562,0.407017918923954,0.445218921523568,1.35096560947955,158,"Mag,Ace2,Kcna5,Pln,Gjc3,Kcna1,S1pr1,Abcc9,Dsp,Ctnna3"
GOBP_NEGATIVE_REGULATION_OF_MAST_CELL_ACTIVATION_INVOLVED_IN_IMMUNE_RESPONSE,0.00704393050328343,0.0322840277021562,0.407017918923954,0.772345333766171,1.6186104697445,10,"Foxf1,Enpp3,Il13ra2,Lgals9"
GOBP_REGULATION_OF_REGULATED_SECRETORY_PATHWAY,0.00705149441356027,0.0322840277021562,0.407017918923954,0.460845073486355,1.39069681768443,143,"Foxf1,Ceacam1,Adra2a,Pla2g3,Adora2a,Htr2a,Il13ra2,Htr1b,Lgals9,Zp3"
GOBP_REGULATION_OF_NATURAL_KILLER_CELL_MEDIATED_IMMUNITY,0.00707803427631116,0.0323760494149374,0.407017918923954,0.554860754746485,1.53192376762463,49,"Ceacam1,Mill2,Lgals9,Pik3r6,Serpinb9,H2-T23,Havcr2,Il12b,Kir3dl2,Cd226"
GOBP_MEMBRANE_LIPID_METABOLIC_PROCESS,0.0071298290669078,0.0325833188357687,0.407017918923954,0.430474798394819,1.31396549103914,202,"Fa2h,Ugt8a,Gal3st1,Enpp2,Agmo,Pigz,Degs2,A4galt,Sptlc3,Asah2"
GOBP_VASCULAR_ASSOCIATED_SMOOTH_MUSCLE_CELL_PROLIFERATION,0.00715309225901917,0.0326599407684735,0.407017918923954,0.547702241506807,1.52421608564466,54,"Edn1,Cnn1,Agt,Htr1b,Jun,Apln,Ldlrap1,Gper1,Gna12,Igfbp5"
GOBP_REGULATION_OF_ERBB_SIGNALING_PATHWAY,0.00723248759665987,0.0329703773748629,0.407017918923954,0.50498778648441,1.4612679701123,75,"Tgfa,Ceacam1,Adra2a,Sh3tc2,Gprc5a,Agt,Afap1l2,Adora1,Cblc,Plaur"
GOBP_REGULATION_OF_HELICASE_ACTIVITY,0.00723420056583923,0.0329703773748629,0.407017918923954,-0.69363330343667,-1.91610963404726,12,"Mcm2,Msh6,Trp53,Ssbp1,Gtf2h2,Msh2,Msh3,Mnat1,Sirt1,Pot1a"
GOBP_POSITIVE_REGULATION_OF_LIPID_STORAGE,0.00727226908645063,0.0331138557043363,0.407017918923954,0.64970213041798,1.61007976407625,24,"C3,Cidea,Apoc4,Plin3,Plin5,Zc3h12a"
GOBP_SMOOTH_MUSCLE_TISSUE_DEVELOPMENT,0.007323183455784,0.0333155142373088,0.407017918923954,0.648616313712938,1.57983147326529,22,"Eng,Col3a1,Itga8,Mylk,Shh,Six1,Prox1,Osr1"
GOBP_POSITIVE_REGULATION_OF_STRESS_ACTIVATED_PROTEIN_KINASE_SIGNALING_CASCADE,0.00733728783785745,0.0333494990604968,0.407017918923954,0.462449862584702,1.38692064053724,129,"Ccl21a,Ccl19,Dusp15,Flt4,Traf1,Ager,Igfbp6,Xdh,Unc5cl,Wnt7b"
GOBP_NEGATIVE_REGULATION_OF_SYNAPTIC_TRANSMISSION,0.00735033924423485,0.0333786408137024,0.407017918923954,0.517718628537029,1.48085917937174,68,"Slc6a1,Htr2a,Ptgs2,Cd38,Ager,Htr1b,Adora1,Slc24a2,Syt11,Grid2"
GOBP_POSITIVE_REGULATION_OF_TRANSFORMING_GROWTH_FACTOR_BETA_PRODUCTION,0.00736097767540737,0.0333967822872499,0.407017918923954,0.65989044532808,1.56443512165313,20,"Lum,Cd34,Gata6,Ptgs2,Lgals9,Cd200,Thbs1"
GOBP_REGULATION_OF_MICROGLIAL_CELL_ACTIVATION,0.00741387092816479,0.0336064284543592,0.407017918923954,0.672312729826752,1.57419912704969,18,"Il6,Ccl3,Syt11,Stap1,Mmp8,Ldlr,Trem2,Ttbk1,Lrrk2,Sphk1"
GOBP_REGULATION_OF_VASCULAR_ENDOTHELIAL_GROWTH_FACTOR_RECEPTOR_SIGNALING_PATHWAY,0.00742287081373598,0.0336169113339196,0.407017918923954,0.615167450312495,1.56484469572368,27,"Mmrn2,Itgb3,Tmem204,Cadm4,Hhex,Vtn,Epn2,Vegfc,Itga5"
GOBP_REGULATION_OF_GLYCOPROTEIN_METABOLIC_PROCESS,0.00743869368442102,0.0336279794528638,0.407017918923954,0.553565099163976,1.52834657178851,49,"Ccl21a,Il33,Ccl19,Acer2,Jak3,Ramp1,Itm2c,Slc2a10,Itm2a,Bace2"
GOBP_TRNA_WOBBLE_BASE_MODIFICATION,0.00743738386885058,0.0336279794528638,0.407017918923954,-0.61782147643497,-1.86588835222989,17,"Adat2,Kti12,Elp1,Mto1,Dph3,Elp4,Elp3,Trmu,Alkbh1,Nsun3"
GOBP_REGULATION_OF_MUSCLE_CONTRACTION,0.00747885262861393,0.0337791483953659,0.407017918923954,0.450510125768297,1.36561027694208,157,"Edn1,Ace2,Adra2a,Tbxa2r,Cnn1,Pln,Kcna1,Nppa,Gstm7,Calcrl"
GOBP_CELLULAR_PIGMENTATION,0.00749053134963489,0.0338015270149144,0.407017918923954,-0.390198250378353,-1.61466391280576,53,"Pmel,Tyrp1,Rab38,Rab17,Mreg,Rab27a,Bbs7,Myo7a"
GOBP_BRANCHING_INVOLVED_IN_MAMMARY_GLAND_DUCT_MORPHOGENESIS,0.00752245072092802,0.0339151208736369,0.407017918923954,0.647378606402016,1.57681679583096,22,"Ccl11,Epha2,Wnt4,Tbx3,Msx2,Csf1,Esr1,Pgr,Wnt5a"
GOBP_NEGATIVE_REGULATION_OF_CELL_SUBSTRATE_JUNCTION_ORGANIZATION,0.0076183883067267,0.0342890161037987,0.407017918923954,0.686614435490419,1.59191697089061,17,"Apod,Acvrl1,Fam107a,Arhgap6,Thbs1,Dlc1"
GOBP_REGULATION_OF_CD4_POSITIVE_ALPHA_BETA_T_CELL_DIFFERENTIATION,0.00761902347084607,0.0342890161037987,0.407017918923954,0.551094328717704,1.52152498287885,49,"Ccl19,Il18,Lgals9,Jak3,Il12rb1,Prkcz,Nfkbiz,Cd83,Zc3h12a,Hlx"
GOBP_POSITIVE_REGULATION_OF_MORPHOGENESIS_OF_AN_EPITHELIUM,0.00763892072893284,0.0343171175195222,0.407017918923954,0.580402926485746,1.52917927895051,36,"Mmrn2,Hoxb7,Wnt4,Agt,Sox8,Agtr2,Mdk,Stox1,Nog,Six1"
GOBP_REGULATION_OF_HORMONE_LEVELS,0.00763451168412131,0.0343171175195222,0.407017918923954,0.388376511214932,1.21111387967349,492,"Klk6,Edn1,Ace2,Adh1,Edn3,Kcna5,Slco1c1,Adra2a,Ctsk,Nkx6-1"
GOBP_NEGATIVE_REGULATION_OF_MACROPHAGE_ACTIVATION,0.00772064702734768,0.0346532969700686,0.407017918923954,0.670594112720881,1.57017503911001,18,"Adgrf5,Syt11,Cd200,Zc3h12a,Il4,Ldlr,Fcgr2b,Il31ra,Nr1d1,Cx3cl1"
GOBP_POSITIVE_REGULATION_OF_CYSTEINE_TYPE_ENDOPEPTIDASE_ACTIVITY,0.00773526768846203,0.0346879488580719,0.407017918923954,0.453356298756248,1.36460104803152,138,"Gsn,S100a8,Tnfsf10,Casp4,Foxl2,Sox7,Acer2,Xdh,Atp2a3,Lgals9"
GOBP_REGULATION_OF_CILIUM_BEAT_FREQUENCY,0.00778591819786873,0.034883966827706,0.407017918923954,0.716277198228732,1.64181278612175,16,"Cfap45,Ttll6,Gas2l2,Cfap43,Cfap206,Odad2,Catsper1,Ccdc40"
GOBP_GLYCEROLIPID_METABOLIC_PROCESS,0.00780511354179982,0.0349388297191698,0.407017918923954,0.400141057485206,1.24415644905885,382,"Enpp6,Gal3st1,Enpp2,C3,Lcat,Bmx,Pla2g3,Agmo,Pigz,Pla1a"
GOBP_NUCLEAR_TRANSCRIBED_MRNA_CATABOLIC_PROCESS_EXONUCLEOLYTIC,0.00783227915900303,0.0349830328098425,0.380730400722792,-0.612794890499699,-1.85070751358015,17,"Dis3,Exosc8,Exosc3,Cnot7,Exosc4,Exosc7,Dcp2,Cnot6,Exosc2,Exosc9"
GOBP_POSITIVE_REGULATION_OF_SMOOTH_MUSCLE_CELL_MIGRATION,0.0078271587990519,0.0349830328098425,0.380730400722792,0.592288974141629,1.53853803351974,33,"Agt,Pdgfd,Vtn,Mdk,Tlr4,Ccl5,Myc,Cyp1b1,Sema6d,S100a11"
GOBP_POSITIVE_REGULATION_OF_VASCULAR_ASSOCIATED_SMOOTH_MUSCLE_CELL_PROLIFERATION,0.00783586531606975,0.0349830328098425,0.380730400722792,0.598226015080163,1.54376719366129,31,"Edn1,Agt,Htr1b,Jun,Ldlrap1,Igfbp5,Mmp9,Pdgfb,Adamts1,Tnf"
GOBP_REGULATION_OF_CYTOPLASMIC_TRANSLATION,0.00784730176161477,0.0350030043971939,0.380730400722792,-0.474872052985239,-1.68228934801816,28,"Zfp385a,Ybx1,Syncrip,Rpl13a,Lin28a,Hnrnpd,Pkm,Mettl3,Ybx3,Rbm24"
GOBP_FOCAL_ADHESION_ASSEMBLY,0.00789329154318036,0.0351769295989075,0.380730400722792,0.498024277766495,1.45140949426152,83,"Apod,Tek,Thsd1,Wnt4,Acvrl1,Fam107a,Myoc,Kdr,Col16a1,Arhgap6"
GOBP_ACTIN_MEDIATED_CELL_CONTRACTION,0.00792385259162436,0.0352818485191281,0.380730400722792,0.480399349916923,1.41857201577794,97,"Kcna5,Pln,Gsn,Kcnj8,Dsp,Ctnna3,Kcnq1,Gja5,Jup,Kcne4"
GOBP_NEGATIVE_REGULATION_OF_CELL_MIGRATION_INVOLVED_IN_SPROUTING_ANGIOGENESIS,0.00795374084162728,0.0353556074487352,0.380730400722792,0.707038627149663,1.60643091618131,15,"Mmrn2,Tbxa2r,Klf4,Thbs1,Dll4"
GOBP_REGULATION_OF_MORPHOGENESIS_OF_A_BRANCHING_STRUCTURE,0.00795448419027641,0.0353556074487352,0.380730400722792,0.531651755190143,1.4723338626602,51,"Hoxb7,Snai2,Agt,Sulf1,Sox8,Agtr2,Wnt2,Mdk,Rtn4,Esr1"
GOBP_REGULATION_OF_CYSTEINE_TYPE_ENDOPEPTIDASE_ACTIVITY,0.00799168283488034,0.0354895667941196,0.380730400722792,0.425961379386584,1.30335750817065,217,"Gsn,S100a8,Adora2a,Tnfsf10,Casp4,Foxl2,Ptgs2,Sox7,Dpep1,Klf4"
GOBP_ORGAN_GROWTH,0.00799969053311168,0.0354937725595343,0.380730400722792,0.446071240763289,1.35096880259555,155,"Edn1,Pi16,S1pr1,Gata6,Msx2,Agt,Tbx2,Wnt2,Foxc2,Comp"
GOBP_POSITIVE_REGULATION_OF_DEFENSE_RESPONSE_TO_VIRUS_BY_HOST,0.00801104389540203,0.0355128021712398,0.380730400722792,0.610882534270409,1.56525487521729,29,"Il12rb1,Rigi,Trim6,Zc3h12a,Il12b,Zdhhc11,Il4,Sting1,Dtx3l,Stat1"
GOBP_REACTIVE_OXYGEN_SPECIES_METABOLIC_PROCESS,0.00816262630989184,0.0361528832245166,0.380730400722792,0.437990779006649,1.338051981334,209,"Edn1,Ace2,Nos3,Mmp3,Agt,Alox12,Xdh,Hbb-y,Bst1,Ripk3"
GOBP_POSITIVE_REGULATION_OF_UBIQUITIN_PROTEIN_LIGASE_ACTIVITY,0.00818864587021527,0.0362361996387079,0.380730400722792,-0.746821125712558,-2.03177972081829,11,"Plk1,Ube2c,Cdc20,Cdc20b,Mastl,Ube2s,Cdc14b,Fzr1"
GOBP_REGULATION_OF_ALPHA_BETA_T_CELL_ACTIVATION,0.00820028192438805,0.0362557759313093,0.380730400722792,0.486035347886894,1.4362366629584,102,"Ccl19,Cd55,Adora2a,Ager,Il18,Lgals9,Jak3,Il12rb1,Prkcz,Nfkbiz"
GOBP_CHONDROCYTE_DEVELOPMENT,0.00821578151482717,0.0362714696549996,0.380730400722792,0.596315596957071,1.53883721611056,31,"Msx2,Sulf1,Pthlh,Comp,Matn1,Ecm1,Rarg,Smad7,Col27a1,Tgfbr2"
GOBP_POSITIVE_REGULATION_OF_HORMONE_METABOLIC_PROCESS,0.00821826217168183,0.0362714696549996,0.380730400722792,0.729542789830032,1.63593529584103,14,"Slco1c1,Wnt4,Dab2,Egr1"
GOBP_NEGATIVE_REGULATION_OF_LYMPHOCYTE_ACTIVATION,0.0082480980597955,0.0363712183742035,0.380730400722792,0.447674012271703,1.35883016722424,167,"Pglyrp1,Ceacam1,Lrrc32,Mill2,Il2ra,Adora2a,Mndal,Inhba,Lgals9,Jak3"
GOBP_RECEPTOR_MEDIATED_ENDOCYTOSIS,0.00831691932847924,0.0366425534305567,0.380730400722792,0.417498865629742,1.28711105994062,243,"Ccl21a,Sele,Trf,C3,Ceacam1,Itgb3,Ccl19,Calcrl,Dkk1,Cntn2"
GOBP_REGULATION_OF_CELLULAR_COMPONENT_SIZE,0.00840222032123563,0.0369859558273656,0.380730400722792,0.404868002743531,1.25604779532436,345,"Mag,Edn1,Ccl21a,Ccl11,Esam,Nkx6-1,Cdc42ep2,Wnt3,Daam2,Pls1"
GOBP_CYCLIC_NUCLEOTIDE_BIOSYNTHETIC_PROCESS,0.0084191542904215,0.0370280740314513,0.380730400722792,0.643312604756833,1.56691325619805,22,"Adcy4,Nppa,Nppb,Adcy5,Gucy1a2,Npr1,Nppc"
GOBP_NEGATIVE_REGULATION_OF_LEUKOCYTE_CELL_CELL_ADHESION,0.00842747749654996,0.0370322809223397,0.380730400722792,0.456194580644659,1.37337695840928,140,"Ccl21a,Ceacam1,Lrrc32,Il2ra,Adora2a,Cxcl12,Klf4,Lgals9,Jak3,Mdk"
GOBP_POSITIVE_REGULATION_OF_PSEUDOPODIUM_ASSEMBLY,0.00845469946139399,0.0371194534431682,0.380730400722792,0.725478391811006,1.59891184536844,13,"Ccl21a,Cdc42ep2,Cdc42ep1,Cdc42ep5,Cdc42ep3,Cdc42ep4,Ccr7"
GOBP_RESPONSE_TO_ETHANOL,0.00846991192503209,0.0371537934093685,0.380730400722792,0.461648300000633,1.37628983717813,119,"Bglap3,Cldn5,Bglap2,Bglap,Tbxa2r,Hmgcs2,S100a8,Csf3,Cyp2e1,Cd14"
GOBP_POSITIVE_REGULATION_OF_PROTEIN_TYROSINE_KINASE_ACTIVITY,0.00850271592581437,0.0372651725885517,0.380730400722792,0.523616096600618,1.45804836912647,55,"Tgfa,Adra2a,Il34,Agt,Afap1l2,Adora1,Erbb3,Gprc5b,Srcin1,Ncf1"
GOBP_REGULATION_OF_CALCIUM_MEDIATED_SIGNALING,0.00863513607962717,0.0378125688782977,0.380730400722792,0.492363557012562,1.41821964702474,72,"Tmem100,Chp2,Ccl3,Bst1,Erbb3,Ccl4,Zap70,Cd3e,Rit2,Nrg1"
GOBP_REPLACEMENT_OSSIFICATION,0.00869238742494215,0.0380301406311438,0.380730400722792,0.613956151717237,1.57476784662034,28,"Col1a1,Csgalnact1,Foxc1,Fgfr3,Phospho1,Col2a1,Tmem119,Mmp13,Col13a1"
GOBP_MICROTUBULE_BASED_MOVEMENT,0.00882623701183702,0.0385821682247867,0.380730400722792,0.396030469271188,1.23189210608507,385,"Drc7,Pla2g3,Cfap45,Dnai2,Tekt4,Cfap46,Rsph4a,Aqp4,Dynlt5,Dnah5"
GOBP_CARDIAC_VENTRICLE_MORPHOGENESIS,0.00889813292258526,0.0388626535202746,0.380730400722792,0.49105225270814,1.41444252440616,72,"Foxf1,Eng,Dsp,Ednra,Foxc2,Tnni1,Foxc1,Tgfb1,Tnnt2,Hey2"
GOBP_REGULATION_OF_SYNAPTIC_TRANSMISSION_GLUTAMATERGIC,0.00893482625422478,0.0389552225325134,0.380730400722792,0.510985009025421,1.46159863568156,68,"Grm3,Adora2a,Dkk1,Htr2a,Ptgs2,Htr1b,Adora1,Grm7,Grm4,Tnr"
GOBP_RESPONSE_TO_CHOLESTEROL,0.00892904989181899,0.0389552225325134,0.380730400722792,0.628171274691317,1.57201237845834,25,"Inhba,Gpld1,Ccl3,Ccr5,Ces1d,Tgfb1,Mlc1,Tgfbr2,Abca2,Osbpl7"
GOBP_NEGATIVE_REGULATION_OF_CALCIUM_ION_TRANSMEMBRANE_TRANSPORT,0.00897080713265341,0.0390782040345309,0.380730400722792,0.558557794903979,1.47366597726267,37,"Adra2a,Pln,Rem1,Gstm7,Casq2,Sln,Tlr9,Oprl1"
GOBP_RESOLUTION_OF_MEIOTIC_RECOMBINATION_INTERMEDIATES,0.00901696760112801,0.0392452780353857,0.380730400722792,-0.602590559221042,-1.81988931835487,17,"Eme1,Top2a,Cenps,Tex11,Fancm,Meiob,Slx4,Top2b,Rmi1,Mlh1"
GOBP_REGULATION_OF_TRANSCRIPTION_ELONGATION_FROM_RNA_POLYMERASE_II_PROMOTER,0.00909586376365047,0.0395544179410648,0.380730400722792,-0.416179350840449,-1.59430356700772,40,"Ezh2,Larp7,Wdr43,Supt16,Nelfa,Tcerg1,Ell3,Rnf8,Ercc6,Hnrnpu"
GOBP_PROSTATE_GLAND_DEVELOPMENT,0.00915182837021968,0.0397633891245414,0.380730400722792,0.544878823754906,1.50436449766008,49,"Serpinf1,Id4,Sulf1,Plag1,Nkx3-1,Cyp19a1,Rarg,Trp63,Esr1,Nog"
GOBP_CANONICAL_WNT_SIGNALING_PATHWAY,0.0091624646341313,0.0397752242796011,0.380730400722792,0.407656856928136,1.26118925128793,295,"Edn1,Sox17,Sox10,Wnt3,Wnt4,Daam2,Col1a1,Snai2,Dkk1,Dkk2"
GOBP_STEROID_BIOSYNTHETIC_PROCESS,0.00917162709876543,0.039780646613886,0.380730400722792,0.433426249441673,1.31709357802832,166,"Fgf1,Hmgcs2,Wnt4,Snai2,Ch25h,Igfbp7,Cyp27a1,Dab2,Sec14l2,Cyp3a13"
GOBP_T_CELL_CYTOKINE_PRODUCTION,0.00918091257054877,0.0397865926656454,0.380730400722792,0.532695829408371,1.46856124074848,50,"Cd55,Il6,Il18,Il1r1,Arid5a,Tnfrsf1b,Prkcz,Rsad2,Cd55b,Smad7"
GOBP_PRODUCTION_OF_MOLECULAR_MEDIATOR_INVOLVED_IN_INFLAMMATORY_RESPONSE,0.00923420013129834,0.0399830525926243,0.380730400722792,0.496584454019471,1.44284321835598,79,"Apod,Ceacam1,Pla2g3,Gbp5,Il6,Il1r2,Nos2,Tlr4,Lbp,Zc3h12a"
GOBP_IRON_SULFUR_CLUSTER_ASSEMBLY,0.00926059593925491,0.0400628363051931,0.380730400722792,-0.495239643948678,-1.69476299789764,25,"Glrx5,Fxn,Hspa9,Glrx3,Nubpl,Ciapin1,Nubp1,Abcb7,Nfs1,Lyrm4"
GOBP_POSITIVE_REGULATION_OF_ALPHA_BETA_T_CELL_ACTIVATION,0.00929137784108966,0.0401077262967059,0.380730400722792,0.510105299290461,1.46218197357519,69,"Ccl19,Cd55,Il18,Lgals9,Il12rb1,Prkcz,Nfkbiz,Zbtb16,H2-T23,Cd83"
GOBP_REGULATION_OF_BICELLULAR_TIGHT_JUNCTION_ASSEMBLY,0.0092900340729389,0.0401077262967059,0.380730400722792,0.652979838537584,1.54805180219226,20,"Cldn5,Epha2,Snai2,Prkch,F11r,Snai1"
GOBP_REGULATION_OF_NUCLEOTIDE_BINDING_OLIGOMERIZATION_DOMAIN_CONTAINING_SIGNALING_PATHWAY,0.00929490772541523,0.0401077262967059,0.380730400722792,0.722535421655133,1.59242571167252,13,"Hspa1a,Hspa1b,Tlr4,Tnfaip3,Slc15a3,Birc3"
GOBP_NEGATIVE_REGULATION_OF_CELLULAR_RESPONSE_TO_GROWTH_FACTOR_STIMULUS,0.00932075924671284,0.0401503485288993,0.380730400722792,0.479379060485713,1.41438549779373,99,"Dcn,Mmrn2,Wnt4,Grem2,Dkk1,Agt,Sulf1,Cadm4,Hhex,Agtr2"
GOBP_NEGATIVE_REGULATION_OF_MONONUCLEAR_CELL_MIGRATION,0.00931585898721757,0.0401503485288993,0.380730400722792,0.639379711737015,1.5573339285704,22,"Apod,Dusp1,Cd200,Bmp5,Il27ra,Ccl2,Gcsam,Padi2,Ccn3,Ripor2"
GOBP_IMMUNE_RESPONSE_REGULATING_CELL_SURFACE_RECEPTOR_SIGNALING_PATHWAY,0.00933057857757054,0.0401582350252116,0.380730400722792,0.398920781972579,1.23726557947556,334,"Mog,Ceacam1,Bmx,Mill2,Prkch,Mndal,Cd40,Cd38,Pak1,Pld2"
GOBP_PHYSIOLOGICAL_CARDIAC_MUSCLE_HYPERTROPHY,0.00939257782593583,0.0403904950649952,0.380730400722792,0.638655545984024,1.53189253693258,21,"Edn1,Pi16,Agt,Rgs4,Sorbs2"
GOBP_DNA_DEALKYLATION,0.00943368619768828,0.040532598731435,0.380730400722792,-0.494138622412413,-1.69099518451204,25,"Apobec2,Apex1,Tdg,Dppa3,Otud4,Ascc3,Tet3,Trim28,Usp7,Alkbh3"
GOBP_SEMAPHORIN_PLEXIN_SIGNALING_PATHWAY,0.00945938249341419,0.0406082970063135,0.380730400722792,0.556822885566689,1.50565735601724,43,"Edn1,Plxnb3,Sema4d,Ednra,Sema7a,Sema5a,Sema3e,Ncam1,Sema6d,Sema6b"
GOBP_POSITIVE_REGULATION_OF_GRANULOCYTE_CHEMOTAXIS,0.00951455571178025,0.0407407764592158,0.380730400722792,0.626848208442431,1.56870137618147,25,"Edn1,Ccl21a,Ccl19,Mdk,Dapk2,Lbp,S100a14,C5ar1,Il4,Ccr7"
GOBP_POSITIVE_REGULATION_OF_I_KAPPAB_KINASE_NF_KAPPAB_SIGNALING,0.00949869260296189,0.0407407764592158,0.380730400722792,0.430751956154916,1.31078318395281,185,"Ccl21a,S100b,Ccl19,Trim12c,Trim34a,Tnfsf10,Lpar1,Rhoc,Cd40,Trim5"
GOBP_REGULATION_OF_ANION_TRANSMEMBRANE_TRANSPORT,0.00951455571178025,0.0407407764592158,0.380730400722792,0.626653703258393,1.56821462269671,25,"Ace2,Cltrn,Agt,Abcb1a,Cftr,Rgs4,Tcaf2,Prnp,Ptafr,Tnf"
GOBP_REGULATION_OF_DEFENSE_RESPONSE_TO_VIRUS_BY_HOST,0.00955141972848525,0.0408638187022088,0.380730400722792,0.570708438754369,1.53411906635607,41,"Mill2,Il12rb1,Rigi,Trim6,Zc3h12a,Tnfaip3,Il12b,Zdhhc11,Il4,Il15"
GOBP_ADAPTIVE_IMMUNE_RESPONSE_BASED_ON_SOMATIC_RECOMBINATION_OF_IMMUNE_RECEPTORS_BUILT_FROM_IMMUNOGLOBULIN_SUPERFAMILY_DOMAINS,0.00966680670603039,0.0411125527167637,0.380730400722792,0.393961648342508,1.22545683312329,385,"C1s1,C3,Ceacam1,Ccl19,Mill2,Cd55,Il6,Icam1,Cd40,Azgp1"
GOBP_CARDIAC_MUSCLE_CELL_CONTRACTION,0.00963870913947174,0.0411125527167637,0.380730400722792,0.509692060988798,1.46099745422924,69,"Kcna5,Pln,Gsn,Kcnj8,Dsp,Ctnna3,Kcnq1,Gja5,Jup,Kcne4"
GOBP_ELASTIC_FIBER_ASSEMBLY,0.00963532720794709,0.0411125527167637,0.380730400722792,0.763150611072774,1.63473517320164,11,"Myh11,Col3a1,Lox,Tnxb,Thsd4"
GOBP_POSITIVE_REGULATION_OF_ACTIN_FILAMENT_POLYMERIZATION,0.00965434431448993,0.0411125527167637,0.380730400722792,0.535459412561979,1.48413383140965,52,"Ccl21a,Ccl11,Cdc42ep2,Csf3,Cdc42ep1,Lmod1,Cdc42ep5,Cdc42ep3,Cdc42ep4,Ptk2b"
GOBP_PROTEIN_LOCALIZATION_TO_CHROMATIN,0.00964822296120231,0.0411125527167637,0.380730400722792,-0.453073404804156,-1.61266064192655,32,"Esco2,Plk1,Cdca5,H1f5,Ezh2,Macroh2a1,Ruvbl2,Mcm8,Lrwd1,Macroh2a2"
GOBP_REGULATION_OF_TRANSMEMBRANE_RECEPTOR_PROTEIN_SERINE_THREONINE_KINASE_SIGNALING_PATHWAY,0.00966680670603039,0.0411125527167637,0.380730400722792,0.41839371849395,1.29007408402385,252,"Lrg1,Eng,Acvrl1,Aspn,Grem2,Cdh5,Cidea,Gata6,Hspa1a,Msx2"
GOBP_SODIUM_INDEPENDENT_ORGANIC_ANION_TRANSPORT,0.00966356576478783,0.0411125527167637,0.380730400722792,0.678875785131725,1.57397489423008,17,"Slco1c1,Slco2b1,Slco1a5,Slco3a1,Slc22a6,Slco2a1,Slco6c1,Slc22a26"
GOBP_PANCREATIC_JUICE_SECRETION,0.00971202561460398,0.0412699516184397,0.380730400722792,-0.647460793848554,-1.82125700622962,13,"Sct,Aqp1,Npr3,Wnk4,Aqp5"
GOBP_REGULATION_OF_DENDRITIC_CELL_ANTIGEN_PROCESSING_AND_PRESENTATION,0.00974179383459054,0.0413614844649381,0.380730400722792,0.761898347521006,1.63205271544757,11,"Ccl21a,Ccl19,Fgl2,Nod1,Thbs1,Nod2,Ccr7,Fcgr2b"
GOBP_EOSINOPHIL_MIGRATION,0.00979439558565614,0.0415497270962814,0.380730400722792,0.636892524480626,1.52766371671723,21,"Ccl21a,Ccl11,Ccl7,Hrh1,Ccl3,Dapk2,Ccl4,Ccl2,Ccl5"
GOBP_CERAMIDE_BIOSYNTHETIC_PROCESS,0.00982251166897195,0.0416338669139309,0.380730400722792,0.514010093049127,1.4664416235767,66,"Fa2h,Ugt8a,Gal3st1,Degs2,Sptlc3,Asah2,Sgms2,St8sia6,St6galnac3,Pnpla1"
GOBP_GROWTH_PLATE_CARTILAGE_CHONDROCYTE_DIFFERENTIATION,0.00983994792864183,0.0416726354147283,0.380730400722792,0.759566534197204,1.59182983436183,10,"Matn1,Nppc,Rarg,Col27a1,Tgfbr2"
GOBP_CHEMICAL_HOMEOSTASIS_WITHIN_A_TISSUE,0.00986808378650982,0.0416780041426378,0.380730400722792,0.665084046405011,1.557273392005,18,"Adgrf5,Epas1,Kdr,Ctsh,Oas1a,Napsa,Sftpd,Oas1g"
GOBP_LYMPH_NODE_DEVELOPMENT,0.00986808378650982,0.0416780041426378,0.380730400722792,0.665030518226022,1.55714805745621,18,"Cd248,Nkx2-3,Spns2,Ripk3,Tgfb1,Tox,Ltb,Il15"
GOBP_NEGATIVE_REGULATION_OF_NEURON_PROJECTION_DEVELOPMENT,0.00987437894049762,0.0416780041426378,0.380730400722792,0.456207152519571,1.37213613530369,133,"Mag,Efnb3,Wnt3,Mbp,Dkk1,Sema4d,Lpar1,Cd38,Dnm3,Klk8"
GOBP_SPHINGOLIPID_METABOLIC_PROCESS,0.00986448477322258,0.0416780041426378,0.380730400722792,0.4457729672243,1.35073735989599,156,"Fa2h,Ugt8a,Gal3st1,Enpp2,Degs2,A4galt,Sptlc3,Asah2,Sgms2,St8sia6"
GOBP_MUSCLE_HYPERTROPHY_IN_RESPONSE_TO_STRESS,0.00989058072497283,0.0417113668661396,0.380730400722792,0.622323509451875,1.53067333844231,23,"Nppa,Gata6,Mlip,Errfi1,Hey2,Atp2b4,Foxo1,Myh6,Klf15"
GOBP_MEIOTIC_CHROMOSOME_SEPARATION,0.00995295748904633,0.0419392433339781,0.380730400722792,-0.492869657296665,-1.68665265024591,25,"Ttk,Eme1,Top2a,Ncaph,Cenps,Espl1,Tex11,Fancm,Meiob,Slx4"
GOBP_REGULATION_OF_CARTILAGE_DEVELOPMENT,0.00997574588941898,0.0420000624674282,0.380730400722792,0.508433285771934,1.45429980076457,68,"Ctsk,Acvrl1,Snai2,Efemp1,Pthlh,Mdk,Zbtb16,Ccn2,Frzb,Rarg"
GOBP_GLYCOSYLATION,0.0100030351295357,0.042044529762689,0.380730400722792,0.422300078162394,1.29983898054888,237,"Gal3st1,Galnt6,B3gnt3,Pigz,B3gnt6,B3gnt9,B3galt5,St8sia6,St6galnac3,Acer2"
GOBP_RESPONSE_TO_PEPTIDE,0.0100030351295357,0.042044529762689,0.380730400722792,0.389180276370385,1.21252165590576,472,"Edn1,Bglap3,Gjb2,Bglap2,Bglap,Serpinf1,Ceacam1,Nkx6-1,Rarres2,Hmgcs2"
GOBP_NEGATIVE_REGULATION_OF_AXONOGENESIS,0.0100378355941249,0.042155555164299,0.380730400722792,0.508544045818278,1.44445693347129,63,"Mag,Efnb3,Wnt3,Mbp,Sema4d,Sema7a,Sema5a,Sema3e,Rtn4,Tnr"
GOBP_EMBRYONIC_HEART_TUBE_DEVELOPMENT,0.0100559303408336,0.0421962953450507,0.380730400722792,0.494916828277779,1.44235334601291,83,"Edn1,Sox17,Aplnr,Eng,Tbx3,Ednra,Tbx2,Nodal,Foxc2,Foxc1"
GOBP_REGULATION_OF_TOOTH_MINERALIZATION,0.0101172005999776,0.0424179878366034,0.380730400722792,0.7338763004972,1.59362373686024,12,"Dmp1,Aspn,Wnt6,Cftr,Amelx,Amtn"
GOBP_PURINERGIC_NUCLEOTIDE_RECEPTOR_SIGNALING_PATHWAY,0.010202032367926,0.0427380139279698,0.380730400722792,0.59314683327418,1.53065998326746,31,"Adora2a,Cntn2,Adcy5,Adora1,P2ry4,Adora3,Gpr87,P2rx6,P2ry12,P2ry10"
GOBP_FORMATION_OF_TRANSLATION_PREINITIATION_COMPLEX,0.0103044718407911,0.0430953244123601,0.380730400722792,-0.734953252824309,-1.94500601132322,10,"Rpl13a,Denr,Eif5,Eif4b,Eif2d,Dhx29,Eif2s2,Eif2s3x,Eif4h,Mcts1"
GOBP_NUCLEOLUS_ORGANIZATION,0.0102965951523653,0.0430953244123601,0.380730400722792,-0.629671295206324,-1.84261641078469,16,"Ddx11,Macroh2a1,Suv39h1,Polr1b,Bend3,Rrp8,Nolc1,Emg1,Rps19,Rrn3"
GOBP_HEPATICOBILIARY_SYSTEM_DEVELOPMENT,0.010359963046172,0.0432913834024163,0.380730400722792,0.454373245775864,1.36692493185867,137,"Nkx2-9,Sox17,Lims2,Tgfa,Ceacam1,Fgf1,Hmgcs2,Wnt4,Aldh1a2,Gata6"
GOBP_NEGATIVE_REGULATION_OF_TORC1_SIGNALING,0.0103793790019138,0.043336493556994,0.380730400722792,0.662843675681198,1.55202763436688,18,"Spaar,Castor1,Rnf152"
GOBP_CELLULAR_RESPONSE_TO_HEAT,0.0103977551034946,0.0433412229728583,0.380730400722792,0.51960228888419,1.47110675379913,62,"Slc52a3,Fgf1,Cd34,Hspa1a,Ptgs2,Hspa1b,Scara5,Il1a,Thbs1,Mapt"
GOBP_POSITIVE_REGULATION_OF_BLOOD_CIRCULATION,0.0103914658967922,0.0433412229728583,0.380730400722792,0.578281991958721,1.53215184996592,38,"Edn1,Ace2,Edn3,Nppa,Kcnq1,Hrc,Apln,Ccn2,Rgs4,Hey2"
GOBP_PROTEIN_DENEDDYLATION,0.0105158437878925,0.0437971389575276,0.380730400722792,-0.733687183482665,-1.94165544110561,10,"Cops3,Cops4,Cops2,Cops8,Cops7a,Cops7b,Gps1,Cops6,Cops5,Tor1a"
GOBP_PEPTIDYL_METHIONINE_MODIFICATION,0.0106425084519458,0.0442879884006055,0.380730400722792,-0.642735433274272,-1.80796493335875,13,"Naa25,Naa16,Naa20,Naa15,Pdf,Metap2,Metap1,Naa35"
GOBP_REGULATION_OF_TRANSLATIONAL_TERMINATION,0.0107272157707677,0.0446035679732416,0.380730400722792,-0.732250681729646,-1.93785383258947,10,"Shfl,Eif5a,Jmjd4,Etf1,Mtrf1,Gspt1,Ogfod1,Gle1,Upf1,Eif5a2"
GOBP_POSITIVE_REGULATION_OF_LYMPHOCYTE_CHEMOTAXIS,0.0107824492551088,0.0447961755416795,0.380730400722792,0.657708058484357,1.54000274810567,18,"Ccl21a,Ccl7,Ccl3,Ccl4,Ccl5,Ptk2b,Wnt5a"
GOBP_SENSORY_PERCEPTION_OF_PAIN,0.0108378988265093,0.0449893620155758,0.380730400722792,0.475547910035089,1.40334980782166,96,"Edn1,Tmem100,Kcna1,Cxcl12,Htr2a,Ptgs2,Iapp,Hoxd1,Npy1r,Ccl3"
GOBP_FORMATION_OF_EXTRACHROMOSOMAL_CIRCULAR_DNA,0.0109289968600559,0.0453300884616344,0.380730400722792,-0.645963098280587,-1.84401505602555,14,"Exo1,Dna2,Blm,Xrcc5,Slx4,Rtel1,Nbn,Terf1,Wrn,Smarcal1"
GOBP_RESPONSE_TO_LAMINAR_FLUID_SHEAR_STRESS,0.0109616169340556,0.0454279046393221,0.380730400722792,0.730017020233931,1.58524325007988,12,"Klf2,Klf4,Smad7"
GOBP_COMPLEMENT_ACTIVATION_ALTERNATIVE_PATHWAY,0.0110235902629392,0.0456095376557987,0.380730400722792,0.696257900658099,1.5819365085635,15,"Cfh,C3,C8a,Cfb,C7"
GOBP_T_HELPER_2_CELL_DIFFERENTIATION,0.0110235902629392,0.0456095376557987,0.380730400722792,0.697247991073795,1.58418604881847,15,"Batf,Il18,Prkcz,Hlx,Nlrp3,Il4ra,Il4,Bcl3,Gata3,Bcl6"
GOBP_STRIATED_MUSCLE_CONTRACTION,0.0110337673893864,0.0456141025217477,0.380730400722792,0.443010096130123,1.34467372799198,167,"Ace2,Kcna5,Pln,Gsn,Nppa,Gstm7,Kcnj8,Dsp,Synm,Ctnna3"
GOBP_POSITIVE_REGULATION_OF_LEUKOCYTE_MEDIATED_IMMUNITY,0.0110559013259749,0.0456680492733572,0.380730400722792,0.455953921190336,1.37139991133071,134,"C3,Cd55,Il6,Cd40,Azgp1,Il18,Il1r1,Arid5a,Il12rb1,Prkcz"
GOBP_REGULATION_OF_SYSTEMIC_ARTERIAL_BLOOD_PRESSURE_BY_CIRCULATORY_RENIN_ANGIOTENSIN,0.0110768443221805,0.0457169921244674,0.380730400722792,0.702735930074335,1.61077420601454,16,"Ace2,Or51e2,Enpep,Agtr2,Ren1,Sucnr1,Ctsg,Cpa3"
GOBP_CELLULAR_RESPONSE_TO_PEPTIDE_HORMONE_STIMULUS,0.0111798365510119,0.0461042152107768,0.380730400722792,0.410981476270318,1.27188638982892,281,"Edn1,Bglap3,Gjb2,Bglap2,Bglap,Ceacam1,Nkx6-1,Rarres2,Hmgcs2,Grb14"
GOBP_ESTABLISHMENT_OF_ENDOTHELIAL_BARRIER,0.0112367699715438,0.0462929638197933,0.380730400722792,0.539512985835212,1.49965306133806,53,"Cldn5,Ppp1r16b,Pecam1,Robo4,Pde2a,Cdh5,Icam1,Ednra,F11r,Sox18"
GOBP_HISTONE_PHOSPHORYLATION,0.0112440240350045,0.0462929638197933,0.380730400722792,-0.389683822288958,-1.52706927317554,45,"Ccna2,Haspin,Aurka,Cdk1,Chek1,Aurkb,Prkaa2,Cdk2,Macroh2a1,Incenp"
GOBP_DNA_TEMPLATED_TRANSCRIPTION_TERMINATION,0.0113530240477221,0.0466652918134906,0.380730400722792,-0.513228154052309,-1.7273457397355,21,"Ttf2,Xrn2,Smn1,Maz,Mterf1b,Prmt5,Mterf2,Dhx9,Scaf4,Mterf1a"
GOBP_POSITIVE_REGULATION_OF_ENDOCYTOSIS,0.0113499152003681,0.0466652918134906,0.380730400722792,0.477295198197739,1.40781438808822,98,"Ccl21a,Sele,Trf,C3,Ccl19,Cd14,Dab2,Vtn,Gata2,Apln"
GOBP_IRES_DEPENDENT_VIRAL_TRANSLATIONAL_INITIATION,0.0113729249308305,0.0466877583432802,0.380730400722792,-0.734971147525018,-1.99954101660299,11,"Ssb,Denr,Ptbp1,Eif3d,Eif3b,Eif3a,Eif2d,Eif3f,Csde1,Pcbp2"
GOBP_POSITIVE_REGULATION_OF_TRANSCRIPTION_BY_RNA_POLYMERASE_III,0.0113863520447308,0.0466877583432802,0.380730400722792,-0.568249228981579,-1.77326013822613,18,"Ddx21,Dek,Smarca5,Zfp143,Ercc6,Mybbp1a,Ice2,Zc3h8,Cebpa,Baz1b"
GOBP_RHODOPSIN_MEDIATED_SIGNALING_PATHWAY,0.0113839840832636,0.0466877583432802,0.380730400722792,-0.66865387768226,-1.84710585625307,12,"Sag,Aipl1,Gnat1,Grk1,Rho,Nmt1,Gucy2e,Nmt2"
GOBP_POSITIVE_REGULATION_OF_LYMPHOCYTE_MIGRATION,0.0113982412809756,0.0466984180272733,0.380730400722792,0.563287937678017,1.47921433511732,35,"Ccl21a,Ccl7,Cxcl12,Ccl3,Ccl4,Ccl5,Cxcl10,Tnfrsf14,Ptk2b,Wnt5a"
GOBP_FOLIC_ACID_METABOLIC_PROCESS,0.0114286028262372,0.0467846794849304,0.380730400722792,-0.644957232440061,-1.84114363541466,14,"Shmt1,Folr1,Dhfr,Mthfd2l,Shmt2,Mthfd2,Fpgs,Slc19a1"
GOBP_WATER_HOMEOSTASIS,0.0114462446749709,0.0468187729707719,0.380730400722792,0.517436832612297,1.46497587752167,62,"Fa2h,Cyp4f14,Aqp4,Sctr,Alox12,Krt1,Cftr,Lsr,Trp63,Cyp26b1"
GOBP_NEGATIVE_REGULATION_OF_MICROTUBULE_POLYMERIZATION,0.0115111274764708,0.0470458844099338,0.380730400722792,0.718224699024674,1.61055547646905,14,"Tubb4a,Cdh5,Eml2,Inpp5j,Clip3"
GOBP_NEGATIVE_REGULATION_OF_PLATELET_ACTIVATION,0.0116164147811962,0.0474376255930733,0.380730400722792,0.667150743375551,1.56869476239685,19,"Ceacam1,Thbd,Nos3,Alox12,C1qtnf1,Pdgfa,Pdgfra,Pdgfb,Abat,Fgg"
GOBP_CHLORIDE_TRANSPORT,0.0116440222824942,0.0474732360211666,0.380730400722792,0.462446881237772,1.37344038229381,109,"Clic5,Slc26a3,Atp8b1,Slc6a1,Abcb1a,Slc26a1,Gabra2,Slc26a10,Gabrg1,Slc26a9"
GOBP_POSITIVE_REGULATION_OF_COLLAGEN_METABOLIC_PROCESS,0.0116357949625496,0.0474732360211666,0.380730400722792,0.619082330921775,1.54926709753181,25,"Eng,Wnt4,Larp6,Ccn2,Tgfb1,Creb3l1,Vsir,Amelx"
GOBP_NEGATIVE_REGULATION_BY_HOST_OF_VIRAL_TRANSCRIPTION,0.0117148589742572,0.0477027846500653,0.380730400722792,0.717637869018854,1.60923956199143,14,"Ccl3,Jun,Ccl4,Pou2f3,Ccl5"
GOBP_REGULATION_OF_VIRAL_PROCESS,0.0117193035692919,0.0477027846500653,0.380730400722792,0.443554663924706,1.34401567562474,156,"Trim12c,Trim34a,Gsn,Zfp36,Isg15,Mx2,Ch25h,Trim5,Ifitm1,Slpi"
GOBP_CRANIAL_NERVE_MORPHOGENESIS,0.0118311424457941,0.0480413191235919,0.380730400722792,0.605952849832003,1.55423976421509,28,"Hoxb2,Hoxb3,Atp8b1,Hoxa3,Kcna2,Ephb1,Hoxa1,Egr2,Six1,Hoxb1"
GOBP_NEGATIVE_REGULATION_OF_GLIAL_CELL_DIFFERENTIATION,0.0118281178092867,0.0480413191235919,0.380730400722792,0.618161481669128,1.5469626521008,25,"Nkx6-2,Nkx6-1,Daam2,Id4,Tmem98,Ntrk3,Nog,Dlx2,Dusp10,Ldlr"
GOBP_SNO_S_RNA_METABOLIC_PROCESS,0.0118126404432354,0.0480413191235919,0.380730400722792,-0.623635341424957,-1.82495331008921,16,"Fbll1,Dkc1,Larp7,Exosc3,Nolc1,Rnf113a1,Exosc4,Fbl,Exosc10,Exosc2"
GOBP_RESPIRATORY_GASEOUS_EXCHANGE_BY_RESPIRATORY_SYSTEM,0.0118963695146226,0.048267190920103,0.380730400722792,0.503643612482651,1.44365999001138,69,"Edn1,Hoxa5,Flt4,Cysltr1,Ednra,Csf2rb2,Dnah9,Cfap221,Adora1,Hnmt"
GOBP_NEGATIVE_REGULATION_OF_BONE_MINERALIZATION,0.011991662472653,0.0486053335594921,0.380730400722792,0.654225944005484,1.53184948649133,18,"Srgn,Ccl3,Ecm1,Enpp1,Ccr1,Ptk2b,Rflna"
GOBP_SYNAPTIC_VESICLE_MEMBRANE_ORGANIZATION,0.0119990489252695,0.0486053335594921,0.380730400722792,-0.476549398442165,-1.62216033145099,26,"Cplx3,Snap25,Syp,Cplx1,Syt1"
GOBP_CARDIOCYTE_DIFFERENTIATION,0.0120565439786508,0.0487596513118887,0.380730400722792,0.446792151687923,1.34487847196464,139,"Edn1,Sox17,Myh11,Eng,Pi16,Tbx3,Gata6,Dkk1,Nebl,Agt"
GOBP_UV_DAMAGE_EXCISION_REPAIR,0.0120531105870506,0.0487596513118887,0.380730400722792,-0.64289407198205,-1.83525398172129,14,"Pola1,Pold3,Mc1r,Cul4b,Ddb1,Sirt1,Ercc1"
GOBP_POSITIVE_REGULATION_OF_CALCIUM_ION_TRANSPORT_INTO_CYTOSOL,0.0121215373918709,0.048983093624546,0.380730400722792,0.538027224757234,1.49552317715083,53,"Aplnr,Gstm7,Jph2,F2rl3,Trpc1,Capn3,Gper1,Cxcl10,Thy1,Casq1"
GOBP_HEART_GROWTH,0.0121558892483733,0.0490824540173272,0.380730400722792,0.491072666546228,1.42698861567615,78,"Edn1,Pi16,S1pr1,Gata6,Agt,Tbx2,Wnt2,Foxc2,Kcnk2,Foxc1"
GOBP_AXON_DEVELOPMENT,0.0121885253879531,0.0491747328452973,0.380730400722792,0.387556824883688,1.20746366554898,472,"Mag,Edn1,Nkx2-9,Plp1,Apod,Edn3,S100b,Nkx6-1,Robo4,Epha2"
GOBP_SECONDARY_ALCOHOL_METABOLIC_PROCESS,0.0122007139133411,0.0491844337148081,0.380730400722792,0.443472153937826,1.33902760775553,145,"Lcat,Fgf1,Hmgcs2,Cyp2d22,Ch25h,Lipc,Cyp27a1,Scarf1,Sec14l2,Lepr"
GOBP_CARDIAC_SEPTUM_MORPHOGENESIS,0.012243702689796,0.0492786976954398,0.380730400722792,0.502165002291707,1.43942165496536,69,"Aplnr,Eng,Tbx3,Nos3,Gata6,Msx2,Tbx2,Bmp5,Ccn1,Hey2"
GOBP_NEGATIVE_REGULATION_OF_SMOOTH_MUSCLE_CONTRACTION,0.0122371641733544,0.0492786976954398,0.380730400722792,0.694388085749498,1.57768818554214,15,"Adra2a,Calcrl,Ptgs2,Adora1"
GOBP_REGULATION_OF_URINE_VOLUME,0.0123063056874267,0.0494910389525552,0.380730400722792,0.643963371046052,1.52667601395822,20,"Edn1,Adora2a,Nppb,Npr1,Oprl1"
GOBP_NEGATIVE_REGULATION_OF_DNA_BINDING_TRANSCRIPTION_FACTOR_ACTIVITY,0.0123566403324568,0.0496537417675943,0.380730400722792,0.434063797463599,1.31878445589004,163,"Ptgis,Sp100,Irak3,Msx2,Twist1,Klf4,Nwd1,Sigirr,Irak2,Havcr2"
GOBP_TYPE_B_PANCREATIC_CELL_PROLIFERATION,0.0123739830991893,0.0496837164853233,0.380730400722792,0.627622742916621,1.50542902497112,21,"Nkx6-1,Serpinb1a,Errfi1,Nr4a1,Angptl8,Ptprn,Igfbp5"
GOBP_NUCLEAR_PORE_ORGANIZATION,0.0124278153856912,0.0498600382632638,0.380730400722792,-0.642084901345758,-1.83294406209866,14,"Nup93,Nup107,Nup205,Nup54,Seh1l,Ndc1,Ahctf1,Nup133,Nup98,Nup153"
GOBP_POSITIVE_REGULATION_OF_CALCIUM_ION_IMPORT,0.0125064038457918,0.0501353206800602,0.380730400722792,0.642970176243188,1.52432139760752,20,"Cxcl12,Ccl3,Ccl2,Grm6,Casr,Trpv2,Trpv3,P2rx1,Pdgfb,Atp2a1"
GOBP_CELL_JUNCTION_MAINTENANCE,0.0125482555271473,0.0502630123784619,0.380730400722792,-0.40849236124347,-1.56485617873806,40,"Cbln4,Cldn3,Erc2,Bsn,Dlg4,F2r,Chchd10,F2rl1,Ctbp2,Cbln3"
GOBP_POSITIVE_REGULATION_OF_SMALL_GTPASE_MEDIATED_SIGNAL_TRANSDUCTION,0.012578055580764,0.0503022159144795,0.380730400722792,0.500963577461091,1.43293378163831,68,"Gpr20,Gpr4,Gpr17,Col3a1,Tgm2,Lpar1,Mmd2,F2rl3,Csf1,F11r"
GOBP_REGULATION_OF_LIPID_TRANSPORT,0.0125750050828047,0.0503022159144795,0.380730400722792,0.453336305553512,1.36352675203675,134,"Edn1,Itgb3,Pla2g3,Cyp4f14,Agt,Dab2,Pltp,Il1a,Ces1d,Ren1"
GOBP_MORPHOGENESIS_OF_AN_ENDOTHELIUM,0.0125962702207317,0.0503350162159126,0.380730400722792,0.669940934660212,1.5532594251651,17,"Fgf1,Acvrl1,Dll4,Rhob,Cxcl10,Prkd2,Itgax"
GOBP_NEGATIVE_REGULATION_OF_CELL_JUNCTION_ASSEMBLY,0.0126636557422703,0.0505640964387551,0.380730400722792,0.606914319354632,1.56121567672769,30,"Apod,Acvrl1,Fam107a,Dkk1,Arhgap6,Thbs1,Dlc1,Wnt5a,Tlr2,Tnf"
GOBP_ESTABLISHMENT_OF_SPINDLE_ORIENTATION,0.0127455122032597,0.050850547496656,0.380730400722792,-0.420669892839642,-1.52994600612808,35,"Plk1,Pax6,Spdl1,Mad2l1,Fgf10,Ndc80,Cenpa,Sapcd2,Mcph1,Llgl2"
GOBP_PROTEIN_LIPID_COMPLEX_SUBUNIT_ORGANIZATION,0.0127732812003116,0.0508805741632063,0.380730400722792,0.544952206357544,1.49056657958685,46,"Lcat,Pla2g3,Agt,Lipc,Pltp,Pon1,Nr1h4,Apoc1,Pla2g2a,Lipg"
GOBP_VENTRICULAR_SEPTUM_DEVELOPMENT,0.0127647027582965,0.0508805741632063,0.380730400722792,0.503129811670734,1.44568403706897,71,"Aplnr,Tbx3,Pde2a,Nos3,Gja5,Sall4,Ccn1,Hey2,Nog,Tbx5"
GOBP_ENDOCHONDRAL_BONE_MORPHOGENESIS,0.0128158759593919,0.0509794758288297,0.380730400722792,0.525830658731397,1.47047573194988,57,"Col1a1,Col3a1,Csgalnact1,Comp,Matn1,Nppc,Foxc1,Fgfr3,Rarg,Phospho1"
GOBP_PROLINE_TRANSPORT,0.0128228219045729,0.0509794758288297,0.380730400722792,0.749872476450978,1.571513917794,10,"Ace2,Slc6a20a,Slc36a2,Cltrn"
GOBP_RENAL_ABSORPTION,0.0128285333048477,0.0509794758288297,0.380730400722792,0.66509337872638,1.56385720929279,19,"Edn1,Gsn,Kcnq1,Ednra,Hbb-bt,Maged2,Sgk1,Cldn4,Klhl3"
GOBP_POSITIVE_REGULATION_OF_PROTEIN_KINASE_ACTIVITY,0.0128609853721352,0.0510680675084704,0.380730400722792,0.390698883747402,1.21564050650391,387,"Edn1,Ccl21a,Edn3,Tgfa,Adra2a,Fgf1,Itgb3,Flt1,Ccl19,Il34"
GOBP_POSITIVE_REGULATION_OF_CELLULAR_EXTRAVASATION,0.0129060002934036,0.0511659806584699,0.380730400722792,0.696228277642512,1.59585770860736,16,"Icam1,Ager,Il1r1,Pdgfd,Mdk,Lyve1,Thy1,Plvap,Ptafr,Jam3"
GOBP_REGULATION_OF_LEUKOCYTE_TETHERING_OR_ROLLING,0.0129060002934036,0.0511659806584699,0.380730400722792,0.696221403478485,1.59584195201142,16,"Ccl21a,Sele,Selp,Cxcl12,Chst4"
GOBP_NEGATIVE_REGULATION_OF_EPIDERMAL_GROWTH_FACTOR_ACTIVATED_RECEPTOR_ACTIVITY,0.0129372496887871,0.051249451682847,0.380730400722792,0.715087049860241,1.60351957523664,14,"Gprc5a,Cblc,Errfi1"
GOBP_NEGATIVE_REGULATION_OF_VIRAL_LIFE_CYCLE,0.0129954055135037,0.0514392941073884,0.380730400722792,0.578175428222112,1.50749498165126,34,"Trim12c,Gsn,Ch25h,Trim5,Ifitm1"
GOBP_MUSCLE_CELL_DEVELOPMENT,0.0130421295501001,0.0515836233267926,0.380730400722792,0.432553302390742,1.31340675760613,174,"Edn1,Myh11,Eng,Tmem182,Pi16,Tbx3,Ldb3,Nebl,Agt,Ednra"
GOBP_SKIN_MORPHOGENESIS,0.0131145706163478,0.0518293604468399,0.380730400722792,0.751685530554967,1.61017597071381,11,"Col1a2,Col1a1,Itgb4,Errfi1,Trp63"
GOBP_REGULATION_OF_T_CELL_DIFFERENTIATION,0.0132104127728205,0.0521671209811221,0.380730400722792,0.436729551378631,1.32607783531476,159,"Ceacam1,Ccl19,Il2ra,Egr3,Foxn1,Il18,Lgals9,Pik3r6,Jak3,Il12rb1"
GOBP_CELLULAR_RESPONSE_TO_VITAMIN_D,0.0132238640288899,0.0521792499789871,0.380730400722792,0.612337308956742,1.50611117645086,23,"Bglap3,Bglap2,Bglap,Snai2,Casr,Fes,Il15,Phex"
GOBP_HEMATOPOIETIC_STEM_CELL_HOMEOSTASIS,0.013306797131466,0.0524450123589934,0.380730400722792,0.637653288818264,1.51171638796642,20,"Emcn,Myct1,Crispld1,Septin4,Arhgef5,Foxa3"
GOBP_NEGATIVE_REGULATION_OF_HEMOPOIESIS,0.013316948359698,0.0524450123589934,0.380730400722792,0.46500652566492,1.38234265540959,111,"Pglyrp1,Hoxa7,Ceacam1,Inhba,Ccl3,Tnfaip6,Jak3,Tlr3,Gata2,Mdk"
GOBP_RNA_SPLICING_VIA_ENDONUCLEOLYTIC_CLEAVAGE_AND_LIGATION,0.013322514577767,0.0524450123589934,0.380730400722792,-0.730153699392697,-1.98643480805539,11,"Tsen15,Clp1,Tsen54,Tsen2,Zbtb8os,Rtraf,Rtcb,Tsen34,Ddx1,Ern1"
GOBP_CERAMIDE_METABOLIC_PROCESS,0.0134252162325411,0.0528079514874681,0.380730400722792,0.471238307392968,1.39036658652999,99,"Fa2h,Ugt8a,Gal3st1,Degs2,Sptlc3,Asah2,Sgms2,St8sia6,St6galnac3,Neu4"
GOBP_SULFATE_TRANSPORT,0.0136039511387023,0.0534691652652514,0.380730400722792,0.649430001325989,1.520619937437,18,"Slc26a3,Slc26a1,Slc26a10,Slc26a9,Slc26a5,Slc26a11,Slc26a4"
GOBP_PYRIMIDINE_NUCLEOTIDE_METABOLIC_PROCESS,0.0136890673414162,0.0537616730666401,0.380730400722792,-0.383134594243417,-1.55652116906114,49,"Upb1,Tyms,Ung,Shmt1,Dctd,Umps,Dut,Dck,Cad,Dctpp1"
GOBP_DEOXYRIBOSE_PHOSPHATE_METABOLIC_PROCESS,0.0137344290315748,0.0538225943223935,0.380730400722792,-0.388764032827168,-1.51239255383532,44,"Upb1,Tyms,Ung,Shmt1,Rrm2,Dctd,Ada,Dut,Dck,Rrm1"
GOBP_REGULATION_OF_ERYTHROCYTE_DIFFERENTIATION,0.0137688196336976,0.0538225943223935,0.380730400722792,0.546303023366088,1.48266710475226,44,"Hoxa5,Zfp36,Isg15,Hspa1a,Hspa1b,Inhba,Gata2,Tal1,Inpp5d,Lyn"
GOBP_RESPONSE_TO_ZINC_ION,0.0137688196336976,0.0538225943223935,0.380730400722792,0.545017010336449,1.47917686374357,44,"Bglap3,Bglap2,Bglap,S100a8,Otc,Vcam1,Mt4,Crip1,Slc30a8,Slc30a3"
GOBP_RETINA_MORPHOGENESIS_IN_CAMERA_TYPE_EYE,0.0137195131638774,0.0538225943223935,0.380730400722792,-0.352376807094543,-1.49030404391392,57,"Pde6c,Nrl,Rpgrip1,Impg2,Lhx1,Igfn1,Thrb,Hcn1,Rdh13,Rorb"
GOBP_TOLL_LIKE_RECEPTOR_3_SIGNALING_PATHWAY,0.0137598411319451,0.0538225943223935,0.380730400722792,0.624677135086044,1.49836362848194,21,"Tlr3,Oas1a,Havcr2,Colec12,Rftn1,Tnfaip3,Unc93b1,Oas1g,Cav1,Tnf"
GOBP_TUMOR_NECROSIS_FACTOR_MEDIATED_SIGNALING_PATHWAY,0.013739329923076,0.0538225943223935,0.380730400722792,0.471883402837352,1.39185193256276,98,"Tnfrsf13c,Hspa1a,Casp4,Hspa1b,Traf1,Tnfrsf1b,Cldn18,Naip2,Ccdc3,Nr1h4"
GOBP_PRIMARY_ALCOHOL_METABOLIC_PROCESS,0.0137812607366764,0.0538293688603515,0.380730400722792,0.472439052993069,1.38557451555137,93,"Adh1,Wnt4,Aldh1a2,Cyp2d22,Sult1a1,Dab2,Gpd1,Aldh3b3,Cyp3a13,Pnlip"
GOBP_MYELIN_MAINTENANCE,0.0138054874966099,0.0538821317123121,0.380730400722792,0.667431535053316,1.54744137705181,17,"Fa2h,Myrf,Sh3tc2,Epb41l3,Ndrg1"
GOBP_HISTONE_H4_K5_ACETYLATION,0.0138192956782645,0.0538941810509197,0.380730400722792,-0.617132447524342,-1.80592379562653,16,"Jade3,Wdr5,Mcrs1,Kansl2,Jade1,Hcfc1,Ing5,Kansl3,Kansl1,Ogt"
GOBP_CELL_DIFFERENTIATION_IN_SPINAL_CORD,0.013835330103229,0.0539130742786428,0.380730400722792,-0.371184923066319,-1.51589843955021,51,"Dbx1,Lhx4,Isl2,Lhx3,Isl1,Lhx1,Olig3,Gsx2,Wnt1,Ascl1"
GOBP_RETINA_HOMEOSTASIS,0.0138455895949329,0.0539130742786428,0.380730400722792,-0.321696119346525,-1.40210188043474,75,"Aipl1,Tulp1,Cdhr1,Igkc,Nxnl1,Abca4,Ush2a,Ighg2c,Bbs12,Ighg2b"
GOBP_GLYCOSPHINGOLIPID_METABOLIC_PROCESS,0.0138764840050635,0.0539497951225477,0.380730400722792,0.524521352493411,1.46681428122106,57,"Fa2h,Ugt8a,Gal3st1,A4galt,St8sia6,St6galnac3,Neu4,St8sia5,Gltp,St8sia4"
GOBP_HISTONE_H4_K20_METHYLATION,0.0138686699855381,0.0539497951225477,0.380730400722792,-0.63030334364159,-1.77299442925917,13,"Brca1,Smyd5,Bend3,Pwp1,Nsd2,Nsd1,Kmt5a,Ttll12"
GOBP_SLEEP,0.0139133824215852,0.0540514477846283,0.380730400722792,0.601021227599957,1.54159039161579,28,"Adora2a,Htr2a,Ptgdr,Il18,Fos,Ghrh,Kcna2,Adora1"
GOBP_REGULATION_OF_EPIDERMAL_GROWTH_FACTOR_ACTIVATED_RECEPTOR_ACTIVITY,0.0139769008556927,0.0542562784568085,0.380730400722792,0.604622483175271,1.55532019781476,30,"Tgfa,Adra2a,Gprc5a,Adora1,Cblc,Errfi1,Ncf1,Btc"
GOBP_DEFENSE_RESPONSE_TO_GRAM_NEGATIVE_BACTERIUM,0.0140237859004678,0.0543962744765831,0.380730400722792,0.478773024935052,1.39386210886035,84,"Selp,Rarres2,Irgm2,Il6,Cxcl5,Nos2,Tlr4,Lbp,Tlr9,Tnfrsf14"
GOBP_RESPONSE_TO_PEPTIDE_HORMONE,0.0140377915089441,0.0544086182848587,0.380730400722792,0.388287683392825,1.20782436382527,389,"Edn1,Bglap3,Gjb2,Bglap2,Bglap,Ceacam1,Nkx6-1,Rarres2,Hmgcs2,Col1a1"
GOBP_ENDOTHELIAL_CELL_APOPTOTIC_PROCESS,0.0140532521266087,0.0544265781513574,0.380730400722792,0.524212986986925,1.46595194277364,57,"Tek,Ecscr,Cdh5,Ndnf,Icam1,Cd40,Kdr,Cd248,Col4a3,Gata2"
GOBP_FOREGUT_MORPHOGENESIS,0.0140944790775352,0.054544223497128,0.380730400722792,0.747929587386793,1.56744218919883,10,"Sox17,Foxf1,Shh"
GOBP_REGULATION_OF_DNA_STRAND_ELONGATION,0.0141391213852632,0.0546328694878695,0.380730400722792,-0.580895966956382,-1.7543692797078,17,"Ruvbl2,Ruvbl1,Uchl5,Ino80e,Actl6a,Mcrs1,Nucks1,Actr8,Pot1a"
GOBP_RNA_INTERFERENCE,0.0141391213852632,0.0546328694878695,0.380730400722792,-0.580388572463002,-1.7528368929079,17,"Ago2,Tert,Xpo5,Clp1,Celf1,Prkra,Tsn,Tarbp2,Dhx9"
GOBP_PROTEIN_LOCALIZATION_TO_CYTOSKELETON,0.0141850910230542,0.0547683967533744,0.380730400722792,-0.348332131174622,-1.47401088431073,58,"Kif20b,Ttk,Aurka,Stil,Mid1,Wrap73,Spag5,Mcph1,Cep192,Nup62"
GOBP_POSITIVE_REGULATION_OF_TYPE_2_IMMUNE_RESPONSE,0.0142085603669608,0.0547748719054541,0.380730400722792,0.665812301433051,1.54368718059642,17,"Il6,Il18,Prkcz,Rsad2,Nlrp3,Il4ra,Nod2,Il4,Gata3,Xcl1"
GOBP_REGULATION_OF_ICOSANOID_SECRETION,0.0142033922157638,0.0547748719054541,0.380730400722792,0.610102607094232,1.50061468064385,23,"Edn1,Pla2g3,Cyp4f14,Il1a,Tnfsf11,Pla2g4a,Cyp4f15,Avpr1b,P2rx4"
GOBP_REGULATION_OF_HEART_RATE,0.0142803143297287,0.055009302785859,0.380730400722792,0.470221692688308,1.38736711239014,99,"Edn1,Edn3,Kcna5,Epas1,Pln,Nppa,Dsp,Ctnna3,Agt,Kcnq1"
GOBP_POSITIVE_REGULATION_OF_PEPTIDASE_ACTIVITY,0.0143740220645789,0.055327878191913,0.380730400722792,0.42673306102355,1.29855363959209,185,"Gsn,S100a8,Mbp,Tnfsf10,Casp4,Foxl2,Sox7,Ager,Acer2,Xdh"
GOBP_POSITIVE_REGULATION_OF_NITRIC_OXIDE_SYNTHASE_BIOSYNTHETIC_PROCESS,0.014410096875082,0.0553897482109129,0.380730400722792,0.665475716055875,1.54290680671206,17,"Il33,Kdr,Jak3,Tlr4,Tlr9,Ccl2,Nod2,Tlr2,Stat1,Lrrk2"
GOBP_REGULATION_OF_VIRAL_GENOME_REPLICATION,0.0144121326158492,0.0553897482109129,0.380730400722792,0.48586066717014,1.41168488666554,79,"Isg15,Mx2,Ifitm1,Slpi,Ifih1,Gbp7,Oas1a,Oas2,Rsad2,Trim6"
GOBP_CENTROMERIC_SISTER_CHROMATID_COHESION,0.0144785725347387,0.055602585280467,0.380730400722792,-0.658218822149394,-1.81827980315084,12,"Sgo2a,Sgo1,Bub1,Bub1b,Naa50,Naa10"
GOBP_ACTIN_FILAMENT_POLYMERIZATION,0.0145421373764212,0.0556973181463092,0.380730400722792,0.430655216360835,1.30892484013787,164,"Ccl21a,Ccl11,Esam,Cdc42ep2,Daam2,Gsn,Fam107a,Csf3,Gas7,Micall2"
GOBP_AMINO_ACID_TRANSPORT,0.0145421373764212,0.0556973181463092,0.380730400722792,0.441182977527796,1.33378099208203,146,"Ace2,Slc38a5,Slc6a20a,Slc6a1,Slc36a2,Cltrn,Adora2a,Slc38a11,Slc7a10,Sv2a"
GOBP_CGMP_METABOLIC_PROCESS,0.0145319213655719,0.0556973181463092,0.380730400722792,0.692410010908143,1.58710567914053,16,"Nppa,Pde2a,Nppb,Gucy1a2,Npr1,Nppc,Gucy2f,Gucy2c,Pde5a"
GOBP_PYRIMIDINE_CONTAINING_COMPOUND_BIOSYNTHETIC_PROCESS,0.0145475589270149,0.0556973181463092,0.380730400722792,-0.422203121084434,-1.5428490845947,34,"Tyms,Shmt1,Dctd,Umps,Dut,Dhfr,Cad,Nme7,Nme4,Prps1"
GOBP_POSITIVE_REGULATION_OF_URINE_VOLUME,0.0145930478553657,0.0558289585760451,0.380730400722792,0.704350328865678,1.55234683324087,13,"Edn1,Adora2a,Nppb,Npr1,Oprl1"
GOBP_POSITIVE_REGULATION_OF_STEROID_METABOLIC_PROCESS,0.014694563707253,0.0561745792824037,0.380730400722792,0.581255174605721,1.49997266431473,31,"Fgf1,Wnt4,Agt,Dab2,Il1a,Ces1d,Apoc1,Ldlrap1"
GOBP_DENDRITIC_CELL_ANTIGEN_PROCESSING_AND_PRESENTATION,0.0147708400887907,0.0564232622540659,0.380730400722792,0.709241321083435,1.59041104456619,14,"Ccl21a,Ccl19,Fgl2,Nod1,Thbs1,Nod2,Ccr7,Fcgr2b"
GOBP_NEGATIVE_REGULATION_OF_MUSCLE_CONTRACTION,0.0147911096580197,0.0564577891046812,0.380730400722792,0.609901231889273,1.50011937610758,23,"Adra2a,Calcrl,Ptgs2,Adora1,Zc3h12a,Adora2b,Pde5a,Gucy1a1,Atp1a2,Prkg1"
GOBP_METHIONINE_METABOLIC_PROCESS,0.014815254915426,0.0565070458724177,0.380730400722792,-0.61357550861108,-1.79551507275218,16,"Gnmt,Mthfd2l,Mtap,Sms,Msra,Mthfr,Mtr,Mri1,Mthfd1"
GOBP_BILE_ACID_AND_BILE_SALT_TRANSPORT,0.0148598568873121,0.0566341930041834,0.380730400722792,0.599559129171906,1.53784017983495,28,"Slco1c1,Ceacam1,Slco2b1,Atp8b1,Slc10a6,Slco1a5,Akr1c20,Aqp9,Slc10a4,Slc51a"
GOBP_NEUROMUSCULAR_PROCESS,0.014878368064311,0.0566617850449177,0.380730400722792,0.440672350047462,1.33223726700197,146,"Nkx6-2,Kcna1,Gstm7,Adora2a,Synm,Kcnq1,Ednra,Rcsd1,Adcy5,Comp"
GOBP_REGENERATION,0.0149081545869623,0.0567322430799843,0.380730400722792,0.424631072263681,1.29025180185722,180,"Mag,Klk6,Apod,Mustn1,Ninj2,Omg,Nnmt,Tmem182,Spaar,Cxcl12"
GOBP_SEBACEOUS_GLAND_DEVELOPMENT,0.0149422517713001,0.056818986122788,0.380730400722792,0.746343466374541,1.56411814234508,10,"Fa2h,Gata6"
GOBP_CRANIAL_SKELETAL_SYSTEM_DEVELOPMENT,0.0150223730792545,0.0570795732457112,0.380730400722792,0.497602923358,1.42634476753022,69,"Msx2,Twist1,Ednra,Hoxa2,Nodal,Foxc2,Irf6,Trp63,Hoxa1,Six1"
GOBP_REGULATION_OF_DEVELOPMENTAL_GROWTH,0.0150464834389239,0.0570795732457112,0.380730400722792,0.401792216133276,1.24393411292749,310,"Mag,Edn1,Nkx6-1,Wnt3,Pls1,Lpar3,Pi16,Spaar,Gata6,Cxcl12"
GOBP_REGULATION_OF_LEUKOCYTE_APOPTOTIC_PROCESS,0.0150561993482819,0.0570795732457112,0.380730400722792,0.486646275130124,1.41667955199919,81,"Ccl21a,Ccl19,Gimap8,Hcar2,Cxcl12,Pdcd1,Ccr5,Lgals9,Jak3,Irf7"
GOBP_RESPONSE_TO_OXYGEN_LEVELS,0.0150464834389239,0.0570795732457112,0.380730400722792,0.401113594435204,1.2411749466304,304,"Edn1,Kcna5,Cd34,Ptgis,Acvrl1,Epas1,Col1a1,Gata6,Ndnf,Angpt4"
GOBP_NEGATIVE_REGULATION_OF_LEUKOCYTE_CHEMOTAXIS,0.0151076851322699,0.0571454726560726,0.380730400722792,0.634572495859768,1.50441259876787,20,"Dusp1,Tnfaip6,C5ar2,Cyp19a1,Ccl2,Dpp4,Stap1,Mmp28,Rin3,Padi2"
GOBP_POSITIVE_REGULATION_OF_ERYTHROCYTE_DIFFERENTIATION,0.0151025410302708,0.0571454726560726,0.380730400722792,0.601979470138386,1.54852135775548,30,"Isg15,Hspa1a,Hspa1b,Inhba,Gata2,Tal1,Inpp5d"
GOBP_RRNA_PSEUDOURIDINE_SYNTHESIS,0.0151013027396883,0.0571454726560726,0.380730400722792,-0.720331349750489,-1.90631009526832,10,"Rpusd4,Dkc1,Nhp2,Nop10,Rpusd3,Tsr3,Naf1,Gar1,Rpusd2"
GOBP_AMINO_ACID_IMPORT,0.0151297540343255,0.0571859199477851,0.380730400722792,0.53381597004224,1.48381739584208,53,"Ace2,Slc6a20a,Slc6a1,Cltrn,Agt,Kcnj10,Slc6a9,Slc6a12,Rgs4,Slc6a14"
GOBP_PHENOL_CONTAINING_COMPOUND_CATABOLIC_PROCESS,0.0153461500903093,0.0579602528204243,0.380730400722792,0.713789891477981,1.55000578901314,12,"Sult1a1,Fah,Moxd1,Dbh,Moxd2,Slc6a3"
GOBP_HISTONE_EXCHANGE,0.0153880060711702,0.0579876360717934,0.380730400722792,-0.49616738488971,-1.67303275721572,22,"Oip5,Cenpw,Cenpp,Nasp,Hjurp,Mis18a,Psme4,Rnf8,Srcap,Itgb3bp"
GOBP_PHAGOCYTOSIS,0.0153827142461343,0.0579876360717934,0.380730400722792,0.395528412056685,1.22646950330953,325,"C3,Itgb3,Pecam1,Gsn,Il2rg,Cd93,Adora2a,Tgm2,Pak1,Pld2"
GOBP_REGULATION_OF_MEMBRANE_PROTEIN_ECTODOMAIN_PROTEOLYSIS,0.0153788274421658,0.0579876360717934,0.380730400722792,0.608884970382952,1.49761976879887,23,"Adra2a,Timp4,Gpld1,Tnfrsf1b,Rgma,Pacsin3,Timp3,Snx33,Tnf,Il10"
GOBP_PHARYNGEAL_SYSTEM_DEVELOPMENT,0.0154104074277051,0.0580285529131636,0.380730400722792,0.591806896985816,1.51637766465299,29,"Edn1,Adgrf5,Ednra,Hoxa2,Bmp5,Nkx3-1,Nog,Six1"
GOBP_REGULATION_OF_CARDIAC_EPITHELIAL_TO_MESENCHYMAL_TRANSITION,0.015422689492256,0.0580313323933912,0.380730400722792,0.744587226598676,1.59497078450409,11,"Eng,Twist1,Tgfb1,Nog,Tgfbr2"
GOBP_DNA_MODIFICATION,0.0154349109597391,0.0580338798762965,0.380730400722792,-0.288313448026395,-1.30547990918374,109,"Wt1,Apobec2,Neil3,Hells,Morc1,Ung,Tdrd1,Ezh2,Brca1,Dnmt3b"
GOBP_BUNDLE_OF_HIS_CELL_TO_PURKINJE_MYOCYTE_COMMUNICATION,0.0154733730258501,0.0581350121083322,0.380730400722792,0.68682432435567,1.56050290077962,15,"Kcna5,Dsp,Ctnna3,Gja5,Jup,Tbx5"
GOBP_REGULATION_OF_RYANODINE_SENSITIVE_CALCIUM_RELEASE_CHANNEL_ACTIVITY,0.0156745858407515,0.0588470074842849,0.352487857583619,0.608259581198469,1.52218292921744,25,"Pln,Gstm7,Casq2,Jph2,Hrc"
GOBP_REGULATION_OF_NEURON_PROJECTION_DEVELOPMENT,0.0157189451265234,0.058969505336592,0.352487857583619,0.385501654573169,1.20095027844029,422,"Mag,Klk6,Serpinf1,Kndc1,Efnb3,Wnt3,Pla2g3,Lpar3,Plxnb3,Mbp"
GOBP_FOREBRAIN_REGIONALIZATION,0.0159061887144482,0.0596274501622157,0.352487857583619,-0.500827254882138,-1.70224413548198,23,"Lhx1,Eomes,Gsx2,Pax6,Wnt1,Gli3,Fezf2,Dmrta2,Emx1,Fezf1"
GOBP_NEGATIVE_REGULATION_OF_ION_TRANSPORT,0.0159668149129527,0.0598101181575358,0.352487857583619,0.449420562630351,1.35163308638524,132,"Adra2a,Pln,Rem1,Gstm7,Cyp4f14,Nos3,Htr2a,Ptgs2,Twist1,Casq2"
GOBP_BODY_MORPHOGENESIS,0.0160229041727264,0.0599341561341308,0.352487857583619,0.543745645770373,1.48342329470374,45,"Cldn5,Wnt3,Col1a1,Crispld2,Grem2,Dkk1,Crispld1,Csrnp1,Nog,Rras"
GOBP_EMBRYONIC_AXIS_SPECIFICATION,0.0160237727957573,0.0599341561341308,0.352487857583619,-0.391473201581575,-1.49980090681792,39,"Wt1,Ripply2,Lhx1,Wnt1,Tdrd1,Stil,Neurog1,Gdf3,Cobl,Cxxc4"
GOBP_DENDRITIC_CELL_APOPTOTIC_PROCESS,0.0160521775031263,0.0599957593369635,0.352487857583619,0.741190050547881,1.58769373709141,11,"Ccl21a,Ccl19,Cxcl12,Lgals9,Ccr7,Lyn,Axl"
GOBP_CELL_COMMUNICATION_INVOLVED_IN_CARDIAC_CONDUCTION,0.0161744715970383,0.0604079262394587,0.352487857583619,0.51857838219331,1.45019487446551,57,"Kcna5,Gjc3,Dsp,Ctnna3,Kcnq1,Gja5,Casq2,Jup,Hrc,Gjc1"
GOBP_POSITIVE_REGULATION_OF_PROTEOLYSIS,0.0162232915743648,0.0605452759794593,0.352487857583619,0.396609666232575,1.23182029227975,358,"Ecscr,Adra2a,Gsn,S100a8,Mbp,Tnfsf10,Hspa1a,Casp4,Foxl2,Mndal"
GOBP_SMAD_PROTEIN_SIGNAL_TRANSDUCTION,0.0162606826720868,0.0606398010330713,0.352487857583619,0.475302935079879,1.38375956232669,84,"Trf,Inhba,Fos,Jun,Nodal,Dab2,Lefty2,Bmp3,Bmp5,Slc2a10"
GOBP_POSITIVE_REGULATION_OF_ADAPTIVE_IMMUNE_RESPONSE,0.0163704786955032,0.0610040002982168,0.352487857583619,0.459292431626824,1.36645296894829,112,"C3,Cd55,Il6,Cd40,Azgp1,Il18,Il1r1,Arid5a,Il12rb1,Prkcz"
GOBP_POSITIVE_REGULATION_OF_OLIGODENDROCYTE_DIFFERENTIATION,0.0163965336061295,0.0610558329170467,0.352487857583619,0.617759071664063,1.50467264494671,22,"Il34,Aspa,Nkx2-2,Zfp488,Tnfrsf1b,Mdk,Ptprz1,Shh,Olig2,Tlr2"
GOBP_VASCULAR_WOUND_HEALING,0.0164254642043803,0.0611182890861729,0.352487857583619,0.645258482638065,1.51085245753417,18,"Cd34,Ndnf,Kdr,Foxc2,Gata2,Tnfaip3,Slc12a2,Serpine1,Mcam,Alox5"
GOBP_NEGATIVE_REGULATION_OF_RNA_CATABOLIC_PROCESS,0.0164731767955283,0.0612052178500524,0.352487857583619,-0.32838802401333,-1.41590599542405,74,"Elavl4,Dkc1,E2f1,Ybx1,Boll,Syncrip,Nsun2,Lrpprc,Hnrnpd,Elavl1"
GOBP_PROSTAGLANDIN_TRANSPORT,0.0164649010932263,0.0612052178500524,0.352487857583619,0.65772949343625,1.54654224951763,19,"Edn1,Pla2g3,Slco3a1,Nos2,Il1a,Slco2a1,Tnfsf11,Pla2g4a"
GOBP_SNRNA_TRANSCRIPTION,0.0165353601813976,0.0613908830368432,0.352487857583619,-0.527072202365032,-1.69739928404391,19,"Larp7,Myod1,Ell3,Uspl1,Zfp143,Cdk7,Ice2,Zc3h8,Snapc3,Snapc2"
GOBP_REGULATION_OF_TOLERANCE_INDUCTION,0.0165928969450719,0.0615590353821967,0.352487857583619,0.616663782881342,1.50200485560088,22,"Il2ra,Irak3,Pdcd1,Havcr2,Cd3e,Phlpp1,Tgfbr2,Foxj1,H2-D1,Cd274"
GOBP_PROTEIN_MATURATION_BY_IRON_SULFUR_CLUSTER_TRANSFER,0.0166161871993596,0.0615999801262394,0.352487857583619,-0.626957242961696,-1.78975950574107,14,"Cisd3,Glrx5,Glrx3,Yae1d1,Bola2,Ciao2a,Ciao2b,Isca1,Mms19,Nfu1"
GOBP_NEGATIVE_REGULATION_OF_CELLULAR_RESPONSE_TO_VASCULAR_ENDOTHELIAL_GROWTH_FACTOR_STIMULUS,0.0166629511736198,0.061727822807507,0.352487857583619,0.69935447135581,1.54133625616446,13,"Dcn,Cadm4,Xdh,Adgra2,Il12b,Atp2b4,Spry2,Hrg"
GOBP_REGULATION_OF_AXONOGENESIS,0.0167611269277284,0.062045791653675,0.352487857583619,0.432938643430215,1.30976155751432,153,"Mag,Efnb3,Wnt3,Lpar3,Plxnb3,Mbp,Cxcl12,Sema4d,Cntn2,Pak1"
GOBP_REGULATION_OF_TRANSPORTER_ACTIVITY,0.0170638692933558,0.0631199933316406,0.352487857583619,0.40339434162987,1.24714778832929,268,"Edn1,Ace2,Slc5a11,Adra2a,Sgk2,Pln,Rem1,Kcna1,Nppa,Gstm7"
GOBP_APICAL_PROTEIN_LOCALIZATION,0.0170914815888541,0.0631414413068827,0.352487857583619,0.682266751129884,1.55014784201547,15,"Mal,Atp8b1,Insc"
GOBP_TRANSCRIPTION_ELONGATION_FROM_RNA_POLYMERASE_II_PROMOTER,0.017094788466017,0.0631414413068827,0.352487857583619,-0.341030325418985,-1.44311238200307,58,"Ezh2,Larp7,Wdr43,Gtf2f2,Supt16,Nelfa,Tcerg1,Ell3,Pcid2,Polr2i"
GOBP_DETOXIFICATION,0.0172186826236383,0.0634591770887313,0.352487857583619,0.449912715730741,1.34192433440632,121,"Gstm7,Slc22a18,Nos3,Mtarc1,Ptgs2,Abcb1a,Hbb-y,Gsto2,S100a9,Sod3"
GOBP_KERATINOCYTE_DIFFERENTIATION,0.0172186826236383,0.0634591770887313,0.352487857583619,0.457225637446226,1.35921211188379,111,"Hoxa7,Epha2,Zfp36,Dsp,Msx2,Tchh,Prkch,Foxn1,Kazn,Irf6"
GOBP_MEMORY,0.0172186826236383,0.0634591770887313,0.352487857583619,0.447538327811001,1.33567974828352,122,"Serpinf1,S100b,Slc6a1,Hrh1,Htr2a,Ptgs2,Klk8,Lrrn4,Prkcz,Slc24a2"
GOBP_PROTECTION_FROM_NON_HOMOLOGOUS_END_JOINING_AT_TELOMERE,0.0173925009486968,0.0640528221751641,0.352487857583619,-0.712697128177527,-1.88610662410315,10,"Acd,Dclre1b,Ercc1,Dclre1a,Tfip11,Terf2,Dclre1c,Xrcc1,Ercc4"
GOBP_PORE_COMPLEX_ASSEMBLY,0.0175296244444302,0.064510557893229,0.352487857583619,-0.493395652769791,-1.66059650486175,21,"Nup93,Tspan33,Nup107,Nup205,Ndc1,Ahctf1,Cct8,Nup98,Nup153,Tpr"
GOBP_NEURON_CELL_CELL_ADHESION,0.0176982727916102,0.0650835532724392,0.352487857583619,0.681221351152882,1.54777263537421,15,"Ninj2,Ncam2,Ret,Tnr,Nlgn3,Astn1,Nrxn2"
GOBP_LYMPHOCYTE_MEDIATED_IMMUNITY,0.0177265233996652,0.0651397902997931,0.352487857583619,0.394707916509495,1.2273365316097,373,"C1s1,C3,Ceacam1,Mill2,Cd55,Il6,Icam1,Cd40,Azgp1,Csf2rb2"
GOBP_BICARBONATE_TRANSPORT,0.0178684805093268,0.0656134781010853,0.352487857583619,0.588062451850514,1.50678333076028,29,"Slc26a3,Slc26a1,Slc26a10,Slc26a9,Slc39a8,Cftr,Best1,Slc26a5,Cyb5r2,Car4"
GOBP_REGULATION_OF_INTEGRIN_MEDIATED_SIGNALING_PATHWAY,0.0179005365773742,0.0656832097623795,0.352487857583619,0.680796570680204,1.54680751061624,15,"Lims2,Bst1,Emp2,Slc2a10"
GOBP_NEGATIVE_REGULATION_OF_TOLL_LIKE_RECEPTOR_4_SIGNALING_PATHWAY,0.0181118855628778,0.0663135096318914,0.352487857583619,0.697278683621703,1.53676134168872,13,"Pira13,Rab7b,Acod1,Tnfaip3,Lilra6,Bpifb1,Lyn,Trem2,Nr1d1,Pira12"
GOBP_REGULATION_OF_CELL_PROJECTION_SIZE,0.0181118855628778,0.0663135096318914,0.352487857583619,0.697381420755803,1.53698776830945,13,"Pls1,Cntn2,Vil1,Wnt7b,Cdhr2,Ush1c,Wnt7a"
GOBP_SPINDLE_MIDZONE_ASSEMBLY,0.0180882009866447,0.0663135096318914,0.352487857583619,-0.713806567321856,-1.94196127846237,11,"Racgap1,Prc1,Aurkb,Kif4,Kif23,Incenp"
GOBP_REGULATION_OF_RELEASE_OF_SEQUESTERED_CALCIUM_ION_INTO_CYTOSOL,0.0182179157320994,0.0666531749528849,0.352487857583619,0.486693012865812,1.40832893391219,75,"Aplnr,Pln,Gstm7,Casq2,Jph2,F2rl3,Hrc,Trpc1,Capn3,Gper1"
GOBP_MICROVILLUS_ORGANIZATION,0.0182466459167856,0.066709737471768,0.352487857583619,0.587438417703224,1.50518437771031,29,"Pls1,Atp8b1,Pld1,Fxyd5,Vil1,Cdhr2,Ush1c,Rap1a,Mink1,Fscn1"
GOBP_RNA_STABILIZATION,0.0184471068043054,0.0673936089427639,0.352487857583619,-0.334270425539985,-1.4334974093442,62,"Elavl4,Dkc1,E2f1,Ybx1,Boll,Syncrip,Nsun2,Hnrnpd,Elavl1,Hnrnpa0"
GOBP_POSITIVE_REGULATION_OF_MEMBRANE_DEPOLARIZATION,0.0185452934038031,0.0676688939105121,0.352487857583619,0.739074193152206,1.54888386665168,10,"Dcn,Myoc,Kdr"
GOBP_UBIQUINONE_METABOLIC_PROCESS,0.0185493805069993,0.0676688939105121,0.352487857583619,-0.539695908709404,-1.68415757183392,18,"Pdss1,Coq3,Coq4,Coq7,Coq5,Coq6,Coq9,Ndufa9,Pdss2,Ubiad1"
GOBP_ACTIN_POLYMERIZATION_OR_DEPOLYMERIZATION,0.0187767799547543,0.0684487837799492,0.352487857583619,0.420912280380331,1.280873937091,194,"Ccl21a,Ccl11,Esam,Cdc42ep2,Daam2,Gsn,Fam107a,Csf3,Cxcl12,Gas7"
GOBP_REGULATION_OF_EPITHELIAL_CELL_APOPTOTIC_PROCESS,0.0188795563140717,0.0687735721672742,0.352487857583619,0.476967226715559,1.38959514337558,86,"Tek,Ecscr,Gsn,Zfp36,Cdh5,Ndnf,Il6,Icam1,Cd40,Kdr"
GOBP_ENDOCRINE_SYSTEM_DEVELOPMENT,0.0191667191323747,0.0697690782610049,0.352487857583619,0.44662414311495,1.34010964632126,130,"Edn1,Nkx6-2,Nkx6-1,Hoxa5,Wnt4,Aldh1a2,Hoxb3,Nkx2-2,Hoxa3,Gata6"
GOBP_NEGATIVE_REGULATION_OF_VASCULAR_PERMEABILITY,0.0194485207975319,0.0707436425826287,0.352487857583619,0.657217349973048,1.52375976808377,17,"Cldn5,Ceacam1,Pde2a,Adora2a"
GOBP_POSITIVE_REGULATION_OF_CELL_SIZE,0.0196050132331935,0.0712613170811741,0.352487857583619,0.737000750221323,1.54453853524406,10,"Edn1,Ret,Slc26a5"
GOBP_MITOTIC_G1_S_TRANSITION_CHECKPOINT_SIGNALING,0.0197419103506121,0.0717070688818837,0.352487857583619,-0.426127453831412,-1.50782266748436,31,"Plk5,Gtse1,Cdk2,Rfwd3,Pidd1,Chek2,Rpa2,Rps27l,Trp53,Rpl26"
GOBP_C_TERMINAL_PROTEIN_AMINO_ACID_MODIFICATION,0.0198161817583509,0.0718239684150453,0.352487857583619,0.680841488584712,1.56058892289852,16,"Irgm2,Folh1,Gpld1,Agbl4,Irgm1"
GOBP_MITOCHONDRIAL_MEMBRANE_ORGANIZATION,0.0197934970757067,0.0718239684150453,0.352487857583619,-0.281263964484493,-1.26864337429554,108,"Ppif,Bid,Hk2,Timm50,Bok,Acaa2,Timm9,Chchd10,Timm8a1,Hspa9"
GOBP_MODULATION_OF_AGE_RELATED_BEHAVIORAL_DECLINE,0.0198169572690805,0.0718239684150453,0.352487857583619,0.736278207937885,1.5430242974366,10,"Ccl11,Dkk1,Ager"
GOBP_REGULATION_OF_EXTENT_OF_CELL_GROWTH,0.0199738909405647,0.072340597808515,0.352487857583619,0.451996932034566,1.33933784652007,107,"Mag,Nkx6-1,Wnt3,Lpar3,Cxcl12,Sema4d,Sema7a,Sema5a,Sema3e,Fn1"
GOBP_REGULATION_OF_GLIAL_CELL_MIGRATION,0.0200678960545042,0.072628735396683,0.352487857583619,0.701240773123924,1.57247052212462,14,"Ccl3,Csf1,Bmerb1,Stap1,Gpr183,P2ry12,Cx3cr1,Atp1b2,Trem2,P2rx4"
GOBP_REGULATION_OF_TRANSCRIPTION_OF_NUCLEOLAR_LARGE_RRNA_BY_RNA_POLYMERASE_I,0.020260836420121,0.0732742623625527,0.352487857583619,-0.616392489886912,-1.77775632933464,15,"Ddx11,Nol11,Macroh2a1,Macroh2a2,Ncl,Pwp1,Pih1d1,Smarcb1,Dedd,Mars1"
GOBP_HOMEOSTASIS_OF_NUMBER_OF_CELLS,0.0203771463407966,0.0736419228290326,0.352487857583619,0.406045870753957,1.25664372997508,276,"Adgrf5,Emcn,Hoxa5,Myct1,Hoxb6,Epas1,Zfp36,Klf2,Lgals2,Il2ra"
GOBP_HOMOLOGOUS_CHROMOSOME_PAIRING_AT_MEIOSIS,0.0206677149858897,0.0745847833697543,0.352487857583619,-0.364998035512964,-1.51038390258368,53,"Ccnb1ip1,Msh5,Trip13,Ccne2,Mei4,Brip1,Fancd2,Syce2,4930447C04Rik,Ccne1"
GOBP_URINARY_TRACT_SMOOTH_MUSCLE_CONTRACTION,0.0206647336220587,0.0745847833697543,0.352487857583619,0.735031248171926,1.54041103359685,10,"Tbx3,Htr2a,Tbx2,Atp2b4"
GOBP_MEIOSIS_II_CELL_CYCLE_PROCESS,0.0206876738085526,0.0746032541144863,0.352487857583619,-0.706469465218656,-1.92200017298529,11,"Sgo2a,Sgo1,Bub1,Bub1b,Rad51c,Mastl"
GOBP_NEGATIVE_REGULATION_OF_INTERFERON_GAMMA_PRODUCTION,0.020842497854331,0.0750931637062652,0.352487857583619,0.554168089567504,1.46826232777371,38,"Pglyrp1,Inhba,Lgals9,Tlr4,Havcr2,Nr1h4,Zc3h12a,Vsir,Nod2,Il36rn"
GOBP_REGULATION_OF_ODONTOGENESIS,0.0208534029309621,0.0750931637062652,0.352487857583619,0.653817712133175,1.51587770080927,17,"Edn1,Cd34,Csf1,Apcdd1,Shh"
GOBP_NEGATIVE_REGULATION_OF_NEURON_PROJECTION_REGENERATION,0.0209285954896074,0.0752735731647913,0.352487857583619,0.674544670440115,1.53260284704496,15,"Klk8,Rgma,Tnr,D130043K22Rik,Thy1"
GOBP_POSITIVE_REGULATION_OF_RRNA_PROCESSING,0.0209334504245829,0.0752735731647913,0.352487857583619,-0.702241956664033,-1.85843769228331,10,"Utp15,Wdr75,Wdr43,Heatr1,Dimt1,Bud23,Riok1,Trmt112,Riok2"
GOBP_DICARBOXYLIC_ACID_TRANSPORT,0.0210662431781466,0.075696929561503,0.352487857583619,0.470954971872545,1.38237559980489,91,"Slc13a3,Slc26a3,Slc13a5,Adora2a,Kcnj10,Slc26a1,Slc26a10,Slc26a9,Slc25a18,Adora1"
GOBP_HETEROCHROMATIN_ORGANIZATION,0.0214407417270958,0.0769875776157933,0.352487857583619,-0.305205297933908,-1.34551965001364,78,"Hells,Ezh2,Cdk2,Macroh2a1,Suv39h1,Bend3,Rrp8,Mthfr,Hdac2,Cenpv"
GOBP_T_CELL_CHEMOTAXIS,0.0216304847535863,0.0776134524313194,0.352487857583619,0.591627561610741,1.52189229107833,30,"Ccl21a,Ccl3,Ccl5,Cxcl16,Cxcl10,Gpr183,Slc12a2,Cxcl11,Wnt5a"
GOBP_REGULATION_OF_SIGNALING_RECEPTOR_ACTIVITY,0.0217676987437823,0.0780500867225347,0.352487857583619,0.430093331279029,1.30322647068097,156,"Edn1,Ace2,Tgfa,Adra2a,Ly6h,Grem2,Dkk1,Gprc5a,Dkk2,Ly6g6d"
GOBP_AMINE_CATABOLIC_PROCESS,0.0218251347851147,0.0780889342098017,0.352487857583619,0.588716962392367,1.51003054622454,28,"Sult1a1,Moxd1,Hnmt,Kmo,Smox,Dbh,Slc44a1,Moxd2,Slc6a3,Atp2b4"
GOBP_EMBRYONIC_HINDLIMB_MORPHOGENESIS,0.0218251347851147,0.0780889342098017,0.352487857583619,0.589386980911796,1.51174911133393,28,"Wnt3,Tbx3,Msx2,Twist1,Zbtb16,Rarg,Alx4,Trp63,Shh,Aff3"
GOBP_HISTONE_H3_K4_TRIMETHYLATION,0.0218050576422917,0.0780889342098017,0.352487857583619,-0.48525282820322,-1.63319061683043,21,"Bend3,Nfyb,Nfyc,H1f4,Tet3,Setd1a,Prdm9,Setd1b,Wdr82,Zfp335"
GOBP_TELOMERE_CAPPING,0.0218520576328589,0.0781296541396742,0.352487857583619,-0.390160951019102,-1.494632049045,40,"Aurkb,Nek2,Mre11a,Tinf2,Acd,Hnrnpd,Usp7,Rtel1,Pkib,Atm"
GOBP_PROSTATE_GLAND_GROWTH,0.0220151984157132,0.0786570024419263,0.352487857583619,0.697712714411451,1.51509395035918,12,"Plag1,Cyp19a1,Esr1,Shh,Psap,Fgfr2,Prlr"
GOBP_REGULATION_OF_EXOCYTOSIS,0.0220779014704368,0.0788250075936688,0.352487857583619,0.421461094837204,1.28755416787794,209,"Foxf1,Ceacam1,Adra2a,Pla2g3,Adora2a,Htr2a,Septin4,Il13ra2,Htr1b,Lgals9"
GOBP_ESTABLISHMENT_OF_LYMPHOCYTE_POLARITY,0.0222851905644309,0.079508625243005,0.352487857583619,0.695048266716213,1.5585843732334,14,"Ccl21a,Ccl19,Gsn,Cyp26b1,Dock2,Ccr7"
GOBP_POSITIVE_REGULATION_OF_COLLATERAL_SPROUTING,0.022347921817462,0.0796758886357317,0.352487857583619,0.731475285934922,1.5329587742833,10,"Wnt3,Lpar3,Sema4d"
GOBP_REGULATION_OF_CARDIAC_MUSCLE_CONTRACTION_BY_REGULATION_OF_THE_RELEASE_OF_SEQUESTERED_CALCIUM_ION,0.0224960701018545,0.0801472320354518,0.352487857583619,0.647667200242043,1.52288242932228,19,"Pln,Gstm7,Casq2,Hrc"
GOBP_POSITIVE_REGULATION_OF_DENDRITIC_SPINE_DEVELOPMENT,0.0225675262055416,0.080288007243636,0.352487857583619,-0.39922989280523,-1.45197027508013,35,"Ephb2,Camk2b,Foxo6,Itpka,Bhlhb9,Neurl1a,Caprin2,Llph,Reln,Caprin1"
GOBP_SYMPATHETIC_NERVOUS_SYSTEM_DEVELOPMENT,0.0225589262120977,0.080288007243636,0.352487857583619,-0.478515430102598,-1.61351191911329,22,"Hand2,Phox2b,Insm1,Ntrk1,Sox11,Ascl1,Gfra3,Sema3a"
GOBP_PIGMENT_METABOLIC_PROCESS,0.0227558505364972,0.08090075010394,0.352487857583619,-0.313924163539531,-1.40555350315789,81,"Pmel,Tyr,Tyrp1,Slc24a5,Oca2,Opn3,Cited1,Shmt1,Ada,Shmt2"
GOBP_SEQUESTERING_OF_METAL_ION,0.0230882391485628,0.0820244368903357,0.352487857583619,0.694490862069413,1.55733444252546,14,"S100a8,Lcn2,S100a9,Slc30a8,Fthl17a,Slc30a3,Fth1"
GOBP_RRNA_CATABOLIC_PROCESS,0.023156505038393,0.0822088635790973,0.352487857583619,-0.477155587309992,-1.608926648888,22,"Dis3,Slfn9,Mrpl44,Exosc8,Exosc3,Exosc4,Ddx49,Exosc7,Exosc10,Exosc2"
GOBP_PTERIDINE_CONTAINING_COMPOUND_BIOSYNTHETIC_PROCESS,0.0237188763666494,0.0841459361292495,0.352487857583619,-0.598954398046676,-1.68481227623138,13,"Gch1,Pcbd1,Dhfr,Fpgs,Atic,Gart,Mthfd1,Mthfd1l,Pts"
GOBP_LIPOSACCHARIDE_METABOLIC_PROCESS,0.0237626680482873,0.0842408966950625,0.352487857583619,0.456939689614405,1.34927849274678,101,"Fa2h,Ugt8a,Gal3st1,Pigz,A4galt,St8sia6,Gpld1,St6galnac3,Neu4,St8sia5"
GOBP_MEMBRANE_HYPERPOLARIZATION,0.0237791590233327,0.0842408966950625,0.352487857583619,0.727599114536714,1.55858076671331,11,"Kcna5,Slc26a3,Kcnq3,Prkcz,Cftr,Trpc5,Kctd7"
GOBP_SUCKLING_BEHAVIOR,0.0241786936905731,0.0855959811144444,0.352487857583619,-0.618429108916618,-1.70836372431847,12,"Hand2,Helt,Dach1,Pou4f1"
GOBP_MICROTUBULE_POLYMERIZATION_OR_DEPOLYMERIZATION,0.024574039863359,0.0869343408818476,0.352487857583619,0.44576522455719,1.33259145325465,124,"Stmn4,Tppp,Stmnd1,Tubb4a,Cdh5,Hspa1a,Eml2,Hspa1b,Pak1,Slc39a12"
GOBP_NEGATIVE_REGULATION_OF_TELOMERE_MAINTENANCE_VIA_TELOMERE_LENGTHENING,0.0246811288881547,0.0872517826446931,0.352487857583619,-0.427647084162386,-1.49440615852557,27,"Pif1,Tinf2,Acd,Hnrnpa1,Nat10,Parp1,Slx4,Dcp2,Hnrnpu,Pinx1"
GOBP_HISTONE_H3_K36_METHYLATION,0.0247395323199616,0.0873967877529494,0.352487857583619,-0.61152424272339,-1.74570329746101,14,"Nsd2,Paxip1,Iws1,Bcor,Nsd1,Smyd2,Prdm9,Setd2,Nsd3,Brd4"
GOBP_NEGATIVE_REGULATION_OF_DEVELOPMENTAL_GROWTH,0.0247738288053375,0.0874469831447933,0.352487857583619,0.459607609465387,1.35814257575865,102,"Mag,Wnt3,Pi16,Sema4d,Sema7a,Tll2,Sema5a,Sema3e,Kcnk2,Fgfr3"
GOBP_POSITIVE_REGULATION_OF_ACTIVATED_T_CELL_PROLIFERATION,0.024788532122803,0.0874469831447933,0.352487857583619,0.608202234634886,1.50723549239648,24,"Il2ra,Ager,Il18,Jak3,Il12rb1,Il27ra,Icosl,Il12b,Tnfsf9,Igf1"
GOBP_LIPID_CATABOLIC_PROCESS,0.024975024975025,0.0879813949190263,0.287857117255149,0.393343495352194,1.21855839512994,318,"Enpp6,Enpp2,Adra2a,Rarres2,Hcar1,Cyp4f14,Cidea,Hcar2,Asah2,Pla1a"
GOBP_NOTCH_SIGNALING_PATHWAY,0.024975024975025,0.0879813949190263,0.287857117255149,0.421567619201044,1.28098307771994,177,"Kcna5,Tmem100,Pln,Snai2,Il2ra,Nos3,Angpt4,Timp4,Tbx2,Cdh6"
GOBP_REGULATION_OF_ENDOCYTOSIS,0.025025025025025,0.0880957988801126,0.287857117255149,0.412576059824745,1.26019744881025,205,"Ccl21a,Sele,Trf,C3,Itgb3,Ccl19,Dkk1,Cd14,Dab2,Vtn"
GOBP_NOREPINEPHRINE_SECRETION,0.0250958635439421,0.088283349220012,0.352487857583619,0.690873155664948,1.54922205531588,14,"Adra2a,Adora2a,Agt,Adra2b,Adora3,Oxtr"
GOBP_SMOOTH_MUSCLE_CONTRACTION,0.0253036437246964,0.088952039862971,0.287857117255149,0.450517354542079,1.33495362620329,107,"Edn1,Myh11,Edn3,Adra2a,Tbxa2r,Cnn1,Tbx3,Calcrl,Agt,Htr2a"
GOBP_CELL_SURFACE_RECEPTOR_SIGNALING_PATHWAY_INVOLVED_IN_HEART_DEVELOPMENT,0.0253279200581372,0.0889751601203743,0.352487857583619,0.586490850026712,1.50867870491621,30,"Sox17,Snai2,Msx2,Dkk1,Tgfb1,Snai1,Hey2,Dll4,Nog,Heyl"
GOBP_REGULATION_OF_CALCIUM_ION_TRANSPORT_INTO_CYTOSOL,0.0254065040650407,0.0891888938093292,0.287857117255149,0.463592087956037,1.36476130891471,95,"Aplnr,Pln,Gstm7,Casq2,Jph2,F2rl3,Hrc,Trpc1,Capn3,Gper1"
GOBP_CYTOKINETIC_PROCESS,0.0256466767852836,0.0899691864617032,0.352487857583619,-0.381499318803942,-1.45456709296435,38,"Kif20b,Cep55,Kif20a,Ect2,Racgap1,Aurkb"
GOBP_REGULATION_OF_TOLL_LIKE_RECEPTOR_SIGNALING_PATHWAY,0.0256673511293634,0.0899789219855719,0.287857117255149,0.488247503625314,1.40636363595558,72,"Irak3,Tlr3,Irf7,Pira13,Rab7b,Irf1,Tlr1,Lbp,Rsad2,Rtn4"
GOBP_PTERIDINE_CONTAINING_COMPOUND_METABOLIC_PROCESS,0.0256978296790852,0.0900229894054086,0.352487857583619,-0.400175871274146,-1.4623553115533,34,"Prkg2,Tyms,Shmt1,Gch1,Folr1,Pcbd1,Dhfr,Mthfd2l,Shmt2,Mthfd2"
GOBP_NATURAL_KILLER_CELL_MEDIATED_IMMUNITY,0.0258264462809917,0.0904105469739175,0.287857117255149,0.490963562589627,1.40988230538278,70,"Ceacam1,Mill2,Il18,Lgals9,Pik3r6,Serpinb9,H2-T23,Havcr2,Gzmb,Il12b"
GOBP_REGULATION_OF_CHROMATIN_ORGANIZATION,0.0260842132150028,0.0912493666192201,0.352487857583619,-0.371511644395442,-1.44527630439664,44,"Mki67,Cdk2,Macroh2a1,Ssrp1,Dppa3,Dnmt1,Tpr,Trim28,L3mbtl3,Kdm1a"
GOBP_GRANULOCYTE_ACTIVATION,0.0264830508474576,0.0925158419806598,0.287857117255149,0.53277209219086,1.46547315336423,48,"Enpp3,Cxcl5,Il18,Ccl3,Pira13,Ccl5,Pla2g2a,Lilra6,Stxbp3,Ctsg"
GOBP_TETRAHYDROFOLATE_INTERCONVERSION,0.0264783413339126,0.0925158419806598,0.352487857583619,-0.68747500613101,-1.81935791755578,10,"Tyms,Shmt1,Mthfd2l,Shmt2,Mthfd2,Mthfr"
GOBP_TYPE_2_IMMUNE_RESPONSE,0.0265392781316348,0.0926478827553668,0.287857117255149,0.533776105989902,1.45999743700192,46,"Il6,Batf,Il18,Prkcz,Ecm1,Rsad2,Il27ra,Hlx,Bcl6b,Nlrp3"
GOBP_MICROTUBULE_POLYMERIZATION,0.0265848670756646,0.092742627889914,0.282013350011725,0.471874980737478,1.37377968580916,84,"Tppp,Tubb4a,Cdh5,Hspa1a,Eml2,Hspa1b,Pak1,Slc39a12,Ocln,Inpp5j"
GOBP_NEGATIVE_REGULATION_OF_CAMP_MEDIATED_SIGNALING,0.0266739441670561,0.0929888469679548,0.352487857583619,0.721650636408556,1.5458386077187,11,"Aplnr,Pde2a,Oprl1"
GOBP_REGULATION_OF_RNA_EXPORT_FROM_NUCLEUS,0.0267925392616038,0.0933375570811381,0.352487857583619,-0.613093202583115,-1.69362368591296,12,"Nsun2,Cpsf6,Nup153,Tpr,Khdrbs1,Iws1,Dhx9,Setd2"
GOBP_CELLULAR_RESPONSE_TO_INSULIN_STIMULUS,0.027,0.0938132435147623,0.276500599254472,0.410473640951839,1.25291469141298,202,"Bglap3,Bglap2,Bglap,Ceacam1,Rarres2,Hmgcs2,Grb14,Agt,Tns2,Grb7"
GOBP_CELLULAR_RESPONSE_TO_PEPTIDE,0.0270037325175773,0.0938132435147623,0.352487857583619,0.389946114862051,1.20975467201354,345,"Edn1,Bglap3,Gjb2,Bglap2,Bglap,Ceacam1,Nkx6-1,Rarres2,Hmgcs2,Klf2"
GOBP_FAT_CELL_DIFFERENTIATION,0.026973026973027,0.0938132435147623,0.276500599254472,0.41082178288727,1.26128855561387,225,"Lrg1,Adgrf5,Rarres2,Id4,Zfp36,Snai2,Msx2,Htr2a,Ptgs2,Il6"
GOBP_POSITIVE_REGULATION_OF_RNA_SPLICING,0.0269630861749113,0.0938132435147623,0.352487857583619,-0.392629950121701,-1.42796676039744,35,"Celf4,Rbm20,Ncl,Rbm3,Rbmx,Ncbp1,Celf3,Rbmxl1,Hnrnpll,Nup98"
GOBP_POSITIVE_REGULATION_OF_RESPONSE_TO_BIOTIC_STIMULUS,0.027027027027027,0.0938293265641332,0.276500599254472,0.41423297712045,1.26166806336784,192,"Trim12c,Zbp1,Irgm2,Gbp5,Mndal,Trim5,Pak1,Coch,Ddx60,Irf7"
GOBP_LIPOXYGENASE_PATHWAY,0.0270874854691954,0.0939743198437857,0.352487857583619,0.720424945862415,1.54321307166047,11,"Pla2g3,Alox12,Alox5ap,Alox5"
GOBP_INTERFERON_BETA_PRODUCTION,0.0273109243697479,0.0946841495218777,0.282013350011725,0.509279047430934,1.42418945643921,57,"Isg15,Ifih1,Tlr3,Irf7,Oas1a,Rigi,Oas2,Tlr4,Irf1,Oas3"
GOBP_EXOCRINE_SYSTEM_DEVELOPMENT,0.0275423728813559,0.0952238710279067,0.282013350011725,0.531454035041286,1.4618476305645,48,"Sox10,Snai2,Tgm2,Cela1,Foxc1,Nkx3-1,Tgfb1,Shh,Fgf7,Lama1"
GOBP_NEGATIVE_REGULATION_OF_CELLULAR_RESPONSE_TO_INSULIN_STIMULUS,0.0275330396475771,0.0952238710279067,0.287857117255149,0.561595001314217,1.47476862348341,35,"Grb14,Tns2,Grb7,Socs3,Ptpre,Pip4k2a,Prkcz,Gpr21,Enpp1,Kank1"
GOBP_POSITIVE_REGULATION_OF_LIPID_KINASE_ACTIVITY,0.0275027502750275,0.0952238710279067,0.287857117255149,0.554661140265331,1.46338527324509,37,"Ccl21a,Tek,Flt1,Ccl19,Fgfr3,Tgfb1,P2ry12,Ptk2b,Nod2,Ccr7"
GOBP_REGULATION_OF_SYSTEMIC_ARTERIAL_BLOOD_PRESSURE_MEDIATED_BY_A_CHEMICAL_SIGNAL,0.0275423728813559,0.0952238710279067,0.282013350011725,0.531760526449536,1.46269068322643,48,"Edn1,Ace2,Edn3,Or51e2,Nos3,Agt,Enpep,Agtr2,Ren1,Sucnr1"
GOBP_LEUKOCYTE_HOMEOSTASIS,0.0276073619631902,0.0953829612295237,0.276500599254472,0.464182524852133,1.35581120822227,88,"Lgals2,Il2ra,Dock10,Hcar2,Il6,Mpl,Cxcl5,Foxn1,Lgals9,Jak3"
GOBP_LEUKOCYTE_TETHERING_OR_ROLLING,0.0277777777777778,0.0957742722146014,0.287857117255149,0.569684660171862,1.47982075482228,33,"Ccl21a,Sele,Selp,Cxcl12,Chst4,Vcam1,Sell,Jam2,Cx3cr1,Selplg"
GOBP_MATERNAL_PLACENTA_DEVELOPMENT,0.0277777777777778,0.0957742722146014,0.287857117255149,0.571655923608254,1.48494133599698,33,"Gjb2,Ptgs2,Tcf23,Nodal,Tppp3,Junb"
GOBP_POSITIVE_REGULATION_OF_EPITHELIAL_CELL_APOPTOTIC_PROCESS,0.0277777777777778,0.0957742722146014,0.287857117255149,0.566585365299889,1.47727584600587,34,"Ecscr,Gsn,Il6,Cd40,Cd248,Thbs1,Ccl2,Gper1"
GOBP_NEGATIVE_REGULATION_OF_LYMPHOCYTE_MEDIATED_IMMUNITY,0.0278925619834711,0.0961041186366752,0.276500599254472,0.496379495186438,1.41614252847329,66,"Ceacam1,Mill2,Cd55,Lgals9,Serpinb9,H2-T23,Havcr2,Cd55b,Smad7,Kir3dl2"
GOBP_GASTRULATION,0.027972027972028,0.0962459853630285,0.271288554688953,0.418189161645619,1.27212023955982,184,"Sox17,Aplnr,Foxf1,Itgb3,Epha2,Wnt3,Itgb4,Mbp,Gata6,Dkk1"
GOBP_PURINE_CONTAINING_COMPOUND_SALVAGE,0.0279644040980352,0.0962459853630285,0.352487857583619,-0.685509372496563,-1.86497675750734,11,"Ada,Dck,Mtap,Adsl,Aprt"
GOBP_EAR_DEVELOPMENT,0.028028028028028,0.0963727064958255,0.271288554688953,0.409653831768223,1.25345964029622,217,"Cytl1,Edn1,Gjb2,Gjb6,Pls1,Atp8b1,Tbx3,Twist1,Kcnq1,Ednra"
GOBP_ORGANOPHOSPHATE_ESTER_TRANSPORT,0.0280561122244489,0.096403332981753,0.271288554688953,0.432048973275747,1.30050037986978,139,"Gjb1,Atp8b1,Abcb1a,Plscr2,Atp10b,Plscr4,Ano4,Pltp,Abcc6,Xkr4"
GOBP_CD4_POSITIVE_ALPHA_BETA_T_CELL_CYTOKINE_PRODUCTION,0.0281214848143982,0.0965619563947949,0.287857117255149,0.582983192096622,1.49532370262277,28,"Il6,Il18,Il1r1,Arid5a,Prkcz,Rsad2,Il18r1,Nlrp3,Il4,Gata3"
GOBP_INTERLEUKIN_10_PRODUCTION,0.0282426778242678,0.0967797828374875,0.276500599254472,0.506649224063323,1.42324387077033,58,"Cd34,Isg15,Il6,Ager,Lgals9,Jak3,Prkcz,Tlr4,Cd83,Tlr9"
GOBP_NEPHRON_EPITHELIUM_DEVELOPMENT,0.0282258064516129,0.0967797828374875,0.271288554688953,0.445808097828733,1.32527075587697,111,"Hoxb7,Fgf1,Pecam1,Cd34,Wnt4,Agt,Wnt6,Ednra,Sox8,Agtr2"
GOBP_STEROL_BIOSYNTHETIC_PROCESS,0.0282131661442006,0.0967797828374875,0.276500599254472,0.497377268898759,1.4032217945914,60,"Fgf1,Hmgcs2,Ch25h,Sec14l2,Cftr,Ces1d,Hmgcs1,Cyb5r2,Sc5d,Lss"
GOBP_EXTRACELLULAR_MATRIX_CONSTITUENT_SECRETION,0.0283080694425117,0.0969377827571568,0.352487857583619,0.684237552999053,1.53434230218606,14,"Eng,Agt,Tnfrsf1b,Ccn2,Creb3l1"
GOBP_REGULATION_OF_PHOSPHATIDYLINOSITOL_3_KINASE_ACTIVITY,0.0284510010537408,0.0973609137489142,0.276500599254472,0.512825349486815,1.42800072289657,55,"Ccl21a,Tek,Flt1,Ccl19,Socs3,Pik3r6,Fgfr3,Tgfb1,P2ry12,Pik3r3"
GOBP_OVULATION_CYCLE_PROCESS,0.0285110876451954,0.097500161627481,0.276500599254472,0.527240737325623,1.45566722796621,49,"A2m,Nos3,Inhba,Tnfaip6,Zp3,Lhcgr,Ptprn,Esr1,Npy5r,Pgr"
GOBP_VENTRICULAR_CARDIAC_MUSCLE_TISSUE_MORPHOGENESIS,0.0286624203821656,0.097951045044967,0.276500599254472,0.530944024667758,1.45436624082992,47,"Eng,Dsp,Ednra,Foxc2,Tnni1,Foxc1,Tgfb1,Tnnt2,Hey2,Dll4"
GOBP_NEGATIVE_REGULATION_OF_MYELOID_CELL_DIFFERENTIATION,0.0287179487179487,0.0980741360089186,0.271288554688953,0.46911346523133,1.366714014014,86,"Hoxa7,Ceacam1,Hoxa5,Zfp36,Inhba,Ccl3,Tnfaip6,Tlr3,Hoxb8,Gata2"
GOBP_AGING,0.028971028971029,0.0988712577307282,0.266350657088526,0.397308265629425,1.22917327537561,295,"Edn1,Bglap3,Gjb2,Bglap2,Apod,Bglap,Ccl11,Serpinf1,Gjb6,Cnp"
GOBP_HORMONE_METABOLIC_PROCESS,0.029,0.0989029850746269,0.266350657088526,0.40872664996463,1.25304675114053,222,"Klk6,Ace2,Adh1,Slco1c1,Ctsk,Wnt4,Aldh1a2,Cyp2d22,Sult1a1,Cyp26c1"
GOBP_POSITIVE_REGULATION_OF_PROTEIN_SERINE_THREONINE_KINASE_ACTIVITY,0.029029029029029,0.0989348670704603,0.266350657088526,0.410099989215083,1.25244177510158,207,"Edn1,Edn3,Tgfa,Adra2a,Fgf1,Flt1,Ccl19,Il34,Irgm2,Dkk1"
GOBP_REPLICATIVE_SENESCENCE,0.0291986569608676,0.099445561343009,0.352487857583619,-0.56779309819794,-1.66154132899927,16,"Wnt16,Cdkn2a,Chek1,Tert,Chek2,Trp53,Atm,Atr,Romo1,Ctc1"
GOBP_RESPONSE_TO_LIGHT_INTENSITY,0.0293834156999786,0.100007062101417,0.352487857583619,-0.593433966472963,-1.71154095361062,15,"Prph2,Slc24a1,Gnat1,Rgs9,Rdh13,Kcnc1"
GOBP_PEPTIDYL_TYROSINE_AUTOPHOSPHORYLATION,0.0294117647058824,0.100035819469872,0.287857117255149,0.622406154750706,1.49291640759879,21,"Bmx,Aatk,Kdr,Srms,Itk,Txk,Ptk2b,Tec,Cav1"
GOBP_NEGATIVE_REGULATION_OF_LEUKOCYTE_PROLIFERATION,0.0294715447154472,0.100171369360752,0.266350657088526,0.45927426719494,1.34808968692738,91,"Il33,Lrrc32,Il2ra,Mndal,Enpp3,Lgals9,Ifi204,Btn2a2,Havcr2,Pla2g2d"
GOBP_TRANSITION_METAL_ION_TRANSPORT,0.0294925863757093,0.100175156561278,0.352487857583619,0.455811539477617,1.34692517168445,102,"Trf,Lcn2,Cp,Flvcr2,Heph,Slc39a12,Scara5,Slc6a9,Slc39a8,Tmem163"
GOBP_REGULATION_OF_INCLUSION_BODY_ASSEMBLY,0.029940119760479,0.101626591516494,0.287857117255149,0.652315356700332,1.51239448667011,17,"Hspa1a,Hspa1b,Dnaja4,Dnajb2,Hspa2"
GOBP_LYMPHOCYTE_ACTIVATION_INVOLVED_IN_IMMUNE_RESPONSE,0.03,0.101761133603239,0.261663521711573,0.410329905202589,1.25143366525008,200,"Pglyrp1,Ceacam1,Ccl19,Dock10,Il6,Icam1,Cd40,Tmem98,Batf,Il18"
GOBP_PSEUDOPODIUM_ORGANIZATION,0.0300480769230769,0.10178684817541,0.287857117255149,0.672954258895675,1.52898934394014,15,"Ccl21a,Cdc42ep2,Cdc42ep1,Cdc42ep5,Cdc42ep3,Cdc42ep4,Ccr7"
GOBP_SPLICEOSOMAL_TRI_SNRNP_COMPLEX_ASSEMBLY,0.0300437389792696,0.10178684817541,0.352487857583619,-0.585458325268818,-1.6468488700502,13,"Ddx20,Lsm2,Prpf3,Srsf10,Prpf8,Prpf31,Sart3,Prpf6,Usp4"
GOBP_ALCOHOL_BIOSYNTHETIC_PROCESS,0.0300902708124373,0.101826636117701,0.261663521711573,0.436137391529861,1.31179654845512,134,"Fgf1,Hmgcs2,Wnt4,Sptlc3,Hrh1,Asah2,Acer2,Moxd1,Cyp27a1,Dab2"
GOBP_INTERFERON_ALPHA_PRODUCTION,0.0301003344481605,0.101826636117701,0.276500599254472,0.58135120190176,1.49545756484808,30,"Ifih1,Tlr3,Irf7,Rigi,Pira13,Tlr4,Havcr2,Tlr9,Tlr7"
GOBP_BASE_EXCISION_REPAIR_AP_SITE_FORMATION,0.0302776752576937,0.10235768225987,0.352487857583619,-0.60656264434384,-1.67558351180946,12,"Neil3,Ung,Tdg,Mbd4,Mpg,Smug1,Mutyh,Ogg1,Ercc5"
GOBP_POSITIVE_REGULATION_OF_DEPHOSPHORYLATION,0.030398322851153,0.102696484524695,0.266350657088526,0.500211039229178,1.40653847344806,59,"Ppp1r16b,Cdh5,Chp2,Gpld1,Agtr2,Adora1,Ripk3,Tgfb1,Dlc1,Ppp1r15a"
GOBP_CELLULAR_RESPONSE_TO_CORTICOSTEROID_STIMULUS,0.0304621848739496,0.10284311844281,0.266350657088526,0.50753943033886,1.41932464934913,57,"Edn1,Gjb2,Serpinf1,Hmgcs2,Zfp36,Fam107a,Plat,Errfi1,Gper1,Sgk1"
GOBP_REGULATION_OF_CILIUM_MOVEMENT,0.0306010928961749,0.103242747643672,0.271288554688953,0.548546043879218,1.45336677885177,38,"Cfap45,Rsph4a,Ttll6,Drc1,Gas2l2,Cfap43,Cfap206,Odad2,Catsper1,Semg1"
GOBP_FATTY_ACID_METABOLIC_PROCESS,0.030969030969031,0.104273391038097,0.257206466468838,0.384811867182787,1.19612631157153,375,"Fa2h,Edn1,Plp1,C3,Ceacam1,Ptgis,Fads2b,Pla2g3,Slc45a3,Cyp2d22"
GOBP_POSITIVE_REGULATION_OF_SMALL_MOLECULE_METABOLIC_PROCESS,0.031031031031031,0.104273391038097,0.257206466468838,0.432813435151077,1.30206494517778,137,"Fgf1,Wnt4,Pla2g3,Slc45a3,Nnmt,Hrh1,Nos3,Htr2a,Ptgs2,Twist1"
GOBP_REGULATION_OF_TRANSFORMING_GROWTH_FACTOR_BETA1_PRODUCTION,0.0310173697270472,0.104273391038097,0.287857117255149,0.69751049926105,1.51465483703257,12,"Lum,Gata6,Thbs1"
GOBP_RESPONSE_TO_ESTROGEN,0.0309597523219814,0.104273391038097,0.261663521711573,0.491338785017437,1.40838904314489,69,"Bglap3,Bglap2,Bglap,Gata6,Arid5a,Serpinb9,Zfp366,Krt19,Esr1,Myc"
GOBP_RESPONSE_TO_INSULIN,0.030969030969031,0.104273391038097,0.257206466468838,0.401976256202124,1.23985106222183,255,"Bglap3,Bglap2,Bglap,Ceacam1,Rarres2,Hmgcs2,Grb14,Agt,Kcnq1,Tns2"
GOBP_V_D_J_RECOMBINATION,0.0310259668881761,0.104273391038097,0.352487857583619,-0.47731603551828,-1.57030109219373,20,"Hmgb2,Rag2,Bcl11b,Lig1,Tcf7,Hmgb1,Nhej1,Atm,Lig3,Dcaf1"
GOBP_RNA_POLYMERASE_II_PREINITIATION_COMPLEX_ASSEMBLY,0.0310732647760332,0.104345559137688,0.352487857583619,-0.411815983631144,-1.43908462119657,27,"Taf5,Taf9,Taf6,Gtf2a2,Hmgb1,Trp53,Tbp,Psmc6,Taf6l,Taf10"
GOBP_DENDRITIC_CELL_MIGRATION,0.0311111111111111,0.104402907580478,0.271288554688953,0.564409368902949,1.46611758523875,33,"Ccl21a,Ccl19,Ccr5,Lgals9,Arhgef5,Ccl5,Ccr1,Gpr183,Asb2,Ccr7"
GOBP_ANTIGEN_PROCESSING_AND_PRESENTATION_OF_ENDOGENOUS_PEPTIDE_ANTIGEN,0.0312124849939976,0.104673223525568,0.282013350011725,0.641727223035931,1.50891555418273,19,"Azgp1,H2-T23,Tap2,Tapbp,H2-Q2,Hfe,H2-D1,Tap1,Erap1,H2-M3"
GOBP_EPITHELIAL_CELL_APOPTOTIC_PROCESS,0.0313131313131313,0.104940740740741,0.257206466468838,0.445357404191237,1.32268562787711,109,"Tek,Ecscr,Gsn,Zfp36,Cdh5,Ndnf,Il6,Icam1,Cd40,Ednra"
GOBP_REGULATION_OF_CENTRIOLE_REPLICATION,0.0313487247083688,0.104990032717502,0.321775918075361,-0.460798445596323,-1.56619162397651,23,"Plk4,Mdm1,Stil,Brca1,Npm1,Alms1,Nup62,Cep76,Cep295"
GOBP_GAMMA_AMINOBUTYRIC_ACID_TRANSPORT,0.0314009661835749,0.105094978032511,0.282013350011725,0.665979207898319,1.52652238759321,16,"Slc6a1,Sv2a,Htr1b,Slc6a12,Apba1,Slc32a1,Slc6a13,Gabbr1,Slc6a6,Slc6a11"
GOBP_REGULATION_OF_CHRONIC_INFLAMMATORY_RESPONSE,0.0314861460957179,0.105309951046689,0.287857117255149,0.728780476115869,1.52731123917641,10,"Cyp19a1,Ccl5,Tnfaip3,Il4,Adora2b,Tnf,Il10"
GOBP_LIPID_STORAGE,0.0317622950819672,0.106162937085804,0.257206466468838,0.470620947268793,1.36758407144804,80,"C3,Itgb3,Cidea,Il6,Apoc4,Cds1,Plin3,Ces1d,Plin5,Zc3h12a"
GOBP_CGMP_BIOSYNTHETIC_PROCESS,0.0320499893030799,0.107053352974474,0.321775918075361,0.713862262670033,1.52915523184549,11,"Nppa,Nppb,Gucy1a2,Npr1,Nppc,Gucy2f,Gucy2c"
GOBP_GLYCEROLIPID_CATABOLIC_PROCESS,0.0320910973084886,0.107119486168507,0.257206466468838,0.488907625120179,1.39608436906273,67,"Enpp6,Enpp2,Lipc,Gpld1,Gpihbp1,Pnpla1,Faah,Plin5,Apoc1,Lipe"
GOBP_POSITIVE_REGULATION_OF_MUSCLE_CONTRACTION,0.0321199143468951,0.107144531799497,0.261663521711573,0.533716276044776,1.44317674054491,43,"Edn1,Ace2,Tbxa2r,Nppa,Ptgs2,Kcnq1,Adra2b,Ccn2,Gper1,Npnt"
GOBP_REGULATION_OF_TYPE_I_INTERFERON_MEDIATED_SIGNALING_PATHWAY,0.032258064516129,0.107534012150252,0.261663521711573,0.535374063237992,1.44276467802167,42,"Zbp1,Isg15,Usp18,Irf7,Oas1a,Trim6,Oas3,Stat2,Oas1g,Wnt5a"
GOBP_REGULATION_OF_MACROPHAGE_DERIVED_FOAM_CELL_DIFFERENTIATION,0.032329988851728,0.107702355174047,0.266350657088526,0.572793760562905,1.47344455387628,30,"Itgb3,Pla2g3,Agt,Prkch,Il18,Csf1,Nfkbia,Pla2g2a,Abcg1,Pf4"
GOBP_REGULATION_OF_NEURON_PROJECTION_REGENERATION,0.0325842696629214,0.108477565295037,0.266350657088526,0.573091585494311,1.46842371129881,29,"Klf4,Klk8,Scarf1,Rgma,Tnr,D130043K22Rik,Thy1"
GOBP_RESPONSE_TO_DEXAMETHASONE,0.0326441784548422,0.10860508609695,0.261663521711573,0.543472233996255,1.44591370498094,39,"Edn1,Gjb2,Serpinf1,Fibin,Plat,Errfi1,Cyp1b1"
GOBP_DESMOSOME_ORGANIZATION,0.0327455919395466,0.108726612074043,0.282013350011725,0.726845996103451,1.5232571335002,10,"Snai2,Dsp,Jup"
GOBP_REGULATION_OF_T_HELPER_1_CELL_DIFFERENTIATION,0.0327455919395466,0.108726612074043,0.282013350011725,0.719291714359366,1.50742556310312,10,"Ccl19,Jak3,Hlx,Il4ra"
GOBP_T_CELL_ACTIVATION_VIA_T_CELL_RECEPTOR_CONTACT_WITH_ANTIGEN_BOUND_TO_MHC_MOLECULE_ON_ANTIGEN_PRESENTING_CELL,0.0327455919395466,0.108726612074043,0.282013350011725,0.719503715434355,1.50786985550002,10,"Icam1,Lgals9,Fgl2,Havcr2,Apbb1ip,H2-DMb1,Cd81,Pirb"
GOBP_PROTEOGLYCAN_METABOLIC_PROCESS,0.0327868852459016,0.108791862792837,0.252961123069611,0.469616205664471,1.36466437859976,80,"Cytl1,Dcn,Spock3,Ndnf,Sulf1,Dsel,Chsy3,Chst8,Csgalnact1,Slc2a10"
GOBP_NEGATIVE_CHEMOTAXIS,0.0329087048832272,0.10894427244582,0.257206466468838,0.522893078389495,1.43231302254355,47,"Itgb3,Sema4d,Sema7a,Sema5a,Sema3e,Lrtm2,Nrg1,Dpp4,Sema6d,Slit3"
GOBP_POSITIVE_REGULATION_OF_ENDOTHELIAL_CELL_DIFFERENTIATION,0.0328770744707178,0.10894427244582,0.321775918075361,0.712479048144195,1.52619226568302,11,"Acvrl1,Tmem100"
GOBP_POSITIVE_REGULATION_OF_MAST_CELL_ACTIVATION,0.0329411764705882,0.10894427244582,0.271288554688953,0.618040341041491,1.48244447561473,21,"Pla2g3,Gata2,Crlf2,Gab2,Il4ra,Cd226,Il4,Adora2b,Il13,Nectin2"
GOBP_PYRIMIDINE_DEOXYRIBONUCLEOTIDE_METABOLIC_PROCESS,0.0328651297195481,0.10894427244582,0.321775918075361,-0.466229434100219,-1.57527093928726,24,"Upb1,Tyms,Ung,Shmt1,Dctd,Dut,Dctpp1,Tdg,Tbpl1,Mbd4"
GOBP_SPHINGOID_METABOLIC_PROCESS,0.0329411764705882,0.10894427244582,0.271288554688953,0.618505847093048,1.48356104815648,21,"Degs2,Sptlc3,Asah2,Acer2,Plpp3"
GOBP_REGULATION_OF_PRODUCTION_OF_MOLECULAR_MEDIATOR_OF_IMMUNE_RESPONSE,0.033,0.109067061143984,0.248911114434702,0.413563940912457,1.25948471446818,189,"Tril,Cd55,Irak3,Il6,Cd40,Il13ra2,Il18,Il1r1,Arid5a,Sema7a"
GOBP_VASCULAR_ENDOTHELIAL_GROWTH_FACTOR_PRODUCTION,0.0330396475770925,0.10912635241133,0.261663521711573,0.554396814308988,1.45586592613668,35,"C3,Flt4,Aqp4,Ptgs2,Sulf1,Il6,Nodal,Il1a,Tgfb1,Cxcl17"
GOBP_CD4_POSITIVE_ALPHA_BETA_T_CELL_PROLIFERATION,0.0332906171587456,0.109818846841871,0.321775918075361,0.711656269001426,1.52442980099395,11,"Cd55,Lgals9,Cd55b,Vsir,Tgfbr2,Xcl1,Cd274,Cd81"
GOBP_EMBRYONIC_PATTERN_SPECIFICATION,0.0332930023049555,0.109818846841871,0.321775918075361,-0.324058977009349,-1.42888782282504,69,"Wt1,Ripply2,Lhx1,Meox2,Wnt1,Fgf10,Tdrd1,Stil,Sim2,Neurog1"
GOBP_RELAXATION_OF_MUSCLE,0.0333333333333333,0.109879781420765,0.261663521711573,0.560933123327621,1.45708764163859,33,"Pln,Gsn,Gstm7,Hrc,Adora1,Sln,Kbtbd13,Pde4b,Kcnj2,Adora2b"
GOBP_CELL_CELL_SIGNALING_INVOLVED_IN_CARDIAC_CONDUCTION,0.0333704115684093,0.109929920677847,0.261663521711573,0.572994922680883,1.47865646339486,31,"Kcna5,Kcnq1,Gja5,Casq2,Gjc1,Scn4b,Tbx5,Tbx18,Scn1b"
GOBP_HISTONE_H2A_MONOUBIQUITINATION,0.0334903043090242,0.110252625907967,0.321775918075361,-0.525764789491115,-1.58786710100281,17,"Pcgf2,Rnf2,Pcgf6,Kdm2b,Cul4b,Pcgf3,Bcor,Bmi1,Trim37,Ddb1"
GOBP_REGULATION_OF_T_CELL_MIGRATION,0.0335135135135135,0.110256827508136,0.257206466468838,0.536081620043477,1.44103885379153,41,"Apod,Ccl21a,Cxcl12,Ripk3,Ecm1,Cd200,Il27ra,Ccl5,Cxcl10,Tnfrsf14"
GOBP_SYNAPTIC_TRANSMISSION_GLUTAMATERGIC,0.0335707019328586,0.110372739448319,0.248911114434702,0.458269523941169,1.3446603943313,92,"Grm3,Adora2a,Dkk1,Htr2a,Ptgs2,Htr1b,Plat,Unc13c,Adora1,Grm7"
GOBP_REGULATION_OF_DNA_TEMPLATED_TRANSCRIPTION_INITIATION,0.0336338881292091,0.110508206291199,0.321775918075361,-0.329228031329015,-1.37618277891191,56,"Morc1,Taf5,Taf9,Med4,Cdk4,Taf6,Paxip1,Gtf2a2,Nkx2-5,Hmgb1"
GOBP_GLUTAMATE_RECEPTOR_SIGNALING_PATHWAY,0.0336842105263158,0.11060125820757,0.252961123069611,0.51766752565979,1.43360652943925,51,"Plp1,Grm3,Sult1a1,Gria4,Grm7,Grid2,Grm4,Grik4,Grm6,Slc1a1"
GOBP_RESPONSE_TO_DSRNA,0.0337197049525817,0.110645533157068,0.252961123069611,0.504429523430319,1.40379121248677,54,"Kcnj8,Irak3,Ifit1,Ifih1,Tlr3,Rigi,Colec12,Rftn1,Rftn2,Nfkbia"
GOBP_NLS_BEARING_PROTEIN_IMPORT_INTO_NUCLEUS,0.0337628182664995,0.110714734132872,0.321775918075361,-0.598399589584168,-1.65303368931569,12,"Kpna2,Nup54,Ipo5,Nup35,Kpna3,Kpnb1,Ranbp2,Kpna1,Kpna4"
GOBP_LIVER_REGENERATION,0.0338476634167504,0.110848341365475,0.321775918075361,-0.411693931586704,-1.47246419736043,29,"Aurka,Tyms,Ptpn3,Ezh2,Gli3,Hmox1,Ucp2,Pnpt1,Pcna,Rps15"
GOBP_RESPONSE_TO_OSMOTIC_STRESS,0.0338461538461538,0.110848341365475,0.248911114434702,0.470027623825021,1.36568143441984,79,"Aqp4,Ptgs2,Abcb1a,Rcsd1,Tlr3,Capn3,Errfi1,Mlc1,Map7,Kmo"
GOBP_POSITIVE_REGULATION_OF_FATTY_ACID_TRANSPORT,0.0340136054421769,0.111319267290249,0.261663521711573,0.594476651429397,1.50388680049006,26,"Edn1,Pla2g3,Cyp4f14,Il1a,Tnfsf11,Pla2g4a,Cyp4f15,Avpr1b,P2rx4"
GOBP_REGULATION_OF_PLASMA_LIPOPROTEIN_PARTICLE_LEVELS,0.0340909090909091,0.111427178153446,0.248911114434702,0.485186100550446,1.39329137660571,70,"Lcat,Pla2g3,Agt,Lipc,Gpld1,Gpihbp1,Pltp,Pon1,Nr1h4,Apoc1"
GOBP_T_HELPER_17_CELL_DIFFERENTIATION,0.0340909090909091,0.111427178153446,0.261663521711573,0.583940158017252,1.48540963672438,27,"Il6,Batf,Il12rb1,Nfkbiz,Zc3h12a,Smad7,Ly9,Il12b,Il4,Il6ra"
GOBP_NEGATIVE_REGULATION_OF_SPROUTING_ANGIOGENESIS,0.0341177027305885,0.11144229475417,0.321775918075361,0.709333597870903,1.51945443684203,11,"Klf2,Thbs1,Creb3l1,Adamts9,Epn2"
GOBP_SUPEROXIDE_METABOLIC_PROCESS,0.0342679127725857,0.11186025812194,0.248911114434702,0.490601666994801,1.39525565674025,65,"Edn1,Nos3,Agt,Alox12,Bst1,Nos2,Sod3,Tgfb1,Tafa4,Ncf1"
GOBP_PROTEIN_FOLDING_IN_ENDOPLASMIC_RETICULUM,0.0346341048663734,0.112982248645853,0.321775918075361,-0.595344764964685,-1.6445949669321,12,Pdia2
GOBP_PEPTIDYL_HISTIDINE_MODIFICATION,0.0347952839202891,0.11343443078294,0.321775918075361,-0.67640845596531,-1.84021707006356,11,"Dph1,Mettl18,Dph6,Nme2,Dph2,Dph7,Dph3,Hif1an"
GOBP_ACTIVATION_OF_CYSTEINE_TYPE_ENDOPEPTIDASE_ACTIVITY_INVOLVED_IN_APOPTOTIC_PROCESS,0.0349434737923947,0.113591242013402,0.245041785430996,0.470087553834746,1.36309263919967,77,"S100a8,Casp4,Acer2,Xdh,Atp2a3,S100a9,Col4a3,Ctsh,Nod1,Nkx3-1"
GOBP_BODY_FLUID_SECRETION,0.0349079450939049,0.113591242013402,0.321775918075361,-0.291391699407594,-1.34495861120644,86,"Slc4a5,Guca1b,Agr2,Sct,Aqp1,Prl,Nlrp6,Npr3,P2ry2,Fgf10"
GOBP_CARDIAC_NEURAL_CREST_CELL_MIGRATION_INVOLVED_IN_OUTFLOW_TRACT_MORPHOGENESIS,0.0349127182044888,0.113591242013402,0.271288554688953,0.704108808298666,1.50826248185649,11,"Edn1,Eng,Twist1,Ednra"
GOBP_NOREPINEPHRINE_TRANSPORT,0.0350058343057176,0.113591242013402,0.261663521711573,0.605579144841801,1.47500605881703,22,"Adra2a,Adora2a,Agt,Adra2b,Slc22a3,Adora3,Oxtr,Slc6a3,Slc22a2,Snca"
GOBP_POSITIVE_REGULATION_OF_CARDIOCYTE_DIFFERENTIATION,0.035024154589372,0.113591242013402,0.266350657088526,0.658371261439999,1.50908385429592,16,"Gata6,Tgfb1,Tbx5,Gper1,Myocd"
GOBP_POSITIVE_REGULATION_OF_DEVELOPMENTAL_GROWTH,0.035,0.113591242013402,0.241339976815091,0.421476213196403,1.27892109188326,158,"Edn1,Wnt3,Pls1,Lpar3,Gata6,Cxcl12,Sema4d,Tbx2,Hopx,Ghrh"
GOBP_PROSTATE_GLAND_MORPHOGENESIS,0.0348706411698538,0.113591242013402,0.257206466468838,0.578329481129513,1.48338715898204,28,"Id4,Sulf1,Nkx3-1,Rarg,Trp63,Esr1,Nog,Shh,Foxa1,Wnt5a"
GOBP_SODIUM_ION_TRANSPORT,0.034965034965035,0.113591242013402,0.241339976815091,0.400770147620237,1.23399999637335,241,"Edn1,Slc34a3,Slc5a11,Slc13a3,Pkd2l1,Slc6a20a,Mfsd4b1,Slc6a1,Slc10a6,Slc13a5"
GOBP_REGULATION_OF_CYCLIC_NUCLEOTIDE_PHOSPHODIESTERASE_ACTIVITY,0.0350990451859046,0.113711203114718,0.321775918075361,-0.671332963328662,-1.77663905051906,10,"Gnat1,Rack1,Slc39a14,Rgn,Calm2"
GOBP_RHYTHMIC_BEHAVIOR,0.0351063829787234,0.113711203114718,0.248911114434702,0.524289060666727,1.43034268283559,45,"Adora2a,Kcnq1,Ghrh,Kcna2,Adora1,Zfhx3,Egr2,Egr1,Nps,Gpr176"
GOBP_TRNA_WOBBLE_URIDINE_MODIFICATION,0.0351737626421455,0.113856088088902,0.321775918075361,-0.588984321195534,-1.68135913481513,14,"Kti12,Elp1,Mto1,Dph3,Elp4,Elp3,Trmu,Mocs3,Trmt9b,Alkbh8"
GOBP_NITRIC_OXIDE_MEDIATED_SIGNAL_TRANSDUCTION,0.0352272727272727,0.113882636655949,0.257206466468838,0.58216454116,1.48089287528114,27,"Rasd1,Nos3,Ndnf,Agt,Agtr2,Gucy1a2,Nos2,Thbs1"
GOBP_VASCULAR_ASSOCIATED_SMOOTH_MUSCLE_CELL_DIFFERENTIATION,0.0352272727272727,0.113882636655949,0.257206466468838,0.579888169200065,1.47510230787516,27,"Aplnr,Eng,Gata6,Ednra,Comp,Hey2,Gper1,Myocd,Ramp2,Pdgfb"
GOBP_MALE_MEIOTIC_NUCLEAR_DIVISION,0.0352994777146183,0.114042721382639,0.321775918075361,-0.359411947736062,-1.48535183513388,52,"Tex19.1,Trip13,Fignl1,Catsperz,Kif18a,Rad51c,Tex19.2,Tex15,Dnmt3l,Ccna1"
GOBP_NEGATIVE_REGULATION_OF_ACTIN_FILAMENT_BUNDLE_ASSEMBLY,0.03559510567297,0.114923953897251,0.252961123069611,0.567236114350195,1.46379542567434,31,"Tmeff2,S1pr1,Myoc,Arhgap6,F11r,Rhpn2,Dlc1,Pik3r1,Coro2b,Prkn"
GOBP_PODOSOME_ASSEMBLY,0.0356718192627824,0.11503631919283,0.261663521711573,0.622830400136679,1.47657502803008,20,"Gsn,Arhgef5,Capg,Asb2,Lcp1,Farp2,Tnf,Fscn1,Kif9,Bin2"
GOBP_REGULATION_OF_NATURAL_KILLER_CELL_ACTIVATION,0.0356756756756757,0.11503631919283,0.248911114434702,0.531423269473642,1.42851676029918,41,"Pglyrp1,Mill2,Il18,H2-T23,Havcr2,Il12b,Tox,Il15,Axl,H2-Q2"
GOBP_CYTOKINE_PRODUCTION_INVOLVED_IN_INFLAMMATORY_RESPONSE,0.035827186512118,0.115302987577732,0.245041785430996,0.502872264615044,1.39945747280876,54,"Apod,Ceacam1,Pla2g3,Gbp5,Il6,Il1r2,Nos2,Tlr4,Zc3h12a,Il17f"
GOBP_LIPID_TRANSLOCATION,0.035827186512118,0.115302987577732,0.245041785430996,0.503595000612412,1.40229812282341,55,"Atp8b1,Abcb1a,Plscr2,Atp10b,Plscr4,Ano4,Xkr4,Atp10a,Atp9a,Kcnn4"
GOBP_REGULATION_OF_VIRAL_ENTRY_INTO_HOST_CELL,0.0357894736842105,0.115302987577732,0.245041785430996,0.511237165965238,1.41579856353873,51,"Trim12c,Trim34a,Gsn,Ch25h,Trim5,Ifitm1,Lgals9,Trim6,Triml2,Trim21"
GOBP_MITOCHONDRIAL_PROTEIN_PROCESSING,0.0359168494910539,0.11551759589989,0.321775918075361,-0.575659180417974,-1.61928463545219,13,"Mipep,Stoml2,Atp23,Pmpcb,Afg3l2,Yme1l1,Pmpca,Immp1l,Spg7"
GOBP_STRIATED_MUSCLE_CELL_DIFFERENTIATION,0.035964035964036,0.115595402040415,0.237793834423688,0.39493546317562,1.22001551224271,265,"Edn1,Myh11,Scgb3a1,Tmem182,Pi16,Tbx3,Ldb3,Gata6,Dkk1,Nebl"
GOBP_DENDRITIC_CELL_DIFFERENTIATION,0.0360169491525424,0.11569150376347,0.245041785430996,0.518075474981705,1.42825515113473,50,"Ccl19,Batf2,Ager,Batf,Lgals9,Dcstamp,Tgfbr2,Ubd,Il4,Relb"
GOBP_POSITIVE_REGULATION_OF_MONOCYTE_CHEMOTACTIC_PROTEIN_1_PRODUCTION,0.0360576923076923,0.115748415856174,0.261663521711573,0.665359484667802,1.5117335963012,15,"Twist1,Ager,Lgals9,Oas1a,Oas3,Mcoln2,Oas1g,Nod2"
GOBP_DENDRITIC_CELL_CHEMOTAXIS,0.036281179138322,0.116391504485223,0.252961123069611,0.588252430555245,1.48814097835648,26,"Ccl21a,Ccl19,Ccr5,Lgals9,Arhgef5,Ccl5,Ccr1,Gpr183"
GOBP_REGULATION_OF_BRANCHING_INVOLVED_IN_URETERIC_BUD_MORPHOGENESIS,0.0364705882352941,0.116924519807923,0.257206466468838,0.614997014356761,1.4751446886402,21,"Hoxb7,Agt,Sox8,Agtr2,Nog,Six1"
GOBP_EXCITATORY_SYNAPSE_ASSEMBLY,0.0365714285714286,0.117023915613349,0.252961123069611,0.589579471867084,1.47543554632521,25,"Lrrc4b,Ntrk3,Ptprd,Grid2,Lrrc4,Vstm5,Il1rap,Abi3,Nrxn2,Wnt5a"
GOBP_POSITIVE_REGULATION_OF_HEART_RATE,0.0365714285714286,0.117023915613349,0.252961123069611,0.589583571558996,1.47544580589405,25,"Edn1,Edn3,Nppa,Kcnq1,Hrc,Rgs4,Hey2,Slc1a1"
GOBP_SARCOMERE_ORGANIZATION,0.0365591397849462,0.117023915613349,0.245041785430996,0.52932416883425,1.42646098579816,42,"Edn1,Ldb3,Capn3,Krt19,Tnnt2,Myom2,Obscn,Casq1,Csrp1,Ttn"
GOBP_NEURON_PROJECTION_REGENERATION,0.0368809272918862,0.117939199425135,0.241339976815091,0.501539203876429,1.39657360232526,55,"Mag,Apod,Omg,Klf4,Klk8,Jun,Scarf1,Rgma,Tnr,D130043K22Rik"
GOBP_ENDOTHELIAL_CELL_CHEMOTAXIS,0.0371203599550056,0.118478761583374,0.248911114434702,0.57649988744047,1.47869433962381,28,"Fgf1,Egr3,Kdr,Sema5a,Nr4a1,Thbs1,Fgf4,Prkd2,P2rx4,Nrp1"
GOBP_POSITIVE_REGULATION_OF_CHROMOSOME_SEGREGATION,0.0371143540686799,0.118478761583374,0.321775918075361,-0.58588588894496,-1.67251411605889,14,"Cdc6,Ccnb1,Aurkb,Rad18,Cdt1,Rcc2,Smc6,Hnrnpu,Smc5,Becn1"
GOBP_REGULATION_OF_ASTROCYTE_DIFFERENTIATION,0.0371203599550056,0.118478761583374,0.248911114434702,0.576537490422416,1.47879078945454,28,"Mag,Id4,Il6,Cntn2,Ntrk3,Nog,Ldlr,Il6st,Trem2,Hes1"
GOBP_NEGATIVE_REGULATION_OF_MYELOID_LEUKOCYTE_DIFFERENTIATION,0.0371549893842888,0.118514042915495,0.241339976815091,0.518755668223891,1.42097979457647,47,"Hoxa7,Ceacam1,Inhba,Ccl3,Tnfaip6,Tlr3,Gata2,Tlr4,Cldn18,Gpr137b"
GOBP_OVULATION,0.0372526193247963,0.118599694329165,0.252961123069611,0.59813992324765,1.47119113976507,23,"Nos3,Ptgs2,Inhba,Plat,Tnfaip6,Myc,Pgr,Mmp19,Il4ra"
GOBP_REGULATION_OF_CARDIAC_MUSCLE_CONTRACTION_BY_CALCIUM_ION_SIGNALING,0.0372526193247963,0.118599694329165,0.252961123069611,0.598994896742131,1.47329404141221,23,"Pln,Gstm7,Casq2,Hrc"
GOBP_REGULATION_OF_MONOCYTE_DIFFERENTIATION,0.0372148859543818,0.118599694329165,0.257206466468838,0.628530091800401,1.477884680196,19,"Hoxa7,Il34,Csf1,Irf7,Inpp5d,Dcstamp,Myc,Fes"
GOBP_POSITIVE_T_CELL_SELECTION,0.0373216245883644,0.1187441815226,0.245041785430996,0.550584236545013,1.45061640357201,36,"Il6,Batf,Foxn1,Il12rb1,Themis,Zap70,Cd3e,Shh,Ly9,Il12b"
GOBP_REGULATION_OF_RRNA_PROCESSING,0.0375409558395843,0.119366467429216,0.321775918075361,-0.549027085286329,-1.60662606826057,16,"Utp15,Mettl18,Wdr75,Wdr43,Shq1,Heatr1,Dimt1,Ythdf2,Bud23,Riok1"
GOBP_DEVELOPMENTAL_INDUCTION,0.0377777777777778,0.120043545441776,0.245041785430996,0.554991959492273,1.44704799435024,34,"Fgf1,Wnt3,Wnt4,Dkk1,Sox8,Wnt2,Six1"
GOBP_REGULATION_OF_HUMORAL_IMMUNE_RESPONSE,0.0378548895899054,0.120212589999024,0.237793834423688,0.503631266229117,1.39991471941464,53,"Cfh,C3,A2m,Cd55,Gata6,Zp3,Spns2,Cd59b,Serping1,Hpx"
GOBP_TYROSINE_METABOLIC_PROCESS,0.0379220015755018,0.120349685555586,0.321775918075361,-0.576622586096263,-1.66305474010238,15,"Pah,Tyr,Pcbd1,Dct,Iyd,Il4i1b,Thap4,Th,Tat,Hpd"
GOBP_RESPONSE_TO_BMP,0.037962037962038,0.120400734911776,0.231126709673834,0.418091776189987,1.27139198531924,165,"Eng,Acvrl1,Tmem100,Grem2,Cdh5,Gata6,Msx2,Dkk1,Sulf1,Kdr"
GOBP_NEGATIVE_REGULATION_OF_LEUKOCYTE_APOPTOTIC_PROCESS,0.0380147835269271,0.12049200302009,0.237793834423688,0.516235792130939,1.4252835020297,49,"Ccl21a,Ccl19,Cxcl12,Ccr5,Jak3,Irf7,Ccl5,Nod2,Ccr7,Axl"
GOBP_REGULATION_OF_DEFENSE_RESPONSE_TO_VIRUS,0.0381836945304438,0.120951123128255,0.234392647294686,0.480216770591151,1.37984612215898,71,"Mill2,Ifit1,Il12rb1,Fgl2,Rigi,Trim6,Zc3h12a,Tspan32,Tnfaip3,Il12b"
GOBP_REGULATION_OF_HUMORAL_IMMUNE_RESPONSE_MEDIATED_BY_CIRCULATING_IMMUNOGLOBULIN,0.0383233532934132,0.121317063605786,0.252961123069611,0.641575698321461,1.48749456678613,17,"Cd55,Hpx,Cd55b,Nod2,Foxj1,Trem2,Tnf,Fcgr2b"
GOBP_GRANULOCYTE_DIFFERENTIATION,0.0384193194291987,0.121544316406911,0.241339976815091,0.546183165269073,1.43902096410532,36,"Ceacam1,Csf3,Il25,Gata2,Tal1,Inpp5d,Cbfa2t3"
GOBP_CELLULAR_TRANSITION_METAL_ION_HOMEOSTASIS,0.0385786802030457,0.121971714075919,0.231126709673834,0.44679014593437,1.32130148159186,103,"Trf,S100a8,Lcn2,Cp,Heph,Slc39a12,Scara5,Slc6a9,Slc39a8,S100a9"
GOBP_LENS_FIBER_CELL_DEVELOPMENT,0.0387409200968523,0.122253989533507,0.252961123069611,0.674296584429122,1.51205055784275,14,"Epha2,Wnt7b,Prox1,Wnt7a,Wnt5b,Crygb,Bfsp2,Bfsp1"
GOBP_NEGATIVE_REGULATION_OF_LYMPHOCYTE_MIGRATION,0.0387409200968523,0.122253989533507,0.252961123069611,0.671054406296883,1.50478025962875,14,"Apod,Cd200,Il27ra,Ccl2,Gcsam,Padi2,Ripor2,Lrch1"
GOBP_REGULATION_OF_AMINO_ACID_TRANSMEMBRANE_TRANSPORT,0.0387409200968523,0.122253989533507,0.252961123069611,0.671936149613397,1.5067574911681,14,"Ace2,Cltrn,Agt,Rgs4"
GOBP_CELL_FATE_COMMITMENT_INVOLVED_IN_FORMATION_OF_PRIMARY_GERM_LAYER,0.0388026607538803,0.122372004774,0.241339976815091,0.55283956271939,1.43605183031862,32,"Sox17,Gata6,Dkk1,Klf4,Nodal,Foxc2"
GOBP_METANEPHROS_DEVELOPMENT,0.0388548057259714,0.122459629081165,0.231126709673834,0.457110432329657,1.3351546307033,88,"Sox17,Cd34,Wnt4,Sox8,Agtr2,Foxd1,Wnt7b,Foxc2,Ctsh,Ret"
GOBP_REGULATION_OF_FIBROBLAST_GROWTH_FACTOR_RECEPTOR_SIGNALING_PATHWAY,0.0389321468298109,0.122626505083621,0.241339976815091,0.559819843843219,1.44465718223561,31,"Wnt4,Hhip,Sulf1,Spry4,Apln,Thbs1,Creb3l1,Nog,Wnt5a,Prkd2"
GOBP_HUMORAL_IMMUNE_RESPONSE_MEDIATED_BY_CIRCULATING_IMMUNOGLOBULIN,0.039039039039039,0.122809292396276,0.227987202850442,0.428743805823128,1.29382449908687,143,"C1s1,C3,Cd55,Zp3,Serping1,Hpx,Cd55b,Trbc2,C8a,C2"
GOBP_RESPONSE_TO_NUTRIENT,0.039039039039039,0.122809292396276,0.227987202850442,0.424127581324076,1.28307264372714,151,"Bglap3,Bglap2,Bglap,A2m,Tbxa2r,Hmgcs2,Aldh1a2,Col1a1,Snai2,Ptgs2"
GOBP_CARDIAC_MUSCLE_CELL_ACTION_POTENTIAL_INVOLVED_IN_CONTRACTION,0.0390707497360085,0.122832181940534,0.234392647294686,0.512589011452282,1.41521504800919,49,"Kcna5,Kcnj8,Dsp,Ctnna3,Kcnq1,Gja5,Jup,Kcne4,Gjc1,Scn4b"
GOBP_GLUCOSE_CATABOLIC_PROCESS,0.0391568779895497,0.123026016033416,0.321775918075361,-0.482694786442458,-1.55448490973865,19,"Gck,Hk2,Tigar,Pfkp,Actn3,Trp53,Eno1"
GOBP_POSITIVE_REGULATION_OF_VASCULAR_ENDOTHELIAL_GROWTH_FACTOR_PRODUCTION,0.0393700787401575,0.123618604513911,0.241339976815091,0.573942692664261,1.47213525865385,28,"C3,Flt4,Ptgs2,Sulf1,Il6,Nodal,Il1a,Tgfb1,Cxcl17,C5ar1"
GOBP_CENTRIOLE_CENTRIOLE_COHESION,0.0395400953639648,0.124074943442354,0.321775918075361,-0.583062948490206,-1.66445553699348,14,"Sgo1,Crocc,Nek2,Cep44,Rttn,Nin,Ctnnb1,Cep68,Odf2"
GOBP_OLEFINIC_COMPOUND_BIOSYNTHETIC_PROCESS,0.039580908032596,0.124125530056058,0.245041785430996,0.593588728103745,1.45999697313145,23,"Wnt4,Dab2,Bmp5,Cyp19a1,Egr1,Lhb,Clcn2,Stard3"
GOBP_HETEROTYPIC_CELL_CELL_ADHESION,0.039832285115304,0.124835970869472,0.231126709673834,0.488030100413785,1.37228701207894,59,"Itgb3,Mbp,Dsp,Ctnna3,Ager,Jup,Klf4,Cd200,Il1rn,Itgad"
GOBP_ASTROCYTE_ACTIVATION,0.04,0.125127566894835,0.245041785430996,0.605834381255335,1.45316700543525,21,"Adora2a,Il6,Ager,Mapt,C5ar1,Ldlr,Trem2,Tnf,Ttbk1,Lrp1"
GOBP_HYDROGEN_PEROXIDE_CATABOLIC_PROCESS,0.04,0.125127566894835,0.241339976815091,0.586987707659443,1.46894959960875,25,"Hbb-y,Lpo,Hbb-bt,Hba-x,Hba-a2,Hp,Hba-a1,Hbq1b,Epx,Snca"
GOBP_NEGATIVE_REGULATION_OF_OSSIFICATION,0.04,0.125127566894835,0.237793834423688,0.550218551907449,1.43460213859739,34,"Srgn,Dkk1,Ccl3,Mdk,Ecm1,Smad7,Enpp1,Ccr1,Ptk2b,Rflna"
GOBP_ORGANOPHOSPHATE_CATABOLIC_PROCESS,0.0400801603206413,0.125300351947676,0.224966093540314,0.423048281759415,1.28013282342034,154,"Enpp6,Enpp2,Cnp,Pde2a,Enpp3,Entpd1,Lipc,Xdh,Inpp5j,Pde8a"
GOBP_RESPONSE_TO_STEROL,0.040133779264214,0.125389998981482,0.237793834423688,0.561138499501025,1.44346276615786,30,"Inhba,Gpld1,Ccl3,Ccr5,Ces1d,Tgfb1,Mlc1,Tgfbr2,Abca2,Osbpl7"
GOBP_ALPHA_BETA_T_CELL_PROLIFERATION,0.0403050108932462,0.125612702889243,0.234392647294686,0.529832300072277,1.41418928475372,40,"Cd55,Il18,Lgals9,H2-T23,Irf1,Zap70,Cd3e,Cd55b,Vsir,Tnfrsf14"
GOBP_INTERMEDIATE_FILAMENT_ORGANIZATION,0.0403050108932462,0.125612702889243,0.234392647294686,0.530522616701951,1.41603182697065,40,"Dsp,Tchh,Des,Krt31,Krt19,Shh,Krt9,Krt32,Krt20,Eppk1"
GOBP_POSITIVE_REGULATION_OF_INTERLEUKIN_10_PRODUCTION,0.0403050108932462,0.125612702889243,0.234392647294686,0.531118865304254,1.41762328974917,40,"Cd34,Isg15,Il6,Lgals9,Prkcz,Tlr4,Cd83,Tlr9,Il12b,Nod2"
GOBP_T_CELL_RECEPTOR_SIGNALING_PATHWAY,0.0402414486921529,0.125612702889243,0.224966093540314,0.436102341898503,1.29971190295126,116,"Mog,Ceacam1,Themis2,Nfkbiz,Btn2a2,Inpp5d,Zc3h12a,Themis,Zap70,Rftn1"
GOBP_AMINO_ACID_IMPORT_ACROSS_PLASMA_MEMBRANE,0.0404255319148936,0.125673254538131,0.231126709673834,0.52058069027708,1.42022566752856,45,"Ace2,Slc6a20a,Cltrn,Agt,Kcnj10,Slc6a9,Rgs4,Slc6a14,Slc1a1,Slc6a13"
GOBP_POSITIVE_REGULATION_OF_LEUKOCYTE_DEGRANULATION,0.0404494382022472,0.125673254538131,0.237793834423688,0.562715123674583,1.44183626356594,29,"Pla2g3,Gata2,Gab2,Il4ra,Il4,Adora2b,Ptafr,H2-Q2,Il13,Klrc2"
GOBP_POSITIVE_REGULATION_OF_SYNAPTIC_TRANSMISSION_GLUTAMATERGIC,0.0404494382022472,0.125673254538131,0.237793834423688,0.56298124297173,1.44251813692764,29,"Adora2a,Ptgs2,Tnr,Ccl2,Kmo,Cacng8,Nps,Cacng7,Oxtr,Nlgn3"
GOBP_REGULATION_OF_MESENCHYMAL_CELL_PROLIFERATION,0.0404494382022472,0.125673254538131,0.237793834423688,0.564311648120953,1.44592701347757,29,"Foxf1,Kdr,Wnt2,Shh,Six1,Myc,Tgfbr2,Pdgfa,Wnt5a,Fgfr2"
GOBP_TELOMERE_MAINTENANCE_VIA_RECOMBINATION,0.0404333568359607,0.125673254538131,0.321775918075361,-0.573580963417124,-1.65428230361426,15,"Rad51,Rad51c,Brca2,Smc6,Rad50,Smc5,Nsmce2,Ercc1,Terf2,Xrcc1"
GOBP_SALIVARY_GLAND_DEVELOPMENT,0.0406147091108672,0.12610879722071,0.234392647294686,0.543155474192574,1.43104394978308,36,"Snai2,Tgm2,Nkx3-1,Tgfb1,Shh,Fgf7,Lama1,Tfcp2l1,Pdgfa,Fgfr2"
GOBP_ACTIVATION_OF_INNATE_IMMUNE_RESPONSE,0.0407523510971787,0.126434253904215,0.227987202850442,0.486925349117802,1.37373439629426,60,"Trim12c,Zbp1,Mndal,Trim5,Pak1,Ifi204,Pira13,Tlr4,Nlrc4,Lilra6"
GOBP_MORPHOGENESIS_OF_AN_EPITHELIAL_SHEET,0.0407949790794979,0.126434253904215,0.227987202850442,0.492132675569949,1.38246498927469,58,"Ceacam1,Acvrl1,Hoxb2,Hoxb4,Tmeff2,Msx2,Rhoc,Bmp5,Ccn1,Dll4"
GOBP_RUFFLE_ORGANIZATION,0.0407949790794979,0.126434253904215,0.227987202850442,0.492191688413432,1.38263076406284,58,"Ccl21a,Icam1,Eps8l2,Rhog,Stap1,P2ry12,Eps8l3,Abi3,Cspg4,Plek"
GOBP_REGULATION_OF_PROTEIN_COMPLEX_STABILITY,0.0409429280397022,0.126814602129133,0.248911114434702,0.691784171685189,1.50222002813664,12,"Irgm2,Irgm1,Tapbp"
GOBP_SULFUR_COMPOUND_TRANSPORT,0.0410094637223975,0.126942471756461,0.227987202850442,0.501534027977164,1.39408514747204,53,"Slc13a3,Slc26a3,Slc19a3,Slc26a1,Slc26a10,Slc26a9,Slc26a5,Slc1a1,Slc6a13,Slc7a9"
GOBP_BONE_GROWTH,0.0411568409343715,0.12714626391097,0.234392647294686,0.55681711600879,1.43690841737846,31,"Msx2,Comp,Lepr,Matn1,Nppc,Ecm1,Fgfr3,Rarg,Col27a1,Tgfbr2"
GOBP_NEGATIVE_REGULATION_OF_NATURAL_KILLER_CELL_ACTIVATION,0.0411471321695761,0.12714626391097,0.248911114434702,0.700828885437678,1.50123660100355,11,"Pglyrp1,Mill2,Havcr2"
GOBP_REGULATION_OF_PLATELET_DERIVED_GROWTH_FACTOR_RECEPTOR_SIGNALING_PATHWAY,0.0411764705882353,0.12714626391097,0.241339976815091,0.605713640554867,1.4528773942683,21,"Apod,Lox,Ptgir,Myocd,Hip1r,Ptprj,Hip1,Snca"
GOBP_SA_NODE_CELL_TO_ATRIAL_CARDIAC_MUSCLE_CELL_COMMUNICATION,0.0411471321695761,0.12714626391097,0.248911114434702,0.699362748473727,1.49809600774591,11,"Kcna5,Gja5,Gjc1,Tbx18"
GOBP_CELLULAR_RESPONSE_TO_TOXIC_SUBSTANCE,0.0413306451612903,0.127543986019525,0.222056046145248,0.435992328288373,1.29871408141442,113,"Gstm7,Nos3,Mtarc1,Ptgs2,Hbb-y,Gsto2,S100a9,Sod3,Lpo,Ptgs1"
GOBP_REGULATION_OF_STEROID_BIOSYNTHETIC_PROCESS,0.041407867494824,0.127703895642012,0.224966093540314,0.482167522393953,1.37683788654029,67,"Fgf1,Wnt4,Snai2,Igfbp7,Dab2,Sec14l2,Il1a,Ces1d,Bmp5,Nr1h4"
GOBP_OMEGA_HYDROXYLASE_P450_PATHWAY,0.0415617128463476,0.127942884555168,0.248911114434702,0.712669817529737,1.49354799944162,10,"Cyp4f14,Cyp1b1,Cyp4f15,Cyp4f40,Cyp1a2,Cyp2c66"
GOBP_POLY_N_ACETYLLACTOSAMINE_METABOLIC_PROCESS,0.0415617128463476,0.127942884555168,0.248911114434702,0.713493615975293,1.49527444062103,10,"B3gnt3,B3gnt6,B3gnt9"
GOBP_REGULATION_OF_T_CELL_MEDIATED_CYTOTOXICITY,0.0415300546448087,0.127942884555168,0.231126709673834,0.535384684757494,1.41849590096378,38,"Ceacam1,Azgp1,Ager,Il12rb1,Ripk3,H2-T23,Il12b,Mr1,Klrd1,H2-Q2"
GOBP_ACTIVIN_RECEPTOR_SIGNALING_PATHWAY,0.0417112299465241,0.128324573403413,0.227987202850442,0.521519303731346,1.41540405793729,44,"Acvrl1,Inhba,Igsf1,Nodal,Shh,Smad7,Tgfbr2,Foxh1,Cfc1,Dact1"
GOBP_GLYCEROPHOSPHOLIPID_METABOLIC_PROCESS,0.041958041958042,0.128847328602979,0.219250346703755,0.391253643706445,1.21140749275862,301,"Enpp6,Enpp2,Lcat,Bmx,Pla2g3,Pigz,Pla1a,Htr2a,Lipc,Pld1"
GOBP_NEGATIVE_REGULATION_OF_REGULATED_SECRETORY_PATHWAY,0.0419501133786848,0.128847328602979,0.234392647294686,0.5828290692286,1.4744211434499,26,"Foxf1,Ceacam1,Adra2a,Il13ra2,Lgals9,Stxbp3,H2-Q2,Fcgr2b,Rap1a,Gnai2"
GOBP_POSITIVE_REGULATION_OF_TYPE_I_INTERFERON_PRODUCTION,0.0419287211740042,0.128847328602979,0.224966093540314,0.486537925825707,1.36809118111434,59,"Isg15,Cd14,Ifih1,Tlr3,Irf7,Oas1a,Rigi,Oas2,Tlr4,Irf1"
GOBP_CELLULAR_ANION_HOMEOSTASIS,0.0420673076923077,0.129025232318018,0.241339976815091,0.65663040406151,1.49190064175342,15,"Slc34a3,Kcnq1,Abcc6,Enpp1,Slc12a2,Slc34a2"
GOBP_TOLL_LIKE_RECEPTOR_7_SIGNALING_PATHWAY,0.0420673076923077,0.129025232318018,0.241339976815091,0.654447317690949,1.48694054862173,15,"Pira13,Havcr2,Rsad2,Tlr7,Pik3ap1,Unc93b1,Lilra6"
GOBP_POSITIVE_REGULATION_OF_CYCLASE_ACTIVITY,0.0421632580981937,0.129083251193435,0.321775918075361,-0.464475152816511,-1.52805643533986,20,"Rcvrn,Guca1a,Hpca,Guca1b,Akap5"
GOBP_RELEASE_OF_SEQUESTERED_CALCIUM_ION_INTO_CYTOSOL_BY_ENDOPLASMIC_RETICULUM,0.0421286031042129,0.129083251193435,0.231126709673834,0.551655111160304,1.43297510798533,32,"Pln,Gstm7,Casq2,Ccl3,Ccr5,Hrc"
GOBP_SUPEROXIDE_ANION_GENERATION,0.0421621621621622,0.129083251193435,0.227987202850442,0.52783786519807,1.41887884943921,41,"Edn1,Agt,Alox12,Tgfb1,Tafa4,Ncf1,Mapt,Ncf2,Nox3,Ncf4"
GOBP_ADHERENS_JUNCTION_ORGANIZATION,0.0423728813559322,0.12963182069158,0.224966093540314,0.506818286939917,1.39722079883588,50,"Cdh20,Cdh19,Cdh5,Dsp,Cdh11,Cdh6,Cdhr3,Cdh10,Smad7,Dchs1"
GOBP_UTERINE_SMOOTH_MUSCLE_CONTRACTION,0.0423940149625935,0.12963182069158,0.245041785430996,0.698196446354285,1.4955976868777,11,"Adra2a,Agt,Adra2b,Gper1,Oxtr"
GOBP_CELLULAR_RESPONSE_TO_ELECTRICAL_STIMULUS,0.0424762656194656,0.129725508668927,0.321775918075361,-0.652995677970943,-1.72811061675126,10,"Hpca,Gnat1,Neurod2"
GOBP_POSITIVE_REGULATION_OF_TRANSCRIPTION_OF_NUCLEOLAR_LARGE_RRNA_BY_RNA_POLYMERASE_I,0.0424762656194656,0.129725508668927,0.321775918075361,-0.650316420839811,-1.72102013690659,10,"Ddx11,Nol11,Ncl,Pwp1,Pih1d1,Smarcb1,Mars1"
GOBP_REGULATION_OF_CHROMATIN_ASSEMBLY,0.0426939774599689,0.130232175176738,0.321775918075361,-0.404959187773065,-1.43462530074184,30,"Cdk2,Macroh2a1,Dppa3,Dnmt1,Tpr,Trim28,L3mbtl3,Kdm1a,Setdb1,Pphln1"
GOBP_ROOF_OF_MOUTH_DEVELOPMENT,0.0426829268292683,0.130232175176738,0.219250346703755,0.453415441214807,1.33089250553606,91,"Cldn5,Lrrc32,Snai2,Tbx3,Twist1,Tbx2,Col11a2,Inhba,Mmp25,Irf6"
GOBP_SPINAL_CORD_ASSOCIATION_NEURON_DIFFERENTIATION,0.0429113394977391,0.130815829990985,0.321775918075361,-0.582272793176448,-1.60848463175163,12,"Lhx3,Lhx1,Gsx2,Wnt1,Ascl1,Mdga1"
GOBP_AUDITORY_RECEPTOR_CELL_DEVELOPMENT,0.0431738623103851,0.130980691511349,0.234392647294686,0.595799829285456,1.45118662940049,22,"Pls1,Kcnq1,Clrn2,Pdzd7,Clrn1,Cdh23"
GOBP_DETECTION_OF_OTHER_ORGANISM,0.0431738623103851,0.130980691511349,0.234392647294686,0.596374023600901,1.45258519158915,22,"Pglyrp1,Tlr4,Nod1,Tlr1,Naip2,Nlrc4,Nod2,Tlr2,Pglyrp3,Dmbt1"
GOBP_NEGATIVE_REGULATION_OF_CALCIUM_ION_TRANSPORT,0.0430672268907563,0.130980691511349,0.222056046145248,0.494585638499305,1.38231844331049,56,"Adra2a,Pln,Rem1,Gstm7,Nos3,Ptgs2,Casq2,Sln,Pacsin3,Tlr9"
GOBP_POSITIVE_CHEMOTAXIS,0.0430672268907563,0.130980691511349,0.222056046145248,0.49570223409129,1.38622214852049,57,"Plxnb3,S1pr1,Cxcl12,Ager,Ccl3,Kdr,Ntrk3,Sema5a,Pgf,Angpt2"
GOBP_POSITIVE_REGULATION_OF_LEUKOCYTE_ADHESION_TO_VASCULAR_ENDOTHELIAL_CELL,0.0431738623103851,0.130980691511349,0.234392647294686,0.597488894040174,1.45530067587676,22,"Sele,Selp,Il6,Mdk,Chst4,Ptafr,Ets1,Alox5,Tnf"
GOBP_REGULATION_OF_CELLULAR_RESPONSE_TO_VASCULAR_ENDOTHELIAL_GROWTH_FACTOR_STIMULUS,0.0430733410942957,0.130980691511349,0.234392647294686,0.591910589266617,1.45586940549632,23,"Dcn,Cadm4,Xdh,Adgra2,Il12b,Atp2b4,Jcad,Ccbe1,Spry2,Hrg"
GOBP_REGULATION_OF_MACROPHAGE_DIFFERENTIATION,0.0431738623103851,0.130980691511349,0.234392647294686,0.59339823585339,1.44533708043024,22,"Il34,Inhba,Csf1,Gata2,Tgfb1,Pf4,Hcls1"
GOBP_REGULATION_OF_TOLL_LIKE_RECEPTOR_9_SIGNALING_PATHWAY,0.043050430504305,0.130980691511349,0.241339976815091,0.680055611376344,1.49880270013911,13,"Pira13,Rab7b,Rsad2,Rtn4,Tlr9,Lilra6"
GOBP_POSITIVE_REGULATION_OF_HORMONE_SECRETION,0.0433467741935484,0.131425955290089,0.216542836735348,0.433163707952173,1.29277864363709,122,"Edn1,Edn3,Nkx6-1,Pla2g3,Hcar2,Foxl2,Cd38,Inhba,Gpld1,Ghrh"
GOBP_CELLULAR_RESPONSE_TO_COLD,0.043424317617866,0.131581702631111,0.241339976815091,0.688926693537963,1.49601497014541,12,"Cidea,Nfkbia,Saxo1,Foxo1"
GOBP_POSITIVE_REGULATION_OF_CELLULAR_RESPONSE_TO_TRANSFORMING_GROWTH_FACTOR_BETA_STIMULUS,0.0434782608695652,0.131665793609219,0.227987202850442,0.556702033595867,1.43205047961342,30,"Lrg1,Tgfb1i1,Dab2,Itga8,Slc2a10,Thbs1,Cdkn1c,Npnt,Myocd"
GOBP_LIGAND_GATED_ION_CHANNEL_SIGNALING_PATHWAY,0.0435294117647059,0.131741332294507,0.234392647294686,0.6048924645172,1.45090770426635,21,"Plp1,Sult1a1,Gria4,Grid2,Grik4,Grin3a,Grid1,Ptk2b,Gria3,Gria1"
GOBP_NUCLEOSIDE_MONOPHOSPHATE_METABOLIC_PROCESS,0.0435735936158652,0.131795701027048,0.321775918075361,-0.300508022707639,-1.29569618838324,74,"Upb1,Tyms,Tk1,Shmt1,Dctd,Umps,Ada,Dut,Dck,Cad"
GOBP_INTERLEUKIN_12_PRODUCTION,0.043613707165109,0.131837706505714,0.219250346703755,0.477431170186626,1.35779917950027,65,"Ccl19,Irak3,Cd40,Ager,Lgals9,Jak3,Tlr3,Mdk,Tlr4,Irf1"
GOBP_MAMMARY_GLAND_DUCT_MORPHOGENESIS,0.0438202247191011,0.132382373595506,0.227987202850442,0.560944800433771,1.4373001916897,29,"Ccl11,Epha2,Wnt4,Tbx3,Msx2,Csf1,Esr1,Pgr,Ntn1,Wnt5a"
GOBP_LUNG_EPITHELIUM_DEVELOPMENT,0.0439077936333699,0.132408205515867,0.224966093540314,0.541070600322336,1.42555096245289,36,"Hoxa5,Klf2,Gata6,Wnt2,Wnt7b,Errfi1,Shh,Adamtsl2,Fgf7,Foxa1"
GOBP_NEGATIVE_REGULATION_OF_CARTILAGE_DEVELOPMENT,0.0438695163104612,0.132408205515867,0.227987202850442,0.570676082532647,1.46375656159491,28,"Ctsk,Snai2,Efemp1,Pthlh,Frzb,Rarg,Nog,Gdf5,Rflna,Chadl"
GOBP_SIGNALING_RECEPTOR_LIGAND_PRECURSOR_PROCESSING,0.0439077936333699,0.132408205515867,0.224966093540314,0.540655342476429,1.42445688855284,36,"Ace2,Enpep,Pcsk6,Ren1,Bace2,Dpp4,Bche,Ctsg,Cpa3,Slc30a8"
GOBP_CATECHOLAMINE_SECRETION,0.0441176470588235,0.132722568381033,0.219250346703755,0.490220410757372,1.37089233074453,57,"Adra2a,Sncg,Adora2a,Cxcl12,Agt,Htr2a,Htr1b,Adra2b,Kcna2,Syt15"
GOBP_MEMBRANE_PROTEIN_PROTEOLYSIS,0.0441176470588235,0.132722568381033,0.219250346703755,0.491301050572983,1.37391432004365,57,"Adra2a,Timp4,Gpld1,Tnfrsf1b,Ctsh,Ret,Tgfb1,Rgma,Pacsin3,Bace1"
GOBP_POSITIVE_REGULATION_OF_CHOLESTEROL_METABOLIC_PROCESS,0.044080604534005,0.132722568381033,0.241339976815091,0.707846312847899,1.48343934099888,10,"Fgf1,Ces1d,Ldlrap1,Abcg1"
GOBP_RETINA_VASCULATURE_MORPHOGENESIS_IN_CAMERA_TYPE_EYE,0.044080604534005,0.132722568381033,0.241339976815091,0.709575128558696,1.48706243430626,10,"Arhgef15,Rhoj,Cyp1b1,Lama1,Nrp1,Col4a1,Fzd4,Clic4"
GOBP_ACTIN_FILAMENT_BASED_MOVEMENT,0.0442211055276382,0.132795398738015,0.213927855492356,0.429901041071515,1.28891049649066,127,"Kcna5,Pln,Gsn,Kcnj8,Dsp,Ctnna3,Kcnq1,Gja5,Jup,Kcne4"
GOBP_FOREBRAIN_MORPHOGENESIS,0.0442182727887655,0.132795398738015,0.321775918075361,-0.578762642082006,-1.59878810435639,12,"Gsx2,Hesx1,Otx1,Uchl5,Fgf8,Smo,Gdf7"
GOBP_NEUTRAL_AMINO_ACID_TRANSPORT,0.0442105263157895,0.132795398738015,0.219250346703755,0.505485324434034,1.39986965711386,51,"Ace2,Slc38a5,Slc6a20a,Slc36a2,Cltrn,Slc7a10,Slc6a9,Rgs4,Slc6a14,Slc6a19"
GOBP_GLYCINE_TRANSPORT,0.044280442804428,0.132894200583797,0.237793834423688,0.676898285840244,1.49184413975146,13,"Slc38a5,Slc6a20a,Slc36a2,Slc6a9,Rgs4,Slc32a1"
GOBP_ATRIAL_CARDIAC_MUSCLE_CELL_TO_AV_NODE_CELL_SIGNALING,0.044311377245509,0.132907692967287,0.234392647294686,0.634434050063746,1.47093664071593,17,"Kcna5,Kcnq1,Gja5,Gjc1"
GOBP_PEPTIDYL_SERINE_DEPHOSPHORYLATION,0.0444177671068427,0.133068006702085,0.234392647294686,0.618674138676782,1.45471003459009,19,"Ppp1r16b,Dusp1,Ppp1r15a,Ppm1f"
GOBP_SHORT_CHAIN_FATTY_ACID_METABOLIC_PROCESS,0.0443915832689865,0.133068006702085,0.321775918075361,-0.576531378908913,-1.64581002507578,14,"Tyrp1,Acss1,Acsm1,Acot4,Crat,Pcca,Acads"
GOBP_REGULATION_OF_SYNAPTIC_TRANSMISSION_GABAERGIC,0.0444444444444444,0.133068625504599,0.224966093540314,0.545996500363388,1.4235938507936,34,"Slc6a1,Adora2a,Plcl1,Htr1b,Adora1,Car2,Npy5r,Nps,Baiap3,Oxtr"
GOBP_LEUKOTRIENE_BIOSYNTHETIC_PROCESS,0.0444711538461539,0.133069339514652,0.234392647294686,0.653515652802118,1.48482375439936,15,"Ggt7,Alox5ap,Mgst3,Pla2g4a,Ltc4s,Ggt5,Mgst2,Pla2g5,Alox5"
GOBP_CELLULAR_OXIDANT_DETOXIFICATION,0.0446247464503043,0.133321721379041,0.213927855492356,0.450291844981138,1.32116687692658,90,"Gstm7,Nos3,Ptgs2,Hbb-y,Gsto2,S100a9,Sod3,Lpo,Ptgs1,Gstk1"
GOBP_G_PROTEIN_COUPLED_RECEPTOR_SIGNALING_PATHWAY_INVOLVED_IN_HEART_PROCESS,0.0447941888619855,0.133321721379041,0.234392647294686,0.663468109713455,1.48776865932435,14,"Edn1,Pln,Ednra,Pde4b,Atp2b4,Cav1,Gnai2,Ramp3,Src"
GOBP_NEGATIVE_REGULATION_OF_ALPHA_BETA_T_CELL_ACTIVATION,0.0446623093681917,0.133321721379041,0.222056046145248,0.526456983139428,1.40518013782472,40,"Adora2a,Lgals9,Jak3,Zc3h12a,Hlx,Vsir,Shh,Smad7,Tnfrsf14,Il4ra"
GOBP_NEGATIVE_REGULATION_OF_NEUROINFLAMMATORY_RESPONSE,0.0447941888619855,0.133321721379041,0.234392647294686,0.663202409587249,1.48717285024964,14,"Tnfrsf1b,Syt11,Cd200,Il4,Ldlr,Trem2,Igf1,Nr1d1,Cx3cl1"
GOBP_REGULATION_OF_ACUTE_INFLAMMATORY_RESPONSE_TO_ANTIGENIC_STIMULUS,0.0447941888619855,0.133321721379041,0.234392647294686,0.66557701327461,1.49249768936798,14,"C3,Zp3,H2-T23,Pla2g2d,Npy5r,Btk,Ccr7,Fcgr2b"
GOBP_REGULATION_OF_ADENYLATE_CYCLASE_ACTIVATING_G_PROTEIN_COUPLED_RECEPTOR_SIGNALING_PATHWAY,0.0447941888619855,0.133321721379041,0.234392647294686,0.659652809897293,1.4792131863343,14,"Aplp1,Mrap,Pde4a,Pde4b,Oprl1,Atp2b4,Arrdc3"
GOBP_REGULATION_OF_FIBRINOLYSIS,0.0447941888619855,0.133321721379041,0.234392647294686,0.659969192857101,1.47992264718864,14,"Thbd,Fap,Thbs1,F11,Serpine1,Apoh,Plg,Hrg"
GOBP_REGULATION_OF_PROSTAGLANDIN_SECRETION,0.0447941888619855,0.133321721379041,0.234392647294686,0.66169089123033,1.48378340378417,14,"Edn1,Pla2g3,Il1a,Tnfsf11,Pla2g4a,P2rx4"
GOBP_SPHINGOLIPID_MEDIATED_SIGNALING_PATHWAY,0.0446859903381642,0.133321721379041,0.234392647294686,0.643531635418084,1.47506924681673,16,"S1pr5,S1pr4,S1pr1,Spns2,S1pr3,Klf14,Sphk1,S1pr2"
GOBP_INHIBITORY_SYNAPSE_ASSEMBLY,0.044901831352538,0.133488728016981,0.321775918075361,-0.533656050901371,-1.56164558332489,16,"Gabra1,Cbln4,Gabrg2,Lgi2,Gabrb3,Gabrb2"
GOBP_PEPTIDYL_LYSINE_MONOMETHYLATION,0.0449034094045582,0.133488728016981,0.321775918075361,-0.647820458013358,-1.71441473352503,10,"Mettl18,Setd6,Ehmt1,Smyd2,Eef1akmt2,Kmt5a,Setd2"
GOBP_DEVELOPMENTAL_CELL_GROWTH,0.0450450450450451,0.133830639149788,0.211400189384923,0.400235329019141,1.22545489183352,218,"Mag,Edn1,Edn3,Nkx6-1,Wnt3,Lpar3,Pi16,Cxcl12,Sema4d,Agt"
GOBP_MUSCLE_ORGAN_MORPHOGENESIS,0.0450819672131148,0.133861222197477,0.213927855492356,0.463141044938782,1.34582322251443,78,"Eng,S1pr1,Dsp,Col3a1,Ednra,Wnt2,Foxc2,Tnni1,Foxc1,Tgfb1"
GOBP_CYTOLYSIS,0.0454016298020955,0.134651323312763,0.227987202850442,0.588544615244855,1.44759042098947,23,"Mill2,Lbp,Tgfb1,Gzmb,C8a,C6,C7,Pla2g2a,Gzma"
GOBP_PROTEIN_TRANSMEMBRANE_TRANSPORT,0.0453749979282698,0.134651323312763,0.321775918075361,-0.31111533086247,-1.33419826201545,62,"Hpse,Timm50,Chchd4,Aifm1,Tomm22,Sec61b,Dnajc15,Hspd1,Timm23,Sec61g"
GOBP_RESPONSE_TO_MINERALOCORTICOID,0.0454545454545455,0.134728773584906,0.222056046145248,0.548648711541691,1.42516570727287,32,"Edn1,Fosb,Htr1b,Fos,Ntrk3,Ccn2,Gper1,Sgk1"
GOBP_HYDROGEN_PEROXIDE_METABOLIC_PROCESS,0.0455508474576271,0.134775815285163,0.216542836735348,0.505560688427877,1.39062392183632,48,"Mmp3,Hbb-y,Lpo,Hbb-bt,Mpv17l,Hba-x,Hba-a2,Hp,Hba-a1,Hbq1b"
GOBP_REGULATION_OF_CELL_ADHESION_MEDIATED_BY_INTEGRIN,0.0455508474576271,0.134775815285163,0.216542836735348,0.503150950911111,1.3839955610621,48,"Ccl21a,Epha2,Snai2,Acer2,Plau,Foxc2,Ret,Fermt3,Cd3e,Ccl5"
GOBP_REGULATION_OF_EXTRACELLULAR_MATRIX_ORGANIZATION,0.0455508474576271,0.134775815285163,0.216542836735348,0.50424437190973,1.38700318691617,48,"Tie1,Fap,Agt,Il6,Tnfrsf1b,Tnxb,Slc2a10,Tgfb1,Dpp4,Chadl"
GOBP_PYRIMIDINE_NUCLEOSIDE_TRIPHOSPHATE_METABOLIC_PROCESS,0.0456380164154062,0.134954299129557,0.321775918075361,-0.440370493701042,-1.48489055046791,22,"Tyms,Dut,Cad,Dctpp1,Nme7,Nme4,Uck2,Ctps2,Tbpl1,Nme1"
GOBP_REGULATION_OF_MRNA_3_END_PROCESSING,0.045716389266957,0.135106577804229,0.321775918075361,-0.391236442014612,-1.38600049175386,28,"Bard1,Zc3h14,Nudt21,Ncbp1,Cpsf6,Papola,Snrpa,Hsf1,Ccnt1,Cdc73"
GOBP_REGULATION_OF_MEMBRANE_LIPID_DISTRIBUTION,0.0457856399583767,0.135231734471657,0.213927855492356,0.481562777225296,1.36114955385863,61,"Atp8b1,Abcb1a,Plscr2,Atp10b,Plscr4,Ano4,Xkr4,Atp10a,Atp9a,Kcnn4"
GOBP_NATURAL_KILLER_CELL_ACTIVATION,0.0459183673469388,0.135385121790652,0.211400189384923,0.449768994520818,1.31500957138668,89,"Pglyrp1,Mill2,Il18,H2-T23,Havcr2,Il21r,Il18r1,Il2rb,Il12b,Tox"
GOBP_REGULATION_OF_COMPLEMENT_DEPENDENT_CYTOTOXICITY,0.0459057071960298,0.135385121790652,0.234392647294686,0.686332118219321,1.49038080971257,12,"Cfh,Cd55,Cd59b,Cd55b,Il11,Il4,Il13,Il10"
GOBP_REGULATION_OF_INOSITOL_PHOSPHATE_BIOSYNTHETIC_PROCESS,0.0458937198067633,0.135385121790652,0.231126709673834,0.640643107870885,1.4684483164398,16,"Hrh1,Lhcgr,Gper1,Ptk2b,Plek,Avpr1b,Ptafr,Snca,Cd244a,P2ry6"
GOBP_NEGATIVE_REGULATION_OF_ANDROGEN_RECEPTOR_SIGNALING_PATHWAY,0.0460048426150121,0.135560576685619,0.231126709673834,0.655471324087278,1.46983657358311,14,"Nodal,Dab2,Tcf21,Heyl,Foxh1"
GOBP_NEGATIVE_REGULATION_OF_REPRODUCTIVE_PROCESS,0.0461215932914046,0.135824985047388,0.213927855492356,0.484250753548538,1.36165990401138,59,"Serpinf1,Wnt4,Sulf1,Dusp1,Plat,Nodal,Zp3,Nppc,Il1a,Nkx3-1"
GOBP_MAMMARY_GLAND_MORPHOGENESIS,0.0462365591397849,0.135980369425767,0.216542836735348,0.521007152497549,1.40404768971029,42,"Ccl11,Epha2,Wnt4,Tbx3,Msx2,Tbx2,Csf1,Esr1,Pgr,Tgfbr2"
GOBP_POSITIVE_REGULATION_OF_PHOSPHATASE_ACTIVITY,0.0462555066079295,0.135980369425767,0.219250346703755,0.541766882781727,1.42269927278407,35,"Chp2,Gpld1,Agtr2,Ripk3,Ppp1r15a,Npnt,Gna12,Itga1,Plek"
GOBP_REGULATION_OF_KERATINOCYTE_DIFFERENTIATION,0.0462555066079295,0.135980369425767,0.219250346703755,0.539271329832162,1.41614586119806,35,"Hoxa7,Zfp36,Msx2,Prkch,Foxc1,Errfi1,Trp63,Grhl2,Reg3b,Ovol2"
GOBP_POSITIVE_REGULATION_OF_LYASE_ACTIVITY,0.0463450192049126,0.136163887517882,0.321775918075361,-0.450169274126174,-1.51511169385773,21,"Rcvrn,Guca1a,Hpca,Guca1b,Akap5"
GOBP_EXECUTION_PHASE_OF_APOPTOSIS,0.0463917525773196,0.136221577223239,0.211400189384923,0.47582887708861,1.36103961033424,68,"Ptgis,Cidea,Fap,Foxl2,Il6,Colec11,Xkr4,Zc3h12a,Rffl,Bcl2l1"
GOBP_TOLL_LIKE_RECEPTOR_2_SIGNALING_PATHWAY,0.0467065868263473,0.137065973132544,0.227987202850442,0.62429144682783,1.46175880214883,18,"Lgals9,Tlr1,Pik3ap1,Acod1,Tnfaip3,Nod2,Tlr2,Lyn,Trem2,Tlr6"
GOBP_SINGLE_STRANDED_VIRAL_RNA_REPLICATION_VIA_DOUBLE_STRANDED_DNA_INTERMEDIATE,0.0467463663960257,0.137102674371541,0.321775918075361,-0.558389715708107,-1.57070697037114,13,"Top2a,Trim28,Setdb1,Top2b,Smarcb1,Mphosph8,Resf1"
GOBP_NEURON_PROJECTION_GUIDANCE,0.046953046953047,0.137628552205812,0.206587922696891,0.396476347551186,1.21894438462011,233,"Edn1,Edn3,Robo4,Epha2,Efnb3,Wnt3,Plxnb3,Epha1,Cxcl12,Sema4d"
GOBP_MONOVALENT_INORGANIC_CATION_HOMEOSTASIS,0.0470470470470471,0.137743451080667,0.206587922696891,0.418375259873844,1.26542821832638,149,"Edn1,Kcna5,Slc26a3,Adora2a,Cyp4f14,Nppb,Agt,Kcnq1,Ednra,Kcnj10"
GOBP_REGULATION_OF_PEPTIDYL_SERINE_PHOSPHORYLATION,0.0470470470470471,0.137743451080667,0.206587922696891,0.422421405974344,1.27274033824345,141,"Osm,Irgm2,Csf3,Dkk1,Plcl1,Ptgs2,Il6,Pak1,Ntrk3,Inpp5j"
GOBP_NEGATIVE_REGULATION_OF_CANONICAL_WNT_SIGNALING_PATHWAY,0.0471414242728185,0.137939429464178,0.206587922696891,0.426002563541136,1.28128966838529,133,"Sox17,Sox10,Snai2,Dkk1,Dkk2,Igfbp6,Dab2,Tle6,Sox13,Mdk"
GOBP_DOPAMINERGIC_NEURON_DIFFERENTIATION,0.0472847557500119,0.138278340404485,0.321775918075361,-0.35600067542828,-1.33897652704732,37,"Otx2,Lmx1a,Rspo2,Phox2b,Foxa2,Sfrp2,Wnt1,Lmx1b"
GOBP_ENDODERM_FORMATION,0.047418335089568,0.138427392854389,0.211400189384923,0.49419030883488,1.37611005183516,55,"Sox17,Gata6,Dkk1,Sox7,Inhba,Dusp1,Nodal,Vtn,Fn1,Col5a2"
GOBP_MAST_CELL_ACTIVATION_INVOLVED_IN_IMMUNE_RESPONSE,0.047418335089568,0.138427392854389,0.211400189384923,0.494584791356178,1.37720851805987,55,"Foxf1,Pla2g3,Enpp3,Ptgdr,Il13ra2,Lgals9,Gata2,S100a13,Adgre5,Btk"
GOBP_NEGATIVE_REGULATION_OF_LONG_TERM_SYNAPTIC_POTENTIATION,0.0473815461346633,0.138427392854389,0.231126709673834,0.694461441066136,1.48759697977213,11,"Fam107a,Ager,Adora1,Prnp,Cx3cr1,Apoe,App,Tyrobp,Ptn"
GOBP_PYRIMIDINE_NUCLEOSIDE_MONOPHOSPHATE_METABOLIC_PROCESS,0.0474685212295475,0.138493474301181,0.321775918075361,-0.446907515271674,-1.50413375896292,21,"Upb1,Tyms,Shmt1,Dctd,Umps,Dut,Cad,Uck2"
GOBP_CHLORIDE_TRANSMEMBRANE_TRANSPORT,0.0475206611570248,0.138565176123181,0.208955027549354,0.476837118152462,1.36038923589444,66,"Slc26a3,Slc6a1,Slc26a1,Gabra2,Slc26a10,Gabrg1,Slc26a9,Gabra3,Ano4,Cftr"
GOBP_REGULATION_OF_LIPID_KINASE_ACTIVITY,0.0476190476190476,0.138771566597654,0.208955027549354,0.476436511497201,1.36047288358106,67,"Ccl21a,Tek,Flt1,Ccl19,Socs3,Pik3r6,Pip4k2a,Fgfr3,Tgfb1,P2ry12"
GOBP_REGULATION_OF_MEMBRANE_REPOLARIZATION,0.0476718403547672,0.138844925529209,0.216542836735348,0.544491139560569,1.41436603001424,32,"Kcna5,Nppa,Kcnq1,Gja5,Casq2,Kcne4,Scn4b,Kcnj2,Scn1b,Cav1"
GOBP_CARDIOLIPIN_METABOLIC_PROCESS,0.0478065338445836,0.138987233832019,0.321775918075361,-0.505494360245659,-1.52664819025525,17,"Them5,Tamm41,Phb2,Stoml2"
GOBP_EPITHELIAL_CELL_PROLIFERATION_INVOLVED_IN_PROSTATE_GLAND_DEVELOPMENT,0.0478589420654912,0.138987233832019,0.231126709673834,0.704247660106221,1.4758976148435,10,"Serpinf1,Nkx3-1,Shh"
GOBP_INNER_EAR_MORPHOGENESIS,0.0477642276422764,0.138987233832019,0.206587922696891,0.441724129672926,1.30434908904044,101,"Pls1,Tbx3,Kcnq1,Tbx2,Clrn2,Pdzd7,Gata2,Itga8,Dlx6,Clrn1"
GOBP_MACROPHAGE_PROLIFERATION,0.0478589420654912,0.138987233832019,0.231126709673834,0.70329116162025,1.47389307309772,10,"Il33,Il34,Csf1,Csf1r,Trem2,Clu,Cx3cl1"
GOBP_POSITIVE_REGULATION_OF_INTERLEUKIN_5_PRODUCTION,0.0478589420654912,0.138987233832019,0.231126709673834,0.70430448001109,1.47601669278556,10,"Prkcz,Crlf2,Il1rap,Il17ra,Gata3,Il1rl1"
GOBP_POSITIVE_REGULATION_OF_STRIATED_MUSCLE_CONTRACTION,0.0479704797047971,0.13915037592384,0.227987202850442,0.673786710847702,1.48498641087974,13,"Ace2,Nppa,Kcnq1,Ccn2"
GOBP_SPHINGOSINE_BIOSYNTHETIC_PROCESS,0.0479704797047971,0.13915037592384,0.227987202850442,0.671608236058624,1.48018518015473,13,"Sptlc3,Asah2,Acer2,Abca2"
GOBP_RENAL_SYSTEM_PROCESS_INVOLVED_IN_REGULATION_OF_SYSTEMIC_ARTERIAL_BLOOD_PRESSURE,0.048,0.139155709342561,0.219250346703755,0.579364363197719,1.44987201306204,25,"Or51e2,Cyp4f14,Agt,Gja5,Agtr2,Emp2,Adora1,Ren1,Sucnr1,Cyp4f15"
GOBP_NEGATIVE_REGULATION_OF_PEPTIDE_SECRETION,0.0482248288003474,0.139646436854462,0.321775918075361,-0.356095473773782,-1.36413371515516,40,"Kcnj11,Abcc8,Cartpt,Lep,Chga,Irs1,Inhbb,Crhbp"
GOBP_NERVE_DEVELOPMENT,0.0482051282051282,0.139646436854462,0.206587922696891,0.461057204873614,1.33961757348927,79,"Edn1,Hoxb2,Hoxb3,Atp8b1,Nkx2-2,Hoxa3,Sulf1,Ednra,Kcna2,Erbb3"
GOBP_C4_DICARBOXYLATE_TRANSPORT,0.0483689538807649,0.139983149774672,0.216542836735348,0.567550423141912,1.45573939637188,28,"Slc13a3,Slc13a5,Slc25a18,Slc1a1,Slc12a2,Lrrc8e,Slc13a2,Lrrc8c,Lrrc8d,Slc7a13"
GOBP_DITERPENOID_BIOSYNTHETIC_PROCESS,0.0486284289276808,0.140653114050317,0.227987202850442,0.693499464134994,1.48553634127911,11,"Aldh1a2,Rbp1,Aldh1a3"
GOBP_POSITIVE_REGULATION_OF_DENDRITIC_SPINE_MORPHOGENESIS,0.0488291238537842,0.141152389656684,0.321775918075361,-0.492067932117334,-1.53553125076271,18,"Ephb2,Camk2b,Itpka,Bhlhb9,Caprin2,Reln,Caprin1,Baiap2,Dbn1,Stau2"
GOBP_CELLULAR_RESPONSE_TO_DSRNA,0.0488940628637951,0.141258881618562,0.219250346703755,0.585548477215335,1.44022108891311,23,"Ifit1,Ifih1,Tlr3,Rigi,Colec12,Cav1,Sting1"
GOBP_REGULATION_OF_APOPTOTIC_SIGNALING_PATHWAY,0.048951048951049,0.141342287809835,0.20207170902116,0.380281381274959,1.1803015690222,351,"Mal,Wnt4,Sp100,S100a8,Snai2,Adora2a,Tnfsf10,Nos3,Hspa1a,Asah2"
GOBP_VENTRICULAR_SEPTUM_MORPHOGENESIS,0.0490196078431373,0.141458994619662,0.211400189384923,0.519443373049979,1.38645992723245,40,"Aplnr,Tbx3,Nos3,Hey2,Nog,Smad7,Fgfrl1,Heyl,Tgfbr2,Slit3"
GOBP_REGULATION_OF_SENSORY_PERCEPTION,0.0490523968784838,0.141470141273147,0.213927855492356,0.551558506044996,1.41881936017857,30,"Edn1,Tmem100,Ccl3,Adora1,Il1a,Tafa4,Oprl1,Ptafr,Oprk1,Grin2d"
GOBP_TYROSINE_PHOSPHORYLATION_OF_STAT_PROTEIN,0.049079754601227,0.141470141273147,0.204294756516886,0.450604398918232,1.31185418773984,84,"Osm,Il6,Cd40,Il18,Socs3,Jak3,Fgfr3,Hpx,Ccl5,Il12b"
GOBP_REGULATION_OF_VASCULAR_WOUND_HEALING,0.0491183879093199,0.141500364481462,0.227987202850442,0.702696387909389,1.47264660093891,10,"Foxc2,Tnfaip3,Slc12a2,Serpine1,Alox5,Tnf"
GOBP_RESPONSE_TO_ACTIVITY,0.0495867768595041,0.14271023315852,0.204294756516886,0.475267749114843,1.35591191509736,66,"Edn1,Bglap3,Bglap2,Bglap,Agt,Il6,Tns2,Capn3,Angpt2,Prkag3"
GOBP_SUBSTRATE_ADHESION_DEPENDENT_CELL_SPREADING,0.0495951417004049,0.14271023315852,0.20207170902116,0.43740483413736,1.29609917035056,107,"Lims2,Tek,Itgb3,Tmeff2,Epha1,Lamc3,Myoc,Micall2,Spry4,Dab2"
GOBP_POSITIVE_REGULATION_OF_TUMOR_NECROSIS_FACTOR_MEDIATED_SIGNALING_PATHWAY,0.0496277915632754,0.142722487522074,0.224966093540314,0.683957934278034,1.48522523256429,12,"Hspa1a,Casp4,Hspa1b"
GOBP_SECONDARY_METABOLIC_PROCESS,0.049696668636111,0.142838852620772,0.321775918075361,-0.337712885517161,-1.39747630494325,53,"Pmel,Tyr,Tyrp1,Slc24a5,Oca2,Akr1b8,Opn3,Cited1"
GOBP_MITOTIC_CYTOKINETIC_PROCESS,0.0497601050130429,0.142939455943181,0.321775918075361,-0.433488986907424,-1.46168671515881,22,"Kif20b,Cep55,Kif20a,Nup62"
GOBP_MAINTENANCE_OF_SISTER_CHROMATID_COHESION,0.0502283459371231,0.144202110237532,0.321775918075361,-0.572347248225647,-1.58106606316622,12,"Dscc1,Macroh2a1,Naa10,Slf1,Atrx,Smc5,Nsmce2,Slf2,Nipbl"
GOBP_MACROPHAGE_CYTOKINE_PRODUCTION,0.0504201680672269,0.144670196845862,0.219250346703755,0.612636166265569,1.44051273991416,19,"Irak3,Sema7a,Gprc5b,Tlr4,Tgfb1,Spon2,Wnt5a,Laptm5"
GOBP_POSITIVE_REGULATION_OF_CAMP_MEDIATED_SIGNALING,0.0504807692307692,0.14476145289394,0.219250346703755,0.650291004815008,1.47749717559394,15,"Or51e2,Gpr61,Sctr,Gpr62,Gipr,Insl3"
GOBP_CELL_JUNCTION_DISASSEMBLY,0.0505882352941176,0.144821787484926,0.216542836735348,0.60097118916565,1.44150205127536,21,"C3,Snai2,Dkk1,Pik3r1,Iqsec1,Cx3cr1,Trem2,Dusp3,Mapre2,Itgam"
GOBP_T_HELPER_1_CELL_DIFFERENTIATION,0.0505882352941176,0.144821787484926,0.216542836735348,0.599767815053677,1.43861561298659,21,"Ccl19,Tmem98,Jak3,Hlx,Il18r1,Il4ra,Relb"
GOBP_VASCULAR_ENDOTHELIAL_CELL_PROLIFERATION,0.0505882352941176,0.144821787484926,0.216542836735348,0.600184346070704,1.4396147129872,21,"Flt1,Col4a3,Mdk,Apln,Ccl2"
GOBP_DIGESTIVE_TRACT_MORPHOGENESIS,0.0506863780359029,0.144937669161822,0.204294756516886,0.500635520433146,1.38221246701629,49,"Sox17,Foxf1,Sox10,Nodal,Nkx2-3,Percc1,Tcf21,Trp63,Hlx,Shh"
GOBP_MICROTUBULE_NUCLEATION,0.0506607929515419,0.144937669161822,0.208955027549354,0.536283176447067,1.40829886319384,35,"Tppp,Hspa1a,Eml2,Hspa1b,Pak1,Slain1"
GOBP_MESENCHYMAL_CELL_PROLIFERATION,0.0508108108108108,0.145210884562789,0.206587922696891,0.518636503845073,1.39414470687269,41,"Foxf1,Tbx2,Kdr,Wnt2,Shh,Six1,Fgf7,Myc,Tgfbr2,Fgf4"
GOBP_REGULATION_OF_DNA_METHYLATION_DEPENDENT_HETEROCHROMATIN_ASSEMBLY,0.0508743044476147,0.1453097320785,0.321775918075361,-0.503639118818649,-1.52104515847137,17,"Dnmt1,Trim28,L3mbtl3,Kdm1a,Setdb1,Pphln1,Mphosph8,Resf1,Setdb2,Atf7ip"
GOBP_REGULATION_OF_TRANS_SYNAPTIC_SIGNALING,0.050949050949051,0.145440590074321,0.197822021315103,0.374127085918028,1.16622449947983,410,"Edn1,Adra2a,S100b,Grm3,Sncg,Slc6a1,Srgn,Fam107a,Hrh1,Adora2a"
GOBP_NEGATIVE_REGULATION_OF_NIK_NF_KAPPAB_SIGNALING,0.0510204081632653,0.145561629873289,0.211400189384923,0.577302064248738,1.46043911435679,26,"C1qtnf3,Zc3h12a,Nlrp3,Adgrg3,Litaf,Rassf2,Ccn3,Uaca,Nlrp12,Tmsb4x"
GOBP_REGULATION_OF_FATTY_ACID_TRANSPORT,0.0511111111111111,0.145737694586248,0.208955027549354,0.542996308983068,1.41049472454221,33,"Edn1,Pla2g3,Cyp4f14,Il1a,Thbs1,Tnfsf11,Pla2g4a,Cyp4f15,Avpr1b,P2rx4"
GOBP_REGULATION_OF_G_PROTEIN_COUPLED_RECEPTOR_SIGNALING_PATHWAY,0.0511534603811434,0.145775762662136,0.197822021315103,0.42468666629084,1.27733183879514,133,"Klk6,Edn1,Aplnr,C3,Rgs5,Aplp1,Rgs18,Rgs1,Cntn2,Rgs6"
GOBP_ORGANIC_HYDROXY_COMPOUND_CATABOLIC_PROCESS,0.0513874614594039,0.146359642354914,0.199915231309662,0.45901320277344,1.33007696351765,76,"Cyp4f14,Sult1a1,Fah,Moxd1,Cyp27a1,Inpp5j,Scarf1,Synj2,Aldh3b3,Akr1d1"
GOBP_REGULATION_OF_VESICLE_FUSION,0.0515267156964505,0.146673159573078,0.321775918075361,-0.432107606257884,-1.45702882117536,22,"Cplx3,Cplx1,Syt1,Syt4,Cplx2,Stxbp1,Tbc1d4,Ankrd27,Slamf1,C2cd5"
GOBP_HISTONE_H2A_UBIQUITINATION,0.05158818520848,0.146765029452761,0.321775918075361,-0.417209477607134,-1.42016896190001,26,"Pcgf2,Rnf2,Pcgf6,Kdm2b,Rnf8,Cul4b,Ubr5,Pcgf3,Bcor,Bmi1"
GOBP_BONE_TRABECULA_MORPHOGENESIS,0.0516605166051661,0.146784686006084,0.219250346703755,0.667785848644264,1.47176086237574,13,"Col1a1,Chad,Msx2,Sema4d"
GOBP_POSITIVE_REGULATION_OF_MEMBRANE_PROTEIN_ECTODOMAIN_PROTEOLYSIS,0.0516826923076923,0.146784686006084,0.216542836735348,0.649654371243168,1.4760507088624,15,"Adra2a,Gpld1,Tnfrsf1b,Rgma,Pacsin3,Snx33,Tnf"
GOBP_REGULATION_OF_PLASMA_MEMBRANE_ORGANIZATION,0.0516605166051661,0.146784686006084,0.219250346703755,0.668317917429561,1.47293351078673,13,"Gsn,Atp8b1,Atp10a"
GOBP_REGULATION_OF_SYSTEMIC_ARTERIAL_BLOOD_PRESSURE,0.0517766497461929,0.146885563360108,0.197822021315103,0.438206960075934,1.29591825348191,103,"Edn1,Ace2,Edn3,Or51e2,Nppa,Cyp4f14,Nos3,Nppb,Kcnk6,Agt"
GOBP_TYPE_I_INTERFERON_PRODUCTION,0.0517766497461929,0.146885563360108,0.197822021315103,0.438735221909211,1.29479058414779,100,"Isg15,Cd14,Ifih1,Gbp7,Tlr3,Irf7,Oas1a,Rigi,Pira13,Oas2"
GOBP_DEVELOPMENTAL_GROWTH_INVOLVED_IN_MORPHOGENESIS,0.051948051948052,0.147205669189886,0.195789002148949,0.396471949665463,1.21845553762059,232,"Mag,Edn1,Ccl11,Edn3,Fgf1,Nkx6-1,Wnt3,Lpar3,S1pr1,Cxcl12"
GOBP_NEGATIVE_REGULATION_OF_PHOSPHORUS_METABOLIC_PROCESS,0.051948051948052,0.147205669189886,0.195789002148949,0.373927891773923,1.16519294129237,409,"Ptprb,Ceacam1,Ppp1r16b,Eng,Prr5l,Nppa,Adora2a,Epha1,Irak3,Dbndd2"
GOBP_NEGATIVE_REGULATION_OF_BLOOD_CIRCULATION,0.052143684820394,0.147344746257516,0.211400189384923,0.578880812598583,1.43457168837875,24,"Pln,Ager,Agtr2,Adora1,Zc3h12a,Rnls,Pde5a,Tnf,Trpv1,Atp1a2"
GOBP_POSITIVE_REGULATION_OF_G_PROTEIN_COUPLED_RECEPTOR_SIGNALING_PATHWAY,0.052143684820394,0.147344746257516,0.211400189384923,0.580012871248719,1.43737713511964,24,"Klk6,C3,Cntn2,Mrap,Gas2l2,Klk5,Gper1"
GOBP_REGULATION_OF_HETEROTYPIC_CELL_CELL_ADHESION,0.052143684820394,0.147344746257516,0.211400189384923,0.579800624494165,1.43685114915084,24,"Mbp,Ager,Klf4,Il1rn,Gcnt2,Thy1,Skap1,Tnf,Il10,Fgg"
GOBP_REGULATION_OF_KIDNEY_DEVELOPMENT,0.0521064301552107,0.147344746257516,0.206587922696891,0.540765449414305,1.40468820571486,32,"Hoxb7,Wnt4,Agt,Sox8,Agtr2,Foxd1,Ret,Nog,Six1,Myc"
GOBP_REGULATION_OF_SYSTEMIC_ARTERIAL_BLOOD_PRESSURE_BY_RENIN_ANGIOTENSIN,0.052143684820394,0.147344746257516,0.211400189384923,0.581332332244221,1.44064699887548,24,"Ace2,Or51e2,Agt,Enpep,Agtr2,Ren1,Sucnr1,Ctsg,Cpa3"
GOBP_HISTONE_H3_ACETYLATION,0.0522095870599731,0.147448086601396,0.321775918075361,-0.29464043682694,-1.28418058435503,75,"Chek1,Brca1,Brca2,Jade3,Taf5,Taf9,Myod1,Wdr5,Taf6,Taf5l"
GOBP_CELLULAR_HORMONE_METABOLIC_PROCESS,0.0522613065326633,0.147511279022851,0.195789002148949,0.425978028597498,1.27714869209256,127,"Adh1,Wnt4,Aldh1a2,Cyp2d22,Sult1a1,Cyp26c1,Dab2,Cyp3a13,Akr1d1,Pnlip"
GOBP_BRANCHING_INVOLVED_IN_SALIVARY_GLAND_MORPHOGENESIS,0.0525087514585764,0.148126539608453,0.211400189384923,0.584520175175484,1.42371283296069,22,"Snai2,Tgm2,Shh,Fgf7,Lama1,Pdgfa,Fgfr2,Ntn4,Tnf,Plxnd1"
GOBP_RETINA_VASCULATURE_DEVELOPMENT_IN_CAMERA_TYPE_EYE,0.0526946107784431,0.148567475257001,0.213927855492356,0.619333399202912,1.45014968945952,18,"Acvrl1,Vstm4,Arhgef15,Rhoj,Cyp1b1,Lama1,Pdgfra,Nrp1,Col4a1,Fzd4"
GOBP_CARDIAC_LEFT_VENTRICLE_MORPHOGENESIS,0.0528846153846154,0.148665881195052,0.213927855492356,0.646053937288592,1.46787032352813,15,"Foxf1,Ednra,Hey2,Npy5r,Tbx5,Tgfbr2"
GOBP_COGNITION,0.0529470529470529,0.148665881195052,0.193813302725311,0.384789905261877,1.19139433426429,301,"Cldn5,Ccl11,Serpinf1,S100b,Slc6a1,Fam107a,Hrh1,Dkk1,Agt,Foxb1"
GOBP_MAGNESIUM_ION_HOMEOSTASIS,0.0528905289052891,0.148665881195052,0.216542836735348,0.66577262059399,1.46732382577569,13,"Edn3,Kcna1"
GOBP_NEGATIVE_REGULATION_OF_HUMORAL_IMMUNE_RESPONSE,0.0528846153846154,0.148665881195052,0.213927855492356,0.645707109776187,1.46708231221288,15,"A2m,Cd55,Cd59b,Serping1,Cd55b,Foxj1,Fcgr2b,Spink5,Vsig4"
GOBP_NEGATIVE_REGULATION_OF_TRANSPORT,0.0529470529470529,0.148665881195052,0.193813302725311,0.372475956170258,1.16110481902234,411,"Edn1,Apod,Foxf1,Ceacam1,Adra2a,Itgb3,Pln,Sp100,Rem1,Osm"
GOBP_REGULATION_OF_CARDIAC_MUSCLE_ADAPTATION,0.052896725440806,0.148665881195052,0.219250346703755,0.698160736484256,1.4631411989343,10,"Mlip,Errfi1,Atp2b4,Foxo1,Trpc3"
GOBP_REGULATION_OF_CHONDROCYTE_DIFFERENTIATION,0.0529661016949153,0.148665881195052,0.199915231309662,0.498230973037067,1.3735468827591,50,"Acvrl1,Snai2,Efemp1,Pthlh,Mdk,Zbtb16,Ccn2,Rarg,Smad7,Gdf5"
GOBP_RENAL_SODIUM_ION_TRANSPORT,0.052896725440806,0.148665881195052,0.219250346703755,0.697458301631279,1.46166910043427,10,"Edn1,Kcnq1,Ednra,Maged2,Sgk1"
GOBP_MUSCLE_HYPERTROPHY,0.0530612244897959,0.148815338725854,0.195789002148949,0.454846990474402,1.3249258371991,82,"Edn1,Pi16,Nppa,Gata6,Agt,Myoc,Mlip,Tnfrsf1b,Errfi1,Rgs4"
GOBP_PROSTANOID_METABOLIC_PROCESS,0.0530785562632697,0.148815338725854,0.199915231309662,0.505636104060309,1.38302821669888,46,"Edn1,Ptgis,Pla2g3,Cyp4f14,Ptgs2,Ptgs1,Akr1c20,Pla2g4a,Cyp4f15,Pla2g4f"
GOBP_SEMAPHORIN_PLEXIN_SIGNALING_PATHWAY_INVOLVED_IN_NEURON_PROJECTION_GUIDANCE,0.0531400966183575,0.148904830379311,0.213927855492356,0.632527354145339,1.44984581412845,16,"Edn1,Plxnb3,Ednra"
GOBP_CELLULAR_RESPONSE_TO_ACID_CHEMICAL,0.0533333333333333,0.14927988121752,0.195789002148949,0.459534582883077,1.33519354290316,79,"Col1a2,Hmgcs2,Col1a1,Klf2,Spaar,Col3a1,Pdgfd,Col16a1,Castor1,Cpeb1"
GOBP_RESPONSE_TO_PURINE_CONTAINING_COMPOUND,0.0533199195171026,0.14927988121752,0.193813302725311,0.42265379965022,1.26937295965079,131,"Fosb,Hmgcs2,Slc26a3,Thbd,Col1a1,Slc6a1,Pde2a,Gstm7,Adora2a,Gata6"
GOBP_DEOXYRIBONUCLEOSIDE_MONOPHOSPHATE_METABOLIC_PROCESS,0.0534415817888491,0.149499628075985,0.321775918075361,-0.441019367047574,-1.49896520980548,23,"Upb1,Tyms,Tk1,Shmt1,Dctd,Ada,Dut,Dck"
GOBP_RESPONSE_TO_GONADOTROPIN,0.0535117056856187,0.149612538643829,0.204294756516886,0.549861969597044,1.41445521978145,30,"Edn1,Gjb2,Gata6,Ednra,Inhba,Plat,Lhcgr,Myc,Cyp1b1"
GOBP_NEGATIVE_REGULATION_OF_GLIOGENESIS,0.053551912568306,0.149641725670303,0.20207170902116,0.522931634147126,1.38550167877511,38,"Nkx6-2,Sox10,Nkx6-1,Daam2,Id4,Tmem98,Ntrk3,Nog,Dlx2,Dusp10"
GOBP_NEGATIVE_REGULATION_OF_EXTRACELLULAR_MATRIX_ORGANIZATION,0.0536159600997506,0.149731817905932,0.216542836735348,0.688014754746649,1.47378761537648,11,"Fap,Tnfrsf1b,Tgfb1,Dpp4,Chadl"
GOBP_REGULATION_OF_RECEPTOR_MEDIATED_ENDOCYTOSIS,0.0536437246963563,0.149731817905932,0.193813302725311,0.432524110407529,1.28256164712471,108,"Ccl21a,Sele,Trf,C3,Itgb3,Ccl19,Dkk1,Dab2,Vtn,Apln"
GOBP_ANTERIOR_POSTERIOR_AXIS_SPECIFICATION,0.05394414780311,0.150408659560074,0.321775918075361,-0.336535627285461,-1.39260473932005,53,"Wt1,Otx2,Ripply2,Foxa2,Lhx1,Cer1,Aurka,Tdrd1,Neurog1,Cdx4"
GOBP_PHOSPHOLIPID_METABOLIC_PROCESS,0.0539460539460539,0.150408659560074,0.191892240384838,0.376010714914358,1.16923793315746,379,"Enpp6,Adgrf5,Enpp2,Lcat,Bmx,Hmgcs2,Pla2g3,Pigz,Gata6,Pla1a"
GOBP_NEGATIVE_REGULATION_OF_LYMPHOCYTE_DIFFERENTIATION,0.0539979231568017,0.150469822455234,0.195789002148949,0.47498407250685,1.34478290792823,62,"Pglyrp1,Inhba,Jak3,Mdk,Fgl2,Irf1,Zc3h12a,Hlx,Shh,Smad7"
GOBP_CAMERA_TYPE_EYE_PHOTORECEPTOR_CELL_DIFFERENTIATION,0.0541233910402623,0.150735892941495,0.321775918075361,-0.420306125254092,-1.43833248725981,25,"Pde6c,Nrl,Rpgrip1,Thrb,Hcn1,Rorb,Ttc8,Rom1"
GOBP_MESONEPHRIC_TUBULE_MORPHOGENESIS,0.0541666666666667,0.150772886674049,0.195789002148949,0.471108419172103,1.33680355717063,64,"Hoxb7,Fgf1,Wnt4,Agt,Wnt6,Sox8,Agtr2,Foxd1,Tcf21,Nog"
GOBP_POSITIVE_REGULATION_OF_G1_S_TRANSITION_OF_MITOTIC_CELL_CYCLE,0.0544571102640546,0.151497450634976,0.321775918075361,-0.334684462611604,-1.28406196869058,42,"Cdc6,Fgf10,Stil,Rrm2,Rrm1,Tfdp1,Apex1,Ccnd2,Tert,Mtbp"
GOBP_POSITIVE_REGULATION_OF_CARTILAGE_DEVELOPMENT,0.0545050055617353,0.151546826857767,0.20207170902116,0.544217275427373,1.40439358177348,31,"Acvrl1,Mdk,Zbtb16,Ccn1,Smad7,Gdf5,Loxl2,Wnt5a,Gdf2,Gdf6"
GOBP_SODIUM_ION_HOMEOSTASIS,0.0547945205479452,0.152267581423173,0.195789002148949,0.483431523350445,1.34615140516406,55,"Edn1,Adora2a,Cyp4f14,Nppb,Agt,Ednra,Adora1,Npr1,Il1a,Slc12a2"
GOBP_TRANSFORMING_GROWTH_FACTOR_BETA_ACTIVATION,0.0548628428927681,0.152373210619859,0.213927855492356,0.687600237091009,1.47289968240263,11,"Ceacam1,Lrrc32,Gata6,Ltbp1,Itgb8,Nrros,Itgav"
GOBP_NUCLEOSOME_POSITIONING,0.0549199227470984,0.15242086523814,0.321775918075361,-0.499221799305881,-1.50770437097639,17,"H1f5,Baz1a,H1f1,H1f10,H1f4,Smarca5,Ctcf,Prdm9,H1f0"
GOBP_SRP_DEPENDENT_COTRANSLATIONAL_PROTEIN_TARGETING_TO_MEMBRANE,0.0549406420949889,0.15242086523814,0.321775918075361,-0.552249596238323,-1.59275985868241,15,"Sec61b,Srp68,Srp54a,Srp72,Srp19,Tram1,Tram1l1,Sec61a1,Ssr3,Sec61a2"
GOBP_POSITIVE_REGULATION_OF_MACROPHAGE_DERIVED_FOAM_CELL_DIFFERENTIATION,0.0550898203592814,0.152750428541703,0.208955027549354,0.617430165534641,1.44569332764121,18,"Pla2g3,Agt,Prkch,Il18,Csf1,Pla2g2a,Pf4,Pla2g5"
GOBP_REGULATION_OF_EXTRACELLULAR_MATRIX_ASSEMBLY,0.0552884615384615,0.1532167012976,0.208955027549354,0.641876013863191,1.45837785013518,15,"Tie1,Agt,Tgfb1,Phldb1,Phldb2,Rgcc,Clasp2"
GOBP_ACID_SECRETION,0.0553191489361702,0.153217279174726,0.195789002148949,0.506042439293863,1.38056304155535,45,"Slc6a1,Sv2a,Kcnq1,Htr1b,Apba1,Ces1d,Casr,Myc,Sgk1,Oprl1"
GOBP_CARBOHYDRATE_DERIVATIVE_TRANSPORT,0.0553846153846154,0.153277522874239,0.191892240384838,0.457225654221841,1.32848487122896,79,"Gjb1,Pltp,Abcc6,Adora1,Lbp,Gltp,Slc17a9,Vldlr,Slc29a3,Slc17a3"
GOBP_CELLULAR_RESPONSE_TO_VITAMIN,0.0554323725055432,0.153277522874239,0.199915231309662,0.537145984293055,1.39528631073003,32,"Bglap3,Bglap2,Bglap,Col1a1,Snai2"
GOBP_RESPONSE_TO_LIPOTEICHOIC_ACID,0.0554156171284635,0.153277522874239,0.213927855492356,0.690575252796671,1.44724423836754,10,"Cd14,Tlr4,Lbp,Tlr2,Trem2"
GOBP_POST_EMBRYONIC_ANIMAL_MORPHOGENESIS,0.0556900726392252,0.153905439888612,0.208955027549354,0.650698037947204,1.45913290084101,14,"Efemp1,Kdr,Nkx2-3,Cdh23"
GOBP_NEGATIVE_REGULATION_OF_TYPE_I_INTERFERON_MEDIATED_SIGNALING_PATHWAY,0.0558858501783591,0.154361631234402,0.206587922696891,0.606533926831488,1.43794016768588,20,"Isg15,Usp18,Oas1a,Oas3,Stat2,Oas1g"
GOBP_PHOSPHATIDYLSERINE_METABOLIC_PROCESS,0.056,0.154507135016465,0.20207170902116,0.568929411668772,1.4237583182259,25,"Pla2g3,Pla1a,Pla2g2f,Plscr1,Serinc3,Abhd12,Osbpl5,Serinc5,Serinc2,Mfsd2a"
GOBP_POSITIVE_REGULATION_OF_ALPHA_BETA_T_CELL_PROLIFERATION,0.056,0.154507135016465,0.20207170902116,0.568892795897448,1.42366668645589,25,"Cd55,Il18,Lgals9,H2-T23,Zap70,Cd3e,Cd55b,Il12b,Tgfbr2"
GOBP_CRANIAL_NERVE_STRUCTURAL_ORGANIZATION,0.0561097256857855,0.154629531341224,0.211400189384923,0.685664251469724,1.46875263233937,11,"Hoxb2,Kcna2,Egr2,Hoxb1,Nrp1,Pax2"
GOBP_EPITHELIAL_STRUCTURE_MAINTENANCE,0.0561674008810573,0.154629531341224,0.197822021315103,0.525940540338371,1.38113872967855,35,"Serpina3n,Serpina3m,Serpina3c,Serpina3k,Ildr1,Tlr4,Ldb2,Lsr,Tlr9,Muc13"
GOBP_OXYGEN_TRANSPORT,0.0561097256857855,0.154629531341224,0.211400189384923,0.686676215609543,1.4709203477934,11,"Hbb-y,Hbb-bt,Hba-x,Myc,Hba-a2,Hba-a1,Hbq1b,Ngb"
GOBP_REGULATION_OF_HOMOTYPIC_CELL_CELL_ADHESION,0.0561674008810573,0.154629531341224,0.197822021315103,0.527825915853611,1.38608979342886,35,"Ceacam1,Il6,Alox12,F11r,Plaur,Ccl5,C1qtnf1,Tnfsf11,Ctsg,Lyn"
GOBP_EXTRINSIC_APOPTOTIC_SIGNALING_PATHWAY_VIA_DEATH_DOMAIN_RECEPTORS,0.0562372188139059,0.154723991507431,0.190023305279108,0.452762867532196,1.31804131484593,81,"Mal,Sp100,Nos3,Faim2,Icam1,Pea15a,Bmp5,Atf3,Thbs1,Rffl"
GOBP_LABYRINTHINE_LAYER_DEVELOPMENT,0.0562632696390658,0.154723991507431,0.193813302725311,0.501433506820344,1.37353078753794,47,"Socs3,Gjb5,Wnt2,Wnt7b,Bmp5,Junb,Rspo3,Ccn1,Hey2,Pcdh12"
GOBP_INSULIN_RECEPTOR_SIGNALING_PATHWAY,0.0563380281690141,0.154844870205377,0.188204146308491,0.429109453441005,1.27919213843707,114,"Rarres2,Grb14,Agt,Tns2,Grb7,Gpld1,Socs3,Ptpre,Pip4k2a,Foxc2"
GOBP_CGMP_MEDIATED_SIGNALING,0.0565410199556541,0.15531787285086,0.197822021315103,0.536856066162858,1.39453322160692,32,"Irag1,Nppa,Pde2a,Nppb,Npr1,Nppc,Thbs1,Ptk2b,Gucy2f,Adora2b"
GOBP_SNRNA_TRANSCRIPTION_BY_RNA_POLYMERASE_II,0.0565790563429663,0.155337474732983,0.321775918075361,-0.515693428473226,-1.50908129602323,16,"Larp7,Myod1,Ell3,Zfp143,Cdk7,Ice2,Zc3h8,Snapc3"
GOBP_BLEB_ASSEMBLY,0.0566750629722922,0.155346533021654,0.211400189384923,0.686319866124626,1.4383261895116,10,"Lpar3,Emp2,Mylk,Emp1,Anln"
GOBP_NAD_BIOSYNTHESIS_VIA_NICOTINAMIDE_RIBOSIDE_SALVAGE_PATHWAY,0.0566750629722922,0.155346533021654,0.211400189384923,0.68543815952096,1.43647838972886,10,"Ptgis,Nnmt"
GOBP_POSITIVE_REGULATION_OF_AMINE_TRANSPORT,0.0566448801742919,0.155346533021654,0.195789002148949,0.514720498885414,1.37385397996224,40,"Ace2,Slc6a1,Cltrn,Adora2a,Cxcl12,Agt,Kmo,Oxtr,Slc12a2,Gabbr1"
GOBP_DOPAMINE_TRANSPORT,0.0568421052631579,0.155634674922601,0.191892240384838,0.495452974318628,1.37208649143674,51,"Sncg,Cxcl12,Htr2a,Mapk15,Htr1b,Kcna2,Slc22a3,Syt15,Syt11,Syt10"
GOBP_ETHER_METABOLIC_PROCESS,0.0568181818181818,0.155634674922601,0.199915231309662,0.56160447567076,1.42859279111995,27,"Agmo,Ephx3,Lpcat2,Alox12,Lipe,Pla2g4a,Peds1"
GOBP_ENDOCRINE_HORMONE_SECRETION,0.0570221752903907,0.156042719207836,0.191892240384838,0.493321165168623,1.36201814875045,49,"Tbx3,Hcar2,Agt,Foxl2,Kcnq1,Inhba,C1qtnf3,Foxd1,Dab2,Ren1"
GOBP_POSITIVE_REGULATION_OF_ENDOTHELIAL_CELL_APOPTOTIC_PROCESS,0.0570749108204518,0.156102054784772,0.204294756516886,0.606188120591286,1.43712034762137,20,"Ecscr,Cd40,Cd248,Thbs1,Ccl2,Gper1"
GOBP_T_CELL_MEDIATED_CYTOTOXICITY,0.0573248407643312,0.156700366787544,0.191892240384838,0.498888645980137,1.36655988378604,47,"Ceacam1,Mill2,Azgp1,Ager,Emp2,Il12rb1,Ctsh,Ripk3,H2-T23,Il12b"
GOBP_NEGATIVE_REGULATION_OF_RYANODINE_SENSITIVE_CALCIUM_RELEASE_CHANNEL_ACTIVITY,0.057356608478803,0.156701995012469,0.208955027549354,0.68479603826561,1.466892843928,11,"Gstm7,Casq2"
GOBP_VIRAL_GENOME_REPLICATION,0.0574596774193548,0.156898315256435,0.186432558434075,0.426477958656773,1.27282500082923,122,"Isg15,Mx2,Ifitm1,Slpi,Ifih1,Gbp7,Ifi27,Oas1a,Oas2,Cxcr6"
GOBP_REGULATION_OF_CELL_GROWTH_INVOLVED_IN_CARDIAC_MUSCLE_CELL_DEVELOPMENT,0.0576923076923077,0.157448008018041,0.204294756516886,0.640915871384435,1.45619635325144,15,"Edn1,Pi16,Rgs4,Akap6,Igf1"
GOBP_GLOMERULAR_MESANGIUM_DEVELOPMENT,0.0579710144927536,0.158122783426518,0.204294756516886,0.628092977971141,1.4396815711241,16,"Cd34,Gpr4,Pdgfd,Foxc2,Egr1,Pdgfa,Il6ra,Pdgfb"
GOBP_NEGATIVE_REGULATION_OF_TELOMERE_MAINTENANCE_VIA_TELOMERASE,0.0581254161108477,0.158457953790256,0.321775918075361,-0.436795628557596,-1.47010069920512,21,"Pif1,Tinf2,Acd,Hnrnpa1,Nat10,Dcp2,Hnrnpu,Pinx1,Exosc10,Terf1"
GOBP_INTERLEUKIN_18_PRODUCTION,0.0583126550868486,0.15879616312112,0.206587922696891,0.676678735206206,1.46941833919774,12,"Gbp5,Tlr9,Nlrp9a,Nod2,Tlr2,Tnf,Il10,Usp50,Cd84,Nlrp12"
GOBP_REGULATION_OF_CARDIAC_MUSCLE_CELL_MEMBRANE_REPOLARIZATION,0.0582857142857143,0.15879616312112,0.197822021315103,0.56501131260164,1.41395318946292,25,"Kcna5,Nppa,Kcnq1,Gja5,Kcne4,Scn4b,Scn1b"
GOBP_EMBRYONIC_CRANIAL_SKELETON_MORPHOGENESIS,0.0583864118895966,0.158910932630754,0.190023305279108,0.503405207055816,1.37692621274587,46,"Twist1,Hoxa2,Nodal,Foxc2,Hoxa1,Six1,Wnt9b,Tgfbr2,Pax5,Dlx2"
GOBP_ANTIGEN_PROCESSING_AND_PRESENTATION_OF_PEPTIDE_ANTIGEN_VIA_MHC_CLASS_I,0.0584269662921348,0.158935259497057,0.195789002148949,0.552360885842898,1.41530576001412,29,"Azgp1,H2-T23,Mfsd6,Tap2,Tapbpl,Tapbp,Mr1,H2-Q2,Hfe,H2-D1"
GOBP_NUCLEOLAR_CHROMATIN_ORGANIZATION,0.0586572784295245,0.159389264143362,0.321775918075361,-0.622071109982097,-1.64627075767895,10,"Ddx11,Macroh2a1,Suv39h1,Bend3,Rrp8"
GOBP_POSITIVE_REGULATION_OF_HISTONE_H3_K9_METHYLATION,0.0586572784295245,0.159389264143362,0.321775918075361,-0.623223530909283,-1.6493205647549,10,"H1f5,Myb,Brca1,Dmrtc2,Rif1"
GOBP_NEGATIVE_REGULATION_OF_SMOOTH_MUSCLE_CELL_PROLIFERATION,0.0589473684210526,0.159918198085608,0.188204146308491,0.490149496052371,1.35854825309568,52,"Apod,Ace2,Cnn1,Nos3,Npr1,Ptgir,Apln,Gper1,Gna12,Tnfaip3"
GOBP_POSITIVE_REGULATION_OF_MACROPHAGE_DIFFERENTIATION,0.0588942307692308,0.159918198085608,0.20207170902116,0.635010483569675,1.44277898510012,15,"Il34,Csf1,Tgfb1,Pf4,Hcls1"
GOBP_SIGNAL_RELEASE,0.058941058941059,0.159918198085608,0.183023938384487,0.369213469858167,1.15093446273213,450,"Edn1,Edn3,Kcna5,Adra2a,Nkx6-1,Pla2g3,Sncg,Osm,Or51e2,Tbx3"
GOBP_AV_NODE_CELL_TO_BUNDLE_OF_HIS_CELL_COMMUNICATION,0.0590405904059041,0.160084707643193,0.204294756516886,0.660981323809103,1.45676408854505,13,"Gjc3,Gja5,Gjc1,Scn4b"
GOBP_CELLULAR_RESPONSE_TO_UV,0.0590793046210204,0.160103323088878,0.321775918075361,-0.279207064092823,-1.27563057980111,88,"Aqp1,Chek1,Aurkb,Pbk,Opn3,Ruvbl2,Npm1,Pola1,Pold3,Mfap4"
GOBP_RESPONSE_TO_VITAMIN_D,0.0592755214050494,0.160548516219388,0.191892240384838,0.527387575582,1.3895004931126,36,"Bglap3,Bglap2,Bglap,Snai2,Ptgs2,Casr,Cxcl10,Kl,Fes,Il15"
GOBP_HEART_TRABECULA_FORMATION,0.0593220338983051,0.160587972216898,0.20207170902116,0.647716062121309,1.45244608332608,14,"Tek,Adgrg6,Hey2,Ovol2,Adamts1,Rbp4,Tgfbr3,Fhl2,Hey1"
GOBP_PIGMENT_GRANULE_MATURATION,0.0594663315999484,0.16089195315013,0.321775918075361,-0.62067065728148,-1.6425645506368,10,"Rab38,Ap1m1,Ankrd27,Cd63,Bloc1s6,Rab32"
GOBP_POSITIVE_REGULATION_OF_DNA_TEMPLATED_TRANSCRIPTION_INITIATION,0.0595719280994087,0.161090953499585,0.321775918075361,-0.335843969794958,-1.32854389892685,46,"Taf5,Taf9,Med4,Taf6,Paxip1,Gtf2a2,Nkx2-5,Trp53,Bclaf1,Taf4b"
GOBP_PYRIMIDINE_DEOXYRIBONUCLEOSIDE_MONOPHOSPHATE_METABOLIC_PROCESS,0.0596727804191498,0.161276917831756,0.321775918075361,-0.565483105181253,-1.56210438622298,12,"Upb1,Tyms,Shmt1,Dctd,Dut"
GOBP_REGULATION_OF_KETONE_BIOSYNTHETIC_PROCESS,0.0598802395209581,0.161663783067592,0.199915231309662,0.622742408931687,1.44382954687454,17,"Wnt4,Dab2,Bmp5,Egr1"
GOBP_RELAXATION_OF_CARDIAC_MUSCLE,0.0598802395209581,0.161663783067592,0.199915231309662,0.620526148795577,1.43869114322292,17,"Pln,Gsn,Gstm7,Hrc,Pde4b,Kcnj2,Pde5a,P2rx4,Slc8a1,Atp1a2"
GOBP_REGULATION_OF_EPITHELIAL_TO_MESENCHYMAL_TRANSITION,0.0599593495934959,0.161790472574613,0.183023938384487,0.439191813622074,1.29292973283083,95,"Eng,Col1a1,Twist1,Il6,Tgfb1i1,Dab2,Mdk,Foxc1,Bmp5,Tgfb1"
GOBP_CHONDROCYTE_DIFFERENTIATION_INVOLVED_IN_ENDOCHONDRAL_BONE_MORPHOGENESIS,0.0600961538461539,0.162072620914493,0.199915231309662,0.633619543032965,1.43961869117141,15,"Matn1,Nppc,Rarg,Col27a1,Tgfbr2"
GOBP_REGULATION_OF_HISTONE_H3_K9_METHYLATION,0.0601743794945309,0.162196571431103,0.321775918075361,-0.415201023364698,-1.42086228290853,25,"H1f5,Myb,Brca1,Dnmt3b,Dmrtc2,Dnmt1,Kdm1a,Rif1,Pih1d1,Atrx"
GOBP_LEUKOCYTE_AGGREGATION,0.0602706027060271,0.162368874492603,0.20207170902116,0.658305046077873,1.45086572931856,13,"S100a8,Sema4d,S100a9,Zap70,Jam2,Msn,Il1b"
GOBP_INNER_DYNEIN_ARM_ASSEMBLY,0.0603864734299517,0.162506853282852,0.199915231309662,0.625358789509505,1.43341440865253,16,"Dnai3,Cfap100,Dnah1,Tekt2,Zmynd10,Ccdc40,Dnah2,Cfap73,Ccdc103"
GOBP_REGULATORY_T_CELL_DIFFERENTIATION,0.0603732162458837,0.162506853282852,0.190023305279108,0.524804632239611,1.38269524927656,36,"Ceacam1,Lgals9,Mdk,Btn2a2,Irf1,Pla2g2d,Vsir,Ctla4,Tox,Dusp10"
GOBP_L_ALANINE_TRANSPORT,0.0604534005037783,0.162599916710805,0.204294756516886,0.679162223377863,1.4233258587242,10,"Slc38a5,Slc36a2"
GOBP_SARCOPLASMIC_RETICULUM_CALCIUM_ION_TRANSPORT,0.0605060506050605,0.162654500744192,0.190023305279108,0.524897910914751,1.38485972250068,37,"Pln,Gstm7,Casq2,Ccl3,Ccr5,Hrc,Sln,Casq1,Cacng1,Akap6"
GOBP_ANION_HOMEOSTASIS,0.0612021857923497,0.164437941196228,0.188204146308491,0.516254629931451,1.36781102870553,38,"Slc34a3,Kcnq1,Abcc6,Otc,Enpp1,Slc1a1,Slc12a4,Slc12a2,Slc12a3,Kctd7"
GOBP_EMBRYONIC_APPENDAGE_MORPHOGENESIS,0.0614300100704935,0.164861815190324,0.179782316298324,0.425851883513412,1.26957170517441,119,"Wnt3,Aldh1a2,Tbx3,Msx2,Dkk1,Twist1,Tbx2,Zbtb16,Dlx6,Reck"
GOBP_REGULATION_OF_B_CELL_PROLIFERATION,0.0614583333333333,0.164861815190324,0.183023938384487,0.465589386747152,1.32114291117585,64,"Tnfrsf13c,Mndal,Cd40,Cd38,Bst1,Ifi204,Tlr4,Inpp5d,Tlr9,Ctla4"
GOBP_RESPONSE_TO_MUSCLE_STRETCH,0.0614136732329085,0.164861815190324,0.193813302725311,0.572617104022159,1.41904908201069,24,"Edn1,Gsn,Nppa,Fos,Jun,Nfkbia,Ttn"
GOBP_MIRNA_METABOLIC_PROCESS,0.0615498965152469,0.165019375883811,0.321775918075361,-0.408640493958977,-1.39100039007863,26,"Lin28b,Ago2,Lin28a,Pnpt1,Xpo5,Khsrp,Tut4,Bcdin3d,Rc3h2,Snd1"
GOBP_CELLULAR_RESPONSE_TO_DEXAMETHASONE_STIMULUS,0.0617142857142857,0.165361628790469,0.191892240384838,0.564508638289042,1.4126952359818,25,"Gjb2,Serpinf1,Plat,Errfi1"
GOBP_VENTRICULAR_TRABECULA_MYOCARDIUM_MORPHOGENESIS,0.0617433414043584,0.165361628790469,0.197822021315103,0.641012055413666,1.43741294017194,14,"Eng,Hey2,Dll4,Nrg1,Foxh1"
GOBP_TRIGEMINAL_NERVE_DEVELOPMENT,0.0618449848639464,0.165545654372236,0.321775918075361,-0.634715025229149,-1.72678714133698,11,"Isl1,Pou4f1,Neurog1,Sema3a,Drgx"
GOBP_INOSITOL_TRISPHOSPHATE_METABOLIC_PROCESS,0.0620347394540943,0.165788748131702,0.199915231309662,0.672003627402544,1.4592662702956,12,"Hrh1,Lhcgr,Gper1,Ptk2b,Ptafr,P2ry6,Itpk1,Itpkb,P2ry1,Plcb1"
GOBP_NEGATIVE_REGULATION_OF_ADAPTIVE_IMMUNE_RESPONSE,0.0619834710743802,0.165788748131702,0.181383128498408,0.455304209737062,1.3074806315334,70,"Ceacam1,Cd55,Jak3,Havcr2,Zc3h12a,Il27ra,Cd55b,Smad7,Tnfrsf14,Il4ra"
GOBP_STRIATED_MUSCLE_ADAPTATION,0.0620320855614973,0.165788748131702,0.184706471207739,0.506449055406178,1.37450338469097,44,"Gsn,Nppa,Gata6,Myoc,Mlip,Tnni1,Errfi1,Hey2,Igfbp5,Atp2b4"
GOBP_AMYLOID_FIBRIL_FORMATION,0.0620842572062084,0.165818388127839,0.188204146308491,0.532023723221038,1.38198076444883,32,"Gsn,Iapp,Ripk3,Bace1,Mapt,Ldlr,Cryab,Trem2,Prkn,Clu"
GOBP_POSITIVE_REGULATION_OF_REACTIVE_OXYGEN_SPECIES_METABOLIC_PROCESS,0.062111801242236,0.165818388127839,0.181383128498408,0.459452708799304,1.31197533464643,67,"Ace2,Agt,Xdh,Ripk3,Tlr4,Tgfb1,Zc3h12a,Thbs1,Mapt,Acod1"
GOBP_POSITIVE_REGULATION_OF_MYELOID_LEUKOCYTE_DIFFERENTIATION,0.0621707060063224,0.165887547289694,0.183023938384487,0.481013685516706,1.33862661372854,54,"Pla2g3,Il34,Fos,Csf1,Slc9b2,Tgfb1,Dcstamp,Pou4f2,Ccr1,Il12b"
GOBP_REGULATION_OF_ENDOTHELIAL_CELL_DEVELOPMENT,0.0622754491017964,0.165990817939942,0.195789002148949,0.61139647987198,1.43156564229231,18,"Cldn5,Cdh5,F11r,S1pr3,Tnf,Tnfrsf1a,S1pr2,Il1b,Plcb1,Proc"
GOBP_REGULATION_OF_HYDROGEN_PEROXIDE_METABOLIC_PROCESS,0.0622754491017964,0.165990817939942,0.195789002148949,0.612255918602157,1.43357799106807,18,"Mmp3,Mpv17l,Hp,Noxo1,Pink1,Fyn,Snca,Mt3"
GOBP_ADULT_LOCOMOTORY_BEHAVIOR,0.0626927029804728,0.167014423891275,0.179782316298324,0.449482599045508,1.30246024924812,76,"Efnb3,Sncg,Cnp,Cxcl12,Cntn2,Kcnj10,Hoxb8,Chl1,Hoxd9,Glrb"
GOBP_ANTIVIRAL_INNATE_IMMUNE_RESPONSE,0.0628019323671498,0.167039848682361,0.195789002148949,0.622090929434429,1.42592399227772,16,"Mx2,Oas1a,Rigi,Cxcl10,Zdhhc11,Oas1g,Marchf2"
GOBP_DNA_METHYLATION_OR_DEMETHYLATION,0.0627430662245157,0.167039848682361,0.287805130535564,-0.277668115820633,-1.26859949166186,88,"Wt1,Apobec2,Hells,Morc1,Tdrd1,Ezh2,Brca1,Dnmt3b,Tex15,Dnmt3l"
GOBP_ETHANOL_METABOLIC_PROCESS,0.0628019323671498,0.167039848682361,0.195789002148949,0.623258658303785,1.42860059875517,16,"Adh1,Sult1a1,Aldh3b3,Acss2,Aldh3b1"
GOBP_PHOSPHOLIPID_TRANSPORT,0.0630081300813008,0.167499666799947,0.178219874951973,0.434372671344052,1.28159625154353,99,"Atp8b1,Abcb1a,Plscr2,Atp10b,Plscr4,Ano4,Pltp,Xkr4,Atp10a,Gltp"
GOBP_CENTRAL_NERVOUS_SYSTEM_NEURON_AXONOGENESIS,0.0631321739415741,0.1676521069225,0.287805130535564,-0.35687332019827,-1.29792248084448,35,"Phox2b,Ephb2,Gli2,Nr2e1,Dcc,Slit2,Nfib,Adarb1,Ephb6,Chrnb2"
GOBP_NUCLEOBASE_CONTAINING_SMALL_MOLECULE_BIOSYNTHETIC_PROCESS,0.0631071274121902,0.1676521069225,0.287805130535564,-0.560703833541521,-1.54890200913519,12,"Ada,Dhfr,Mtap,Aprt,Nt5e,Dtymk"
GOBP_POSITIVE_REGULATION_OF_AUTOPHAGY,0.0631895687061184,0.167715924966028,0.176694268938498,0.41647995087843,1.25186363519949,136,"Dcn,Trim12c,Trim34a,Irgm2,Trim5,Calcoco2,Kdr,Pip4k2a,Rnf152,Nod1"
GOBP_MONOCYTE_DIFFERENTIATION,0.0633333333333333,0.168008795074758,0.186432558434075,0.524847735141505,1.36845200995449,34,"Hoxa7,Il34,Csf1,Jun,Irf7,Inpp5d,Dcstamp,Myc,Fes,Csf1r"
GOBP_CORTICAL_CYTOSKELETON_ORGANIZATION,0.0634755463059313,0.168297242236243,0.179782316298324,0.471461579895957,1.33259826026096,61,"Pls1,Rnd1,Rhoc,Vil1,Epb41l3,Rhog,Rhoh,Rhob,Ehd2,Plek"
GOBP_PEPTIDE_CATABOLIC_PROCESS,0.0637311703360371,0.168885921602139,0.190023305279108,0.569748098146264,1.41193916488478,24,"Anpep,Dpep1,Enpep,Ctsh,Cpq,Cpn1,Ggt7,Ggt5"
GOBP_BONE_MORPHOGENESIS,0.063894523326572,0.169229593657891,0.176694268938498,0.433982891757937,1.28069074617834,96,"Col1a1,Msx2,Col3a1,Twist1,Ifitm5,Csgalnact1,Comp,Matn1,Nppc,Foxc1"
GOBP_REGULATION_OF_BMP_SIGNALING_PATHWAY,0.0640243902439024,0.169395057766367,0.176694268938498,0.432670842016895,1.27657508370692,99,"Eng,Acvrl1,Grem2,Cdh5,Gata6,Msx2,Dkk1,Sulf1,Kdr,Foxd1"
GOBP_REGULATION_OF_POTASSIUM_ION_TRANSPORT,0.0640243902439024,0.169395057766367,0.176694268938498,0.432658801501423,1.27653955872915,99,"Edn3,Kcna5,Adra2a,Kcna1,Nppa,Nos3,Htr2a,Kcnq1,Casq2,Lrrc52"
GOBP_PHOSPHOLIPID_CATABOLIC_PROCESS,0.064143007360673,0.169619620201001,0.179782316298324,0.483007259541054,1.3425873601502,53,"Enpp6,Enpp2,Lipc,Apoc1,Angptl3,Lipg,Pla2g4a,Abhd12,Pnliprp2,Pla2g4f"
GOBP_HISTONE_MONOUBIQUITINATION,0.0644215645258145,0.170266669227797,0.287805130535564,-0.378020709627728,-1.35202857774061,29,"Uhrf1,Pcgf2,Rnf2,Pcgf6,Kdm2b,Cul4b,Pcgf3,Bcor,Bmi1,Cdc73"
GOBP_REGULATION_OF_CHOLESTEROL_EFFLUX,0.0647639956092206,0.171081768748057,0.183023938384487,0.520312381138333,1.37085957962977,36,"Pltp,Ces1d,Pon1,Shh,Nfkbia,Eepd1,Abca8b,Abca2,Abcg1,Cav1"
GOBP_REGULATION_OF_LIPID_STORAGE,0.0652631578947368,0.172309818664308,0.178219874951973,0.491132727158692,1.36012218185526,51,"C3,Itgb3,Cidea,Il6,Apoc4,Plin3,Ces1d,Plin5,Zc3h12a,Nfkbia"
GOBP_PANCREAS_DEVELOPMENT,0.0656410256410256,0.173216501783431,0.175204047558551,0.449141418411335,1.30499584590735,79,"Nkx6-2,Foxf1,Nkx6-1,Aldh1a2,Nkx2-2,Gata6,Il6,Msln,Cela1,Bmp5"
GOBP_AMINO_ACID_TRANSMEMBRANE_TRANSPORT,0.0659229208924949,0.173869109825064,0.173747838999571,0.432730229080088,1.27780979191655,97,"Ace2,Slc38a5,Slc6a20a,Slc36a2,Cltrn,Slc38a11,Slc7a10,Agt,Kcnj10,Slc6a9"
GOBP_ORGANIC_ACID_TRANSMEMBRANE_TRANSPORT,0.0660660660660661,0.17388173513828,0.172324344900946,0.409028933680308,1.23715908762647,149,"Ace2,Slc38a5,Slc13a3,Slc6a20a,Slc36a2,Slc13a5,Cltrn,Slc38a11,Slc7a10,Agt"
GOBP_REGULATION_OF_MITOTIC_CELL_CYCLE_SPINDLE_ASSEMBLY_CHECKPOINT,0.0660043929460896,0.17388173513828,0.287805130535564,-0.485651573015728,-1.46672080511198,17,"Usp44,Ccnb1,Mad2l1,Gen1,Ndc80,Cdt1"
GOBP_STARTLE_RESPONSE,0.0660486674391657,0.17388173513828,0.186432558434075,0.568642407020998,1.40919906165476,24,"Kcna1,Adora2a,Ctnna2,Grid2,Bace1,Glrb,Grin3a,Slc6a3"
GOBP_TRANSLESION_SYNTHESIS,0.0659829287680966,0.17388173513828,0.287805130535564,-0.438814726199152,-1.48264359852542,24,"Dtl,Pclaf,Pole2,Pold3,Pold2,Pold1,Usp10,Pcna,Rev1,Rev3l"
GOBP_LIPOPROTEIN_METABOLIC_PROCESS,0.0661322645290581,0.173964884242583,0.172324344900946,0.415862790205283,1.2517787336356,139,"Apod,Lcat,Itgb3,Apold1,Pigz,Irgm2,Gpld1,Map6d1,Notum,Angptl8"
GOBP_COTRANSLATIONAL_PROTEIN_TARGETING_TO_MEMBRANE,0.066373715794647,0.174368112869274,0.287805130535564,-0.441467822814597,-1.45236562937053,20,"Sec61b,Srp68,Ssr1,Ssr2,Srp54a,Srp72,Srp19,Tram1,Tram1l1,Sec61a1"
GOBP_G_PROTEIN_COUPLED_RECEPTOR_SIGNALING_PATHWAY_COUPLED_TO_CYCLIC_NUCLEOTIDE_SECOND_MESSENGER,0.0664589823468328,0.174368112869274,0.175204047558551,0.462848182000046,1.31632562136066,65,"Lpar3,Hrh1,Mc5r,Calcrl,Agt,Htr2a,Npy1r,Agtr2,Htr1b,Ptgir"
GOBP_PRE_MIRNA_PROCESSING,0.0664537781940532,0.174368112869274,0.287805130535564,-0.551925113566581,-1.5755671212867,14,"Lin28b,Ago2,Lin28a,Tut4,Prkra,Bcdin3d,Tarbp2,Drosha"
GOBP_REVERSE_CHOLESTEROL_TRANSPORT,0.0664251207729469,0.174368112869274,0.190023305279108,0.618651744187709,1.41804087338761,16,"Lcat,Lipc,Ces1d,Lipg,Abcg1"
GOBP_TOXIN_METABOLIC_PROCESS,0.0664251207729469,0.174368112869274,0.190023305279108,0.615956601723084,1.41186321008941,16,"Fmo2,Cyp1b1,Cyp2w1,Pam,Cyp1a2,Ddc"
GOBP_POSITIVE_REGULATION_OF_POTASSIUM_ION_TRANSPORT,0.0667372881355932,0.175006962680035,0.176694268938498,0.487608793807782,1.34124442166469,48,"Edn3,Adra2a,Kcna1,Nppa,Kcnq1,Lrrc52,Kcnmb1,Adora1,Kcnn4,Lrrc55"
GOBP_INORGANIC_ANION_TRANSMEMBRANE_TRANSPORT,0.0670731707317073,0.175796052798901,0.172324344900946,0.436292776133007,1.28063302039123,91,"Slc26a3,Slc6a1,Slc26a1,Gabra2,Slc26a10,Gabrg1,Slc26a9,Gabra3,Ano4,Cftr"
GOBP_REGULATION_OF_GLUTAMATE_SECRETION,0.0672268907563025,0.176107128625291,0.188204146308491,0.599088209001657,1.40865695647676,19,"Adora2a,Adora1,Grm7,Npy5r,Kmo,Gabbr1,Avpr1b,Avpr1a,Snca"
GOBP_REGULATION_OF_T_HELPER_2_CELL_DIFFERENTIATION,0.0673316708229426,0.176289744389027,0.191892240384838,0.679242672085723,1.45499704918943,11,"Il18,Prkcz,Hlx,Nlrp3,Il4ra,Bcl6,Cd86,Anxa1"
GOBP_NEGATIVE_REGULATION_OF_EXTRINSIC_APOPTOTIC_SIGNALING_PATHWAY_VIA_DEATH_DOMAIN_RECEPTORS,0.0674157303370787,0.176326158379029,0.181383128498408,0.547158900296685,1.40197679285558,29,"Nos3,Faim2,Icam1,Pea15a,Bmp5,Rffl,Bcl2l1,Tnfaip3,Serpine1,Tmbim1"
GOBP_REGULATION_OF_SYNCYTIUM_FORMATION_BY_PLASMA_MEMBRANE_FUSION,0.0674157303370787,0.176326158379029,0.181383128498408,0.54734934643233,1.40246477004524,29,"Scgb3a1,Tmem182,Dcstamp,Rapgef3,Cxcl10,Ehd2,Il4ra,Il4,Trem2,Gcm1"
GOBP_NATURAL_KILLER_CELL_DIFFERENTIATION,0.0675203725261933,0.176508014918967,0.184706471207739,0.5677807446968,1.39651939029875,23,"Pglyrp1,Tox,Il15,Axl,Rasgrp1,Tyro3,Pik3cd,Gas6,Prdm1"
GOBP_NEGATIVE_REGULATION_OF_MAST_CELL_ACTIVATION,0.0677966101694915,0.177138024595652,0.188204146308491,0.635612762256036,1.42530550196229,14,"Foxf1,Enpp3,Il13ra2,Lgals9,Cd300lf"
GOBP_INTRACELLULAR_RECEPTOR_SIGNALING_PATHWAY,0.0679320679320679,0.177307635251561,0.169570644405628,0.386619354815693,1.19404889986998,263,"Srarp,Ptgis,Aldh1a2,Klf2,Snai2,Irgm2,Hspa1a,Lbh,Twist1,Hspa1b"
GOBP_PROTEIN_PROCESSING,0.0679320679320679,0.177307635251561,0.169570644405628,0.389166976297145,1.1998434407939,247,"Klk6,Ace2,Myrf,Gsn,Srgn,Adamts2,Casp4,Cpm,Cntn2,Clec3b"
GOBP_STEROID_CATABOLIC_PROCESS,0.0680272108843538,0.177463824138893,0.181383128498408,0.555831003362859,1.40612235526936,26,"Cyp27a1,Scarf1,Hsd11b1,Akr1d1,Hsd17b11,Cyp19a1,Cyp39a1,Cyp1a2,Mt3,Cyp46a1"
GOBP_REGULATION_OF_HEART_GROWTH,0.0681341719077568,0.177650665031273,0.173747838999571,0.469349794467228,1.31976004456119,59,"Edn1,Pi16,Gata6,Tbx2,Wnt2,Kcnk2,Rgs4,Hey2,Nog,Tbx5"
GOBP_REGULATION_OF_LIPOPROTEIN_METABOLIC_PROCESS,0.0682634730538922,0.177803357016537,0.186432558434075,0.615759610000119,1.42763991329141,17,"Apod,Itgb3,Angptl8,Lipg"
GOBP_REGULATION_OF_RECEPTOR_BINDING,0.0682352941176471,0.177803357016537,0.184706471207739,0.588127182907781,1.41069414949722,21,"Grem2,Plcl1,Atp2a3,Lox,Rgma,Nog,Adam15,Mmp9,Hfe,Ldoc1"
GOBP_INTRINSIC_APOPTOTIC_SIGNALING_PATHWAY_BY_P53_CLASS_MEDIATOR,0.0686017734866829,0.178591981003394,0.287805130535564,-0.278318525560317,-1.22971537350677,77,"Trp73,Pou4f1,Zfp385b,Bok,Brca2,E2f1,Atad5,Chek2,Rrp8,Zfp385a"
GOBP_SUBPALLIUM_DEVELOPMENT,0.0688444461795534,0.179130968397834,0.287805130535564,-0.424023720205196,-1.44119930372881,23,"Cntnap2,Gsx2,Rarb,Foxp2,Ascl1,Gli3,Bcl11b"
GOBP_POSITIVE_REGULATION_OF_STEM_CELL_DIFFERENTIATION,0.0689655172413793,0.179353158392351,0.184706471207739,0.594689725849269,1.40986053092846,20,"Hoxb4,Sp7,Gata6,Foxc1,Tbx5"
GOBP_IRON_ION_TRANSPORT,0.069327731092437,0.180201915305936,0.172324344900946,0.474881780672719,1.32799813481603,57,"Trf,Lcn2,Cp,Flvcr2,Heph,Scara5,Slc6a9,Slc39a8,Tfr2,Hpx"
GOBP_POSITIVE_REGULATION_OF_T_HELPER_1_TYPE_IMMUNE_RESPONSE,0.0694610778443114,0.1804552136038,0.184706471207739,0.60463770606084,1.41574018583224,18,"Il18,Il1r1,Arid5a,Il12rb1,Il27ra,Il18r1,Il12b,Pla2g4a"
GOBP_POSITIVE_REGULATION_OF_INTERLEUKIN_12_PRODUCTION,0.0695187165775401,0.180511667476908,0.173747838999571,0.500480123048974,1.35830369463253,44,"Ccl19,Cd40,Ager,Lgals9,Tlr3,Mdk,Tlr4,Irf1,Tlr9,Il12b"
GOBP_RESPIRATORY_SYSTEM_PROCESS,0.0696409140369967,0.180735609119248,0.175204047558551,0.505983187037416,1.34617369363597,39,"Hoxa5,Flt4,Dnah9,Cfap221,Adora1,Cfap43,Nlgn3,Spag16,Ccbe1,Ndn"
GOBP_QUATERNARY_AMMONIUM_GROUP_TRANSPORT,0.0697115384615385,0.180825543780265,0.184706471207739,0.62645830397552,1.42334795944856,15,"Slc6a20a,Slc25a45,Slc22a3,Slc22a4"
GOBP_GLYCOSYL_COMPOUND_BIOSYNTHETIC_PROCESS,0.0697891053318371,0.180933384478156,0.287805130535564,-0.539924049818893,-1.55721137533916,15,"Ada,Dhfr,Mtap,Aprt,Nt5e,Dtymk,Lcmt2,Adal,Tyw5,Amd1"
GOBP_CARDIAC_MUSCLE_CELL_DIFFERENTIATION,0.069838056680162,0.180966964397512,0.16823816568964,0.423666048361613,1.25538899191669,107,"Edn1,Myh11,Pi16,Tbx3,Gata6,Dkk1,Nebl,Agt,Nrap,Tgfb1"
GOBP_CARDIAC_NEURAL_CREST_CELL_DIFFERENTIATION_INVOLVED_IN_HEART_DEVELOPMENT,0.070048309178744,0.181418263906,0.184706471207739,0.612845741831602,1.4047326612484,16,"Edn1,Eng,Twist1,Ednra"
GOBP_REGULATION_OF_EXCITATORY_SYNAPSE_ASSEMBLY,0.0701107011070111,0.181486351423761,0.186432558434075,0.650618729336055,1.43392553781945,13,"Lrrc4b,Ntrk3,Ptprd,Grid2,Vstm5,Il1rap,Abi3,Wnt7a"
GOBP_INFLAMMASOME_COMPLEX_ASSEMBLY,0.0701545778834721,0.181506465784979,0.183023938384487,0.592972765972031,1.40579004869397,20,"Gbp5,Tlr4,Nlrp3,Sirt2,Atat1,Trem2,Aim2,Tlr6,Usp50,Mefv"
GOBP_INOSITOL_PHOSPHATE_MEDIATED_SIGNALING,0.0706006322444679,0.182378919986095,0.170932335370056,0.476112216563138,1.32577024539137,55,"Edn1,Edn3,Hrh1,Chp2,Erbb3,Gpr62,Nrg1,Efhb,Nfatc4,Atp2b4"
GOBP_NEGATIVE_REGULATION_OF_CELL_GROWTH_INVOLVED_IN_CARDIAC_MUSCLE_CELL_DEVELOPMENT,0.0705289672544081,0.182378919986095,0.188204146308491,0.667720552603004,1.39934745515536,10,"Pi16,Rgs4"
GOBP_RETINOL_METABOLIC_PROCESS,0.0705882352941176,0.182378919986095,0.172324344900946,0.498674613046118,1.3534035381735,44,"Adh1,Aldh1a2,Cyp2d22,Cyp3a13,Pnlip,Lipe,Cyp1b1,Dhrs3,Aldh1a7,Aldh1a3"
GOBP_AUTONOMIC_NERVOUS_SYSTEM_DEVELOPMENT,0.0709745762711864,0.183250742123911,0.170932335370056,0.486755674573327,1.33889778348106,48,"Sox10,Hoxb2,Ednra,Sox8,Kif26a,Ret,Ackr3,Fn1,Trp63,Egr2"
GOBP_REGULATION_OF_HEXOKINASE_ACTIVITY,0.0711005634096331,0.183481792741389,0.287805130535564,-0.627150746053612,-1.70620798455858,11,"Gckr,Foxa2,Tigar,Cox11"
GOBP_MESONEPHROS_DEVELOPMENT,0.0711382113821138,0.183484755576135,0.166933848713193,0.431704276558763,1.27372327752819,99,"Hoxb7,Fgf1,Wnt4,Agt,Wnt6,Sox8,Agtr2,Foxd1,Foxc2,Ret"
GOBP_CD4_POSITIVE_OR_CD8_POSITIVE_ALPHA_BETA_T_CELL_LINEAGE_COMMITMENT,0.0711785297549592,0.183494599527272,0.179782316298324,0.572996339538248,1.39564428481051,22,"Il6,Batf,Il12rb1,Shh,Ly9,Il12b,Tox,Il6ra"
GOBP_RESPONSE_TO_LEAD_ION,0.0713436385255648,0.183825971741678,0.181383128498408,0.591757706442369,1.40290944659318,20,"Slc6a1,Ptgs2,Bace1,Mapt,Cpox,Plscr1"
GOBP_ANTIMICROBIAL_HUMORAL_IMMUNE_RESPONSE_MEDIATED_BY_ANTIMICROBIAL_PEPTIDE,0.0717213114754098,0.184704422534265,0.166933848713193,0.436235465238463,1.27067711850586,85,"Pglyrp1,Ccl11,Cxcl1,Cxcl2,Cxcl5,S100a9,Klk5,Cxcl10,Ppbp,Il17f"
GOBP_REGULATION_OF_ACTIN_FILAMENT_LENGTH,0.0721442885771543,0.185698586112317,0.16440575583821,0.407289011426493,1.23412706569992,156,"Ccl21a,Ccl11,Esam,Cdc42ep2,Daam2,Gsn,Csf3,Cxcl12,Vil1,Cdc42ep1"
GOBP_TRANSEPITHELIAL_TRANSPORT,0.0722222222222222,0.185804048675082,0.173747838999571,0.523215972828872,1.35911304968808,33,"Edn1,Abcb1a,Gpld1,P2ry4,Cftr,Best1,Rhbg,Rhcg,Slc1a1,Slc12a2"
GOBP_NEGATIVE_REGULATION_OF_T_CELL_PROLIFERATION,0.0723140495867769,0.185863306967754,0.166933848713193,0.455468303532018,1.29942522053819,66,"Lrrc32,Il2ra,Lgals9,Btn2a2,Havcr2,Pla2g2d,Vsir,Shh,Ctla4,Pla2g2f"
GOBP_REGULATION_OF_NATURAL_KILLER_CELL_DIFFERENTIATION,0.0723192019950125,0.185863306967754,0.184706471207739,0.673969434777934,1.44370131492859,11,"Pglyrp1,Tox,Il15,Axl,Rasgrp1,Gas6,Prdm1"
GOBP_ANDROGEN_METABOLIC_PROCESS,0.072463768115942,0.186139684373449,0.173747838999571,0.536173199921501,1.37924247041792,30,"Wnt4,Akr1d1,Hsd17b11,Cyp19a1,Esr1,Shh,Akr1c20"
GOBP_REGULATION_OF_BIOLOGICAL_PROCESS_INVOLVED_IN_SYMBIOTIC_INTERACTION,0.0726141078838174,0.186430602825307,0.166933848713193,0.460659536571757,1.30844686324087,63,"Trim12c,Trim34a,Gsn,Ch25h,Trim5,Cxcl5,Ifitm1,Lgals9,Trim6,Triml2"
GOBP_REGULATION_OF_MUSCLE_ADAPTATION,0.0729701952723536,0.187153658997001,0.165656695205483,0.445794603480199,1.29265141704307,77,"Edn1,Pi16,Nos3,Agt,Mlip,Tnfrsf1b,Tnni1,Errfi1,Rgs4,Prkag3"
GOBP_UTERUS_DEVELOPMENT,0.0729411764705882,0.187153658997001,0.178219874951973,0.583630207363627,1.39990760999533,21,"Foxl2,Cyp19a1,Esr1,Cdkn1c,Wnt9b,Myocd,Wnt5a,Wnt7a,Gata3,Hoxa10"
GOBP_2_OXOGLUTARATE_METABOLIC_PROCESS,0.0730581671457551,0.187283735972316,0.287805130535564,-0.482056026390889,-1.45586186151245,17,"Aadat,Idh2,L2hgdh,Got1,Idh3b,Dlst,Tat,Got2,Mrps36"
GOBP_POSITIVE_REGULATION_OF_PROTEIN_MATURATION,0.0731158605174353,0.187336101335957,0.173747838999571,0.538888303160639,1.38222244432858,28,"Gsn,Cntn2,Clec3b,Angptl8,Tfr2,Nlrc4,Tnp1,Ccbe1,Spon1"
GOBP_CARDIAC_MUSCLE_CELL_ACTION_POTENTIAL,0.0732714138286894,0.187639020538371,0.165656695205483,0.450374287694055,1.29409727534036,71,"Kcna5,Kcnj8,Dsp,Ctnna3,Kcnq1,Gja5,Hcn2,Jup,Kcne4,Gjc1"
GOBP_ALANINE_TRANSPORT,0.0733173076923077,0.187660949984333,0.179782316298324,0.624813050316648,1.41960985202263,15,"Slc38a5,Slc36a2,Slc7a10,Slc6a14"
GOBP_STEROL_TRANSPORT,0.0734406438631791,0.18788097541995,0.163180127180689,0.423963972145537,1.26353602831213,116,"Lcat,Lipc,Pip4k2a,Pltp,Pnlip,Cftr,Ces1d,Pon1,Apoc1,Npc1"
GOBP_T_HELPER_17_CELL_LINEAGE_COMMITMENT,0.0738007380073801,0.188706159696388,0.181383128498408,0.648485686618938,1.42922443671765,13,"Il6,Batf,Il12rb1,Ly9,Il12b,Il6ra"
GOBP_NEGATIVE_REGULATION_OF_CAMP_DEPENDENT_PROTEIN_KINASE_ACTIVITY,0.0740293123095214,0.189194383823062,0.287805130535564,-0.60559463630501,-1.60266684107039,10,"Prkar2b,Prkar1b,Prkar2a,Pkib,Ppp1r1b,Sirt1"
GOBP_NEGATIVE_REGULATION_OF_MICROTUBULE_POLYMERIZATION_OR_DEPOLYMERIZATION,0.0740740740740741,0.18921258657031,0.169570644405628,0.501632719994473,1.33892104615229,40,"Tubb4a,Cdh5,Eml2,Map6d1,Inpp5j,Bmerb1,Clip3,Apc2,Mid1ip1"
GOBP_PURINE_CONTAINING_COMPOUND_CATABOLIC_PROCESS,0.0743099787685775,0.189640231893706,0.166933848713193,0.491507852989852,1.34634235489993,47,"Pde2a,Xdh,Enpp4,Pde8a,Gda,Pde4a,Nudt11,Pde4c,Pde4b,Nudt10"
GOBP_T_HELPER_17_TYPE_IMMUNE_RESPONSE,0.0743169398907104,0.189640231893706,0.169570644405628,0.505703982877062,1.33985720405337,38,"Il6,Batf,Arid5a,Il12rb1,Nfkbiz,Zc3h12a,Il27ra,Smad7,Ly9,Il12b"
GOBP_DEVELOPMENTAL_PIGMENTATION,0.0747144605549456,0.190365996547052,0.287805130535564,-0.331808655770657,-1.3487461467596,47,"Tyr,Tyrp1,Slc24a5,Oca2,Rab38,Mreg,Cited1,Kit,Gli3,Rab27a"
GOBP_ESTABLISHMENT_OF_PROTEIN_LOCALIZATION_TO_ENDOPLASMIC_RETICULUM,0.0748285675705141,0.190365996547052,0.287805130535564,-0.342728530631016,-1.28905782864673,37,"Ryr2,Get3,Sec61b,Srp68,Sec61g,Spcs3,Srp54a,Srp72,Srp19,Tram1"
GOBP_MINERALOCORTICOID_BIOSYNTHETIC_PROCESS,0.0748129675810474,0.190365996547052,0.181383128498408,0.670865658476279,1.43705275536977,11,"Wnt4,Dab2,Bmp5,Cyp21a1"
GOBP_POSITIVE_REGULATION_OF_ERBB_SIGNALING_PATHWAY,0.0748074807480748,0.190365996547052,0.169570644405628,0.508739585969818,1.3422285499736,37,"Tgfa,Adra2a,Agt,Afap1l2,Adora1,Plaur,Rtn4,Ncf1,Bcar3,Gper1"
GOBP_POSITIVE_REGULATION_OF_MULTICELLULAR_ORGANISM_GROWTH,0.0746934225195095,0.190365996547052,0.170932335370056,0.530328977305034,1.36420889537093,30,"Pls1,Ghrh,Csf1,Vil1,Gpr21,Foxs1"
GOBP_VASCULAR_ASSOCIATED_SMOOTH_MUSCLE_CELL_DEVELOPMENT,0.0748129675810474,0.190365996547052,0.181383128498408,0.670456056288408,1.43617535175662,11,"Eng,Ednra,Comp,Hey2,Ramp2,Hes1"
GOBP_POSITIVE_REGULATION_OF_PEPTIDYL_SERINE_PHOSPHORYLATION,0.0748987854251012,0.190448252064736,0.161978948883402,0.42224271716929,1.25207428161357,108,"Osm,Irgm2,Csf3,Ptgs2,Il6,Pak1,Ntrk3,Ret,Tgfb1,Trim6"
GOBP_FOLIC_ACID_CONTAINING_COMPOUND_METABOLIC_PROCESS,0.075177271301356,0.191059728428674,0.287805130535564,-0.36534534513709,-1.27669368968315,27,"Tyms,Shmt1,Gch1,Folr1,Dhfr,Mthfd2l,Shmt2,Mthfd2,Mthfr,Fpgs"
GOBP_CELLULAR_RESPONSE_TO_FOLLICLE_STIMULATING_HORMONE_STIMULUS,0.075682382133995,0.192149159084643,0.179782316298324,0.657412451175989,1.42758130544853,12,"Edn1,Ednra,Inhba,Plat"
GOBP_NEGATIVE_REGULATION_OF_RESPONSE_TO_DNA_DAMAGE_STIMULUS,0.0756718756646672,0.192149159084643,0.287805130535564,-0.287819189209654,-1.30190262926425,80,"Sfrp2,Fbxo5,Radx,Fancb,Ddias,Aunip,Parpbp,Bid,Rmi2,Dyrk3"
GOBP_CELLULAR_RESPONSE_TO_IONIZING_RADIATION,0.0757624094043183,0.19222688406182,0.287805130535564,-0.289574227465245,-1.24855309818389,74,"Sfrp2,Fignl1,Rad51ap1,Ect2,Rad51,Blm,Brca1,Bard1,Brca2,Chek2"
GOBP_REGULATION_OF_LAMELLIPODIUM_ORGANIZATION,0.0757894736842105,0.19222688406182,0.16440575583821,0.477141713307659,1.32137606042384,51,"Enpp2,Epha2,Plxnb3,Ocln,Vil1,Clrn1,Abi3,Pik3r1,Kank1"
GOBP_CHONDROCYTE_PROLIFERATION,0.0758459743290549,0.192273178493272,0.173747838999571,0.571124448169705,1.39108492847606,22,"Mustn1,Comp,Ccn2,Fgfr3,Smad7"
GOBP_SEROTONIN_UPTAKE,0.0760598503740648,0.192718179350012,0.179782316298324,0.669468017092914,1.43405888562013,11,"Itgb3,Slc22a3,Slc6a4,Gpm6b,Slc22a2,Snca"
GOBP_POSITIVE_REGULATION_OF_TRANSCRIPTION_ELONGATION_FROM_RNA_POLYMERASE_II_PROMOTER,0.0761766056657237,0.192916774146898,0.287805130535564,-0.447078007271247,-1.43978355536274,19,"Supt16,Tcerg1,Ell3,Ccnt1,Cdc73,Leo1,Ctnnb1,Cdk13,Cdk12,Brd4"
GOBP_PROTEIN_DESTABILIZATION,0.076271186440678,0.193059040401454,0.16440575583821,0.484293713738681,1.33212577428483,48,"Sox17,Gsn,Irgm2,Mndal,Ctsh,Capn3,Trim21,Irgm1,Prnp,Snca"
GOBP_ANIMAL_ORGAN_MATURATION,0.0764966740576497,0.193240593209952,0.16823816568964,0.520162572937549,1.3511703309652,32,"Aldh1a2,Sema4d,Ret,Zbtb16,Fgfr3,Phospho1,Ccdc154,Rflna,Dchs1,Gata3"
GOBP_GASTRULATION_WITH_MOUTH_FORMING_SECOND,0.0764302258230453,0.193240593209952,0.287805130535564,-0.400241647661623,-1.36241096086508,26,"Otx2,Foxa2,Lhx1,Gdf3,Rnf2"
GOBP_POSITIVE_REGULATION_OF_STEROID_BIOSYNTHETIC_PROCESS,0.0764705882352941,0.193240593209952,0.173747838999571,0.580544197826884,1.39250544304013,21,"Fgf1,Wnt4,Dab2,Il1a,Abcg1,Tnf,Cga,Nr1d1"
GOBP_TRANSITION_METAL_ION_HOMEOSTASIS,0.0763819095477387,0.193240593209952,0.159646701919906,0.416833658150799,1.24973244061484,127,"Trf,Epas1,S100a8,Lcn2,Cp,Heph,Slc39a12,Scara5,Slc6a9,Slc39a8"
GOBP_IN_UTERO_EMBRYONIC_DEVELOPMENT,0.0769230769230769,0.194220144496388,0.158514105424824,0.368831564969818,1.14760141148604,387,"Edn1,Sox17,Foxf1,Sox10,Tie1,Acvrl1,Tmem100,Epas1,Klf2,Tbx3"
GOBP_TRICARBOXYLIC_ACID_METABOLIC_PROCESS,0.0769714733190508,0.194244777296621,0.287805130535564,-0.545110089215264,-1.55611243797049,14,"Idh2,Idh3a,Idh3b,Idh3g,Ireb2,Aco2,Cs"
GOBP_ANTIGEN_PROCESSING_AND_PRESENTATION_OF_ENDOGENOUS_ANTIGEN,0.0770128354725788,0.194251642709811,0.172324344900946,0.570731246335497,1.39012720875811,22,"Azgp1,H2-T23,Tap2,Tapbp,H2-Q2,Hfe,H2-D1,Tap1,Erap1,H2-M3"
GOBP_IMPORT_INTO_CELL,0.0770770770770771,0.194316181778569,0.158514105424824,0.39028646414267,1.19597310315743,221,"Ace2,Itgb3,Slc6a20a,Slc6a1,Cltrn,Kcnj8,Abcc9,Kcnj16,Agt,Kcnq1"
GOBP_APPENDAGE_MORPHOGENESIS,0.0771543086172345,0.194413388179869,0.158514105424824,0.410401339430577,1.23551608718756,140,"Wnt3,Aldh1a2,Tbx3,Msx2,Col3a1,Dkk1,Twist1,Tbx2,Zbtb16,Dlx6"
GOBP_FACIAL_NERVE_MORPHOGENESIS,0.0773067331670823,0.194504978794256,0.178219874951973,0.666715058585802,1.4281618083766,11,"Hoxb2,Egr2,Six1,Hoxb1"
GOBP_NEGATIVE_REGULATION_OF_ADENYLATE_CYCLASE_ACTIVATING_G_PROTEIN_COUPLED_RECEPTOR_SIGNALING_PATHWAY,0.0773067331670823,0.194504978794256,0.178219874951973,0.665835538163904,1.42627779891849,11,"Aplp1,Mrap,Pde4b,Oprl1,Atp2b4,Arrdc3"
GOBP_REGULATION_OF_CHLORIDE_TRANSPORT,0.0773067331670823,0.194504978794256,0.178219874951973,0.66761635101065,1.43009245536405,11,"Atp8b1,Abcb1a,Cftr,Car2,Gabre,Prnp,Ptafr"
GOBP_MONOACYLGLYCEROL_METABOLIC_PROCESS,0.0774907749077491,0.194870497979617,0.176694268938498,0.64698950773899,1.42592694617769,13,"Mogat2,Faah,Pla2g4a,Abhd12"
GOBP_INCLUSION_BODY_ASSEMBLY,0.0776361529548088,0.195138470451912,0.170932335370056,0.562262363049303,1.3933881550688,24,"Hspa1a,Hspa1b,Dnaja4,Dnajb2,Hspa2,Mapt,Ubd"
GOBP_SEQUESTERING_OF_TRIGLYCERIDE,0.0778443113772455,0.195563894699357,0.173747838999571,0.598316681173136,1.40093970471857,18,"Cidea,Apoc4,Plin3,Plin5,Enpp1,Trem2,Tnf,Abhd5,Il1b"
GOBP_NEGATIVE_REGULATION_OF_PHOSPHORYLATION,0.0779220779220779,0.195630656579234,0.157402899305283,0.371681474101326,1.15425905413099,356,"Ptprb,Ceacam1,Eng,Prr5l,Nppa,Adora2a,Epha1,Irak3,Dbndd2,Dkk1"
GOBP_PROTEIN_O_LINKED_GLYCOSYLATION,0.077948717948718,0.195630656579234,0.159646701919906,0.435092578534259,1.26759764651613,86,"Galnt6,B3gnt3,B3gnt6,St8sia6,Galnt5,Tmtc1,Plod1,Gcnt3,Chst4,Tmtc2"
GOBP_BONE_TRABECULA_FORMATION,0.0780856423173804,0.195778814927417,0.178219874951973,0.65826094876574,1.37952288557329,10,"Col1a1,Chad,Msx2"
GOBP_CELLULAR_RESPONSE_TO_MINERALOCORTICOID_STIMULUS,0.0780856423173804,0.195778814927417,0.178219874951973,0.658164473213489,1.37932070096477,10,"Edn1,Gper1,Sgk1"
GOBP_HISTAMINE_TRANSPORT,0.078125,0.195779847956132,0.173747838999571,0.621388995081668,1.411830208907,15,"Edn1,Pla2g3,Slc22a3,Btk,Lyn,Slc22a2"
GOBP_INTERFERON_GAMMA_MEDIATED_SIGNALING_PATHWAY,0.0782312925170068,0.195948533872941,0.16823816568964,0.546575185331663,1.38270730182465,26,"Sp100,Irgm2,Irf1,Hpx,Otop1,Txk,Irgm1,Stat1,Parp9"
GOBP_STRIATED_MUSCLE_CELL_PROLIFERATION,0.0783699059561129,0.196197966753675,0.160801401070022,0.461667789557968,1.30247670063997,60,"Gata6,Tbx2,Wnt2,Foxc2,Kcnk2,Foxc1,Ephb1,Hey2,Nog,Tbx5"
GOBP_I_KAPPAB_PHOSPHORYLATION,0.0784780023781213,0.196370790420516,0.172324344900946,0.580870384558914,1.37709833073932,20,"Tlr3,Tlr4,Tlr9,Tlr7,Tlr2,Cx3cr1,Tnf,Ikbke,Cx3cl1,Ddrgk1"
GOBP_POSITIVE_REGULATION_OF_PATTERN_RECOGNITION_RECEPTOR_SIGNALING_PATHWAY,0.0787234042553192,0.196886842383826,0.161978948883402,0.491852507855803,1.34185068586256,45,"Hspa1a,Hspa1b,Ddx60,Tlr3,Tlr4,Tlr1,Lbp,Rsad2,Rtn4,Tlr9"
GOBP_DEADENYLATION_DEPENDENT_DECAPPING_OF_NUCLEAR_TRANSCRIBED_MRNA,0.0788836466149739,0.196986618076373,0.287805130535564,-0.598398732398574,-1.58362334911885,10,"Cnot7,Eif4enif1,Lsm1,Dcp2,Dcps,Patl1,Noct,Dcp1a"
GOBP_EMBRYONIC_PLACENTA_DEVELOPMENT,0.0788934426229508,0.196986618076373,0.158514105424824,0.432838866505607,1.26197369675987,87,"Epas1,Socs3,Gjb5,Wnt2,Wnt7b,Nodal,Gata2,Krt19,Bmp5,Junb"
GOBP_INTERMEDIATE_FILAMENT_BASED_PROCESS,0.078920041536864,0.196986618076373,0.159646701919906,0.452927986177295,1.2881128975384,65,"Dsp,Synm,Tchh,Des,Krt31,Krt19,Shh,Krt9,Krt6b,Krt32"
GOBP_LAMELLIPODIUM_ORGANIZATION,0.0788934426229508,0.196986618076373,0.158514105424824,0.432439425824071,1.26080909793911,87,"Enpp2,Epha2,Plxnb3,Ablim2,S1pr1,Ocln,Vil1,Clrn1,Ablim3,P2ry12"
GOBP_GAS_TRANSPORT,0.0790419161676647,0.197192909466427,0.172324344900946,0.606976545631291,1.40727636061548,17,"Aqp4,Hbb-y,Car2,Hbb-bt,Hba-x,Myc,Hba-a2,Hba-a1,Hbq1b,Ngb"
GOBP_LUTEINIZATION,0.0794044665012407,0.197704929718542,0.175204047558551,0.651200846154674,1.41409270907437,12,"A2m,Inhba,Ptprn,Pdgfra,Nr5a1,Fzd4,Retn"
GOBP_LUTEINIZING_HORMONE_SECRETION,0.0793450881612091,0.197704929718542,0.176694268938498,0.657761960533905,1.37847715183086,10,"Tbx3,Foxl2,Foxd1,Kiss1,Oprk1,Cga,Tacr2"
GOBP_MDA_5_SIGNALING_PATHWAY,0.0794044665012407,0.197704929718542,0.175204047558551,0.651189403336969,1.41406786081875,12,"Ifih1,Ddx60,Irf7,Oas3"
GOBP_REGULATION_OF_MONOCYTE_CHEMOTAXIS,0.0793650793650794,0.197704929718542,0.166933848713193,0.545114407254916,1.37901187516192,26,"Cxcl12,Dusp1,S100a14,Cxcl17,Ccl5,Ccr1,Cxcl10,Serpine1,Lyn,Cx3cr1"
GOBP_POSITIVE_REGULATION_OF_RESPONSE_TO_WOUNDING,0.0795454545454545,0.197957920792079,0.158514105424824,0.450735261029696,1.28592211889599,66,"Adra2a,Tbxa2r,Thbd,Enpp4,Ocln,Scarf1,Foxc2,Vtn,Mdk,Plpp3"
GOBP_ANION_TRANSMEMBRANE_TRANSPORT,0.0799200799200799,0.198181789510203,0.155241966228839,0.38628560190684,1.19095985515266,247,"Ace2,Slc38a5,Slc22a8,Slc13a3,Slc26a3,Slc6a20a,Slc6a1,Slc13a5,Cltrn,Agt"
GOBP_CHOLESTEROL_CATABOLIC_PROCESS,0.0798004987531172,0.198181789510203,0.175204047558551,0.662400657816946,1.41891998561475,11,"Cyp27a1,Scarf1,Akr1d1,Cyp39a1,Mt3,Cyp46a1,Apoe"
GOBP_DNA_LIGATION,0.0797904939256768,0.198181789510203,0.287805130535564,-0.484935546900517,-1.41907405291352,16,"Top2a,Rad51,Lig1,Hmgb1,Nhej1"
GOBP_NEGATIVE_REGULATION_OF_G_PROTEIN_COUPLED_RECEPTOR_SIGNALING_PATHWAY,0.0799158780231335,0.198181789510203,0.159646701919906,0.473146600229654,1.31517825543651,53,"Aplnr,Aplp1,Htr1b,Mrap,Apln,Gipr,Rgs4,Ccl5,Pde4b,Arrb1"
GOBP_POSITIVE_REGULATION_OF_NATURAL_KILLER_CELL_ACTIVATION,0.0797752808988764,0.198181789510203,0.165656695205483,0.531844822197362,1.36273776724969,29,"Il18,H2-T23,Il12b,Tox,Il15,Axl,H2-Q2,Ticam1,Klrc2,Rasgrp1"
GOBP_PRIMARY_ALCOHOL_BIOSYNTHETIC_PROCESS,0.0799507995079951,0.198181789510203,0.173747838999571,0.645604075847316,1.4228735355075,13,"Wnt4,Dab2,Bmp5"
GOBP_SYNAPSE_PRUNING,0.0798004987531172,0.198181789510203,0.175204047558551,0.663933612781296,1.42220370885731,11,"C3,Dkk1,Cx3cr1,Trem2,Itgam,Cdk5,Cx3cl1"
GOBP_T_CELL_LINEAGE_COMMITMENT,0.0798650168728909,0.198181789510203,0.165656695205483,0.534582622811549,1.37117858239706,28,"Il6,Batf,Foxn1,Il12rb1,Shh,Ly9,Il12b,Tox,Il6ra,Il7"
GOBP_CELLULAR_RESPONSE_TO_LEUCINE_STARVATION,0.0803561562578471,0.199015279455171,0.287805130535564,-0.616396642659013,-1.67695068526635,11,"Rragd,Sesn1,Rragb,Gcn1,Eif2ak4,Atf2"
GOBP_REGULATION_OF_PHAGOCYTOSIS,0.0803662258392675,0.199015279455171,0.156312403073186,0.430997280338915,1.26463782263348,92,"C3,Il2rg,Tgm2,Gata2,Colec11,Syt11,Dysf,Ccl2,Cd300lf,C2"
GOBP_ARF_PROTEIN_SIGNAL_TRANSDUCTION,0.0808561236623068,0.200088647211126,0.169570644405628,0.57934476659934,1.37348147231217,20,"Psd2,Cyth4,Iqsec1,Psd3,Mapre2,Iqsec3,Cyth1,Iqsec2"
GOBP_HORMONE_TRANSPORT,0.0809190809190809,0.200088647211126,0.154190966581424,0.377813558193623,1.16946363293352,294,"Edn1,Edn3,Kcna5,Slco1c1,Adra2a,Nkx6-1,Pla2g3,Osm,Tbx3,Cltrn"
GOBP_NEGATIVE_REGULATION_OF_CD4_POSITIVE_ALPHA_BETA_T_CELL_ACTIVATION,0.0808988764044944,0.200088647211126,0.16440575583821,0.530671631094777,1.35973171782143,29,"Lgals9,Jak3,Zc3h12a,Hlx,Vsir,Smad7,Il4ra,Tarm1,Il4,Xcl1"
GOBP_ACIDIC_AMINO_ACID_TRANSPORT,0.0809968847352025,0.200091891891892,0.157402899305283,0.458392013266458,1.29780719028774,62,"Slc6a1,Adora2a,Kcnj10,Slc25a18,Adora1,Grm7,Apba1,Npy5r,Kmo,Slc1a1"
GOBP_IMPORT_ACROSS_PLASMA_MEMBRANE,0.081,0.200091891891892,0.154190966581424,0.399919518123095,1.21456401916972,171,"Ace2,Slc6a20a,Slc6a1,Cltrn,Kcnj8,Abcc9,Kcnj16,Agt,Kcnq1,Kcnj10"
GOBP_SPERMATID_DIFFERENTIATION,0.0810810810810811,0.200193808739978,0.154190966581424,0.398490561249335,1.20933653604627,172,"Drc7,Pla2g3,Slc26a3,Zmynd15,Ttc12,Septin4,Cfap44,Ttc21a,Dpy19l2,Spef2"
GOBP_CARDIAC_NEURAL_CREST_CELL_DEVELOPMENT_INVOLVED_IN_OUTFLOW_TRACT_MORPHOGENESIS,0.0811808118081181,0.200243346888817,0.172324344900946,0.641140730472424,1.41303658395878,13,"Edn1,Eng,Twist1,Ednra"
GOBP_NEGATIVE_REGULATION_OF_NITRIC_OXIDE_METABOLIC_PROCESS,0.0811808118081181,0.200243346888817,0.172324344900946,0.641350048818321,1.41349790932214,13,"Cd34,Ptgis,Zc3h12a,Atp2b4,Cav1,Il10"
GOBP_STEROL_HOMEOSTASIS,0.0816326530612245,0.201259120617349,0.155241966228839,0.435695792188242,1.26914022587475,82,"Lcat,Lipc,Il18,Gpihbp1,Mall,Ces1d,Nr1h4,Malrd1,Npc1,Fabp4"
GOBP_MEMBRANE_PROTEIN_ECTODOMAIN_PROTEOLYSIS,0.0817409766454352,0.20142739686108,0.158514105424824,0.488895880070841,1.33723994733801,46,"Adra2a,Timp4,Gpld1,Tnfrsf1b,Rgma,Pacsin3,Bace1,Bace2,Timp3,Adam19"
GOBP_VESICLE_FUSION_TO_PLASMA_MEMBRANE,0.0818217096993952,0.201527552503116,0.287805130535564,-0.410158027028769,-1.38301677166192,22,"Cplx3,Snap25,Cplx1,Syt1,Cplx2,Stxbp1"
GOBP_OVARIAN_FOLLICLE_DEVELOPMENT,0.0819327731092437,0.201702277384999,0.157402899305283,0.466629044702481,1.304919510995,57,"Foxl2,Inhba,Kdr,Pcyt1b,Tnfaip6,Zp3,Foxc1,Lhcgr,Esr1,Bcl2l1"
GOBP_NEGATIVE_REGULATION_OF_MUSCLE_HYPERTROPHY,0.0820224719101124,0.201781380380732,0.163180127180689,0.529863358272227,1.35766069286159,29,"Pi16,Mlip,Tnfrsf1b,Errfi1,Rgs4,Igfbp5,Atp2b4,Foxo1,P2rx4"
GOBP_NEGATIVE_REGULATION_OF_SYSTEMIC_ARTERIAL_BLOOD_PRESSURE,0.0820451843043995,0.201781380380732,0.16823816568964,0.577612344203652,1.36937433231561,20,"Nppa,Nppb,Kcnk6,Agtr2,Adora1,Kl,Tnf,Trpv1,Gpr37l1,Ntsr1"
GOBP_ERROR_PRONE_TRANSLESION_SYNTHESIS,0.0821198709742748,0.201866303857056,0.287805130535564,-0.596561091891085,-1.57876015296319,10,"Pole2,Pold3,Pold2,Rev1,Rev3l,Primpol,Polh,Mad2l2"
GOBP_POSITIVE_REGULATION_OF_PROTEIN_DEPHOSPHORYLATION,0.0823529411764706,0.202340290955092,0.158514105424824,0.491715037081533,1.33451524009648,44,"Ppp1r16b,Cdh5,Agtr2,Adora1,Tgfb1,Dlc1,Ppp1r15a,Gna12,Itga1"
GOBP_FAT_SOLUBLE_VITAMIN_METABOLIC_PROCESS,0.082441113490364,0.202457976314636,0.158514105424824,0.496189829687879,1.34170467201643,43,"Aldh1a2,Snai2,Cyp4f14,Cyp26c1,Cyp27a1,Pltp,Rbp1,Snai1,Cyp4f18,Cyp26b1"
GOBP_ENTERIC_NERVOUS_SYSTEM_DEVELOPMENT,0.0829326923076923,0.203367143527205,0.16823816568964,0.617138810372874,1.40217355387641,15,"Sox10,Ednra,Sox8,Kif26a,Ret,Hlx"
GOBP_NEGATIVE_REGULATION_OF_WNT_SIGNALING_PATHWAY,0.0829170829170829,0.203367143527205,0.152144922367565,0.398472599486915,1.21110963891291,164,"Sox17,Sox10,Snai2,Dkk1,Dkk2,Igfbp6,Dab2,Apcdd1,Tle6,Sox13"
GOBP_POSITIVE_REGULATION_OF_HOMOTYPIC_CELL_CELL_ADHESION,0.0829326923076923,0.203367143527205,0.16823816568964,0.61673688886001,1.40126036594106,15,"Il6,F11r,Plaur,Ccl5,Tnfsf11,Ctsg,Il6st,Emilin2"
GOBP_NEGATIVE_REGULATION_OF_PEPTIDYL_TYROSINE_PHOSPHORYLATION,0.0830704521556257,0.203605637731024,0.156312403073186,0.471867797486628,1.31162364137016,53,"Gprc5a,Sema4d,Cadm4,Socs3,Prkcz,Srcin1,Cblc,Errfi1,Thy1,Ptk6"
GOBP_KIDNEY_EPITHELIUM_DEVELOPMENT,0.0831663326653307,0.203642062498109,0.152144922367565,0.40854441705922,1.22992580947148,140,"Hoxb7,Fgf1,Pecam1,Cd34,Wnt4,Agt,Wnt6,Ednra,Sox8,Agtr2"
GOBP_REGULATION_OF_TOLL_LIKE_RECEPTOR_2_SIGNALING_PATHWAY,0.0831265508684863,0.203642062498109,0.170932335370056,0.646140535851117,1.40310416698606,12,"Tlr1,Acod1,Tnfaip3,Nod2,Lyn,Trem2,Tlr6"
GOBP_POSITIVE_REGULATION_OF_FAT_CELL_DIFFERENTIATION,0.0833333333333333,0.203951639078221,0.155241966228839,0.455193907530549,1.29164500150217,64,"Rarres2,Zfp36,Snai2,Htr2a,Ptgs2,Cds1,Sox13,Zbtb16,Ccdc3,Zc3h12a"
GOBP_NEGATIVE_REGULATION_OF_CALCIUM_ION_IMPORT,0.0835411471321696,0.204261355366448,0.170932335370056,0.65945731403689,1.4126150865106,11,"Pln,Sln,Semg1,Slc30a1,Hes1"
GOBP_POSITIVE_REGULATION_OF_CELL_MIGRATION_INVOLVED_IN_SPROUTING_ANGIOGENESIS,0.0835294117647059,0.204261355366448,0.165656695205483,0.573766512227973,1.37624834474679,21,"Ptgs2,Rhoj,Kdr,Foxc2,Gata2,Srpx2,Jcad,Plk2,Nrp1,Fgf2"
GOBP_MOLTING_CYCLE,0.0836693548387097,0.204475375194066,0.152144922367565,0.416914386193901,1.24037293363194,112,"Fa2h,Foxq1,Msx2,Dkk1,Ptgs2,Inhba,Foxn1,Krt83,Apcdd1,Ldb2"
GOBP_REGULATION_OF_CYCLASE_ACTIVITY,0.0837338016983316,0.204533440785963,0.287805130535564,-0.314191930019474,-1.28314224753869,51,"Rcvrn,Galr1,Guca1a,Hpca,Guca1b,Npr3,Akap5,Rd3,Ccr2"
GOBP_NEGATIVE_REGULATION_OF_INTERLEUKIN_8_PRODUCTION,0.0838323353293413,0.204652876548554,0.166933848713193,0.593697085075043,1.39012306564226,18,"Klf4,Otud7b,Tlr9,Arrb1,Bcl3,Tlr6,Il10,Tmsb4x,Anxa1,Bpi"
GOBP_ORGAN_OR_TISSUE_SPECIFIC_IMMUNE_RESPONSE,0.083864118895966,0.204652876548554,0.156312403073186,0.486973686125648,1.33198231552964,46,"Il6,Otud7b,Nos2,Ear6,Bpifb1,Nod2,Il4,Il6ra,Ifnlr1,Ffar2"
GOBP_NEGATIVE_REGULATION_OF_LIPID_LOCALIZATION,0.0840425531914894,0.204790070234424,0.156312403073186,0.48680511881618,1.32808061793272,45,"Itgb3,Cyp4f14,Il6,Ces1d,Thbs1,Apoc1,Shh,Nfkbia,Cyp4f15,Abca2"
GOBP_POSITIVE_REGULATION_OF_MONOCYTE_CHEMOTAXIS,0.0840336134453782,0.204790070234424,0.166933848713193,0.589267343810972,1.38556481434875,19,"Cxcl12,S100a14,Cxcl17,Ccl5,Ccr1,Cxcl10,Serpine1,Cx3cr1"
GOBP_REGULATION_OF_NUCLEOTIDE_BIOSYNTHETIC_PROCESS,0.0839796285253343,0.204790070234424,0.287805130535564,-0.335652079236975,-1.23882145263419,36,"Rcvrn,Guca1a,Hpca,Guca1b,Ppargc1a"
GOBP_POSITIVE_REGULATION_OF_MAST_CELL_ACTIVATION_INVOLVED_IN_IMMUNE_RESPONSE,0.0841346153846154,0.204915073419797,0.166933848713193,0.615690750553308,1.39888348177383,15,"Pla2g3,Gata2,Gab2,Il4ra,Il4,Adora2b,Il13"
GOBP_NEGATIVE_REGULATION_OF_LEUKOCYTE_DEGRANULATION,0.0845410628019324,0.205721874560284,0.166933848713193,0.605105079775513,1.38698992426311,16,"Foxf1,Ceacam1,Il13ra2,Lgals9,H2-Q2,Fcgr2b,Bcr,Cd84,H2-M3,H2-Q1"
GOBP_POSITIVE_REGULATION_OF_INTERLEUKIN_4_PRODUCTION,0.0845886442641947,0.205721874560284,0.163180127180689,0.559050788705553,1.38542929112237,24,"Lgals9,Prkcz,Zp3,H2-T23,Havcr2,Cd3e,Il1rap,Nlrp3,Epx,Gata3"
GOBP_PRENYLATION,0.0845718476582678,0.205721874560284,0.287805130535564,-0.543964973783223,-1.50266217277363,12,"Aipl1,Rabggta,Chml,Rabggtb"
GOBP_POSITIVE_REGULATION_OF_STEROL_TRANSPORT,0.0847084708470847,0.20591367647403,0.158514105424824,0.502451843388285,1.32563934040436,37,"Pltp,Ces1d,Pon1,Ldlrap1,Nfkbia,Eepd1,Abca8b,Lipg,Abcg1,Cav1"
GOBP_REGULATION_OF_CELL_SIZE,0.0849150849150849,0.206316158466956,0.150169802128406,0.39726977634215,1.20715120802765,177,"Mag,Edn1,Nkx6-1,Wnt3,Lpar3,Cxcl12,Aqp4,Sema4d,Sctr,Sema7a"
GOBP_NEGATIVE_REGULATION_OF_GLYCOPROTEIN_METABOLIC_PROCESS,0.0850299401197605,0.206495414967167,0.165656695205483,0.599163849083581,1.3891626077145,17,"Acer2,Jak3,Itm2c,Slc2a10,Itm2a,Bace2,Mgat4d,Itm2b"
GOBP_POSITIVE_REGULATION_OF_ACTIN_CYTOSKELETON_REORGANIZATION,0.085234093637455,0.20689125481192,0.165656695205483,0.587441368416085,1.38127133485155,19,"Tek,Csf3,Ntrk3,Stap1,Fes,Hcls1,Bcas3,Nrp1,Cdk5"
GOBP_NEGATIVE_REGULATION_OF_CENTROSOME_DUPLICATION,0.0854046658132458,0.207107078134575,0.287805130535564,-0.606210596207505,-1.64923882508599,11,"Ccnf,Mdm1,Brca1,Npm1,Rbm14,Nubp1"
GOBP_O_GLYCAN_PROCESSING,0.0854054054054054,0.207107078134575,0.156312403073186,0.494255841537161,1.32860714626014,41,"Galnt6,B3gnt3,B3gnt6,Galnt5,Gcnt3,Chst4,Galnt15,Galnt10,Galnt13,Galnt3"
GOBP_STEM_CELL_DIVISION,0.0854893138357705,0.207210598193066,0.159646701919906,0.528791520326429,1.35632468450135,28,"Sox17,Hoxb4,Lbh,Zbtb16"
GOBP_COMPLEMENT_RECEPTOR_MEDIATED_SIGNALING_PATHWAY,0.0856079404466501,0.207398128494125,0.16823816568964,0.645654535801685,1.40204881036211,12,"Gpld1,C5ar2,C5ar1,Cmklr1,Gpr33,C3ar1,Fpr3,Fpr-rs6,Fpr2"
GOBP_AMELOGENESIS,0.0857142857142857,0.207555739058629,0.160801401070022,0.548533195430239,1.37271634019779,25,"Dmp1,Msx2,Fam20a,Klk4,Cftr,Klk5,Amelx"
GOBP_CARDIAC_MUSCLE_CELL_MEMBRANE_REPOLARIZATION,0.0859030837004405,0.207739350596493,0.157402899305283,0.503065666343615,1.3210684898177,35,"Kcna5,Nppa,Kcnj8,Kcnq1,Gja5,Kcne4,Scn4b,Kcnj2,Scn1b"
GOBP_CELL_CELL_SIGNALING_BY_WNT,0.0859140859140859,0.207739350596493,0.149207542435322,0.36288521497937,1.13148266345998,431,"Edn1,Sox17,Sox10,Wnt3,Wnt4,Daam2,Col1a1,Dcdc2a,Snai2,Dkk1"
GOBP_ONE_CARBON_METABOLIC_PROCESS,0.0858778594940841,0.207739350596493,0.287805130535564,-0.341903745477816,-1.30359849315713,38,"Car6,Gnmt,Tyms,Shmt1,Car12,Car8,Dhfr,Mthfd2l,Shmt2,Sfxn1"
GOBP_CLATHRIN_DEPENDENT_ENDOCYTOSIS,0.0859872611464968,0.2078163277805,0.154190966581424,0.484066701035046,1.32403105893712,46,"Dab2,Slc9b2,Btbd8,Sh3gl3,Fcho1,Ap2a1,Sgip1,Hip1r,Siglec1,Lmbrd1"
GOBP_CELLULAR_IRON_ION_HOMEOSTASIS,0.0860995850622407,0.207987801109026,0.152144922367565,0.453035133863809,1.28679068331775,63,"Trf,Lcn2,Cp,Heph,Scara5,Slc6a9,Slc39a8,Tfr2,Hpx,Myc"
GOBP_CERAMIDE_CATABOLIC_PROCESS,0.0862275449101797,0.208196862758633,0.16440575583821,0.590192607228406,1.38191744090515,18,"Asah2,Neu4,Acer2"
GOBP_EMBRYONIC_HEART_TUBE_MORPHOGENESIS,0.0867768595041322,0.209411091406845,0.151148761385484,0.443267428453925,1.27291504207225,70,"Sox17,Aplnr,Eng,Tbx3,Tbx2,Nodal,Sox18,Shh,Tgfbr2,Asb2"
GOBP_GOLGI_LOCALIZATION,0.0868137486556327,0.209411091406845,0.287805130535564,-0.514502515194505,-1.44725567852675,13,"Dab1,Copg1,Arcn1,Stk11,Ywhaz,Arhgap21,Stk25"
GOBP_MYOBLAST_DIFFERENTIATION,0.0870901639344262,0.209659742576781,0.150169802128406,0.430339299996157,1.25350262707327,85,"Cmtm5,Epas1,Tmem182,Tbx3,Sox8,Tbx2,Ranbp3l,Il18,Capn3,Tgfb1"
GOBP_NEGATIVE_REGULATION_OF_MUSCLE_CELL_APOPTOTIC_PROCESS,0.0870044052863436,0.209659742576781,0.156312403073186,0.501041622414013,1.31575327783585,35,"Edn1,Alox12,Gria4,Mdk,Zc3h12a,Hey2,Apoh,Ptk2b,Myocd"
GOBP_NUCLEAR_TRANSCRIBED_MRNA_POLY_A_TAIL_SHORTENING,0.087121732775895,0.209659742576781,0.287805130535564,-0.35711179967173,-1.2651099867063,28,"Ago2,Pnldc1,Cnot1,Cnot7,Cnot2,Eif4enif1,Pabpc1,Cnot6,Tut4,Pan2"
GOBP_POSITIVE_THYMIC_T_CELL_SELECTION,0.0871670702179177,0.209659742576781,0.16440575583821,0.621243467790821,1.39308362776975,14,"Foxn1,Zap70,Cd3e,Shh,Tox,Dock2"
GOBP_PROTEIN_NITROSYLATION,0.0871670702179177,0.209659742576781,0.16440575583821,0.618530000314098,1.3869989165216,14,"S100a8,S100a9,Nos2,Atp2b4"
GOBP_REGULATION_OF_ORGAN_GROWTH,0.0870901639344262,0.209659742576781,0.150169802128406,0.430199117214996,1.25309429930851,85,"Edn1,Pi16,Gata6,Tbx2,Wnt2,Foxc2,Kcnk2,Foxc1,Rgs4,Hey2"
GOBP_REGULATION_OF_PLATELET_AGGREGATION,0.0877390326209224,0.210934537056613,0.157402899305283,0.527221902245595,1.35229869000931,28,"Ceacam1,Il6,Alox12,F11r,C1qtnf1,Ctsg,Lyn,Il6st,Emilin2,Abat"
GOBP_LONG_TERM_SYNAPTIC_DEPRESSION,0.0880713489409142,0.211632251972264,0.156312403073186,0.521052959921725,1.34034743207275,30,"Cd38,Ager,Adora1,Slc24a2,Grid2,Mapt,Ptk2b,Arc,Sorcs2,Gria1"
GOBP_CARTILAGE_MORPHOGENESIS,0.0881612090680101,0.211645844309879,0.166933848713193,0.652800574487155,1.36807953427738,10,"Hoxa5,Snai2,Wnt7b,Matn1,Snai1"
GOBP_TRACHEA_MORPHOGENESIS,0.0881612090680101,0.211645844309879,0.166933848713193,0.653550301739966,1.3696507438488,10,"Hoxa5,Wnt7b,Shh,Tgfbr2"
GOBP_REGULATION_OF_MUSCLE_HYPERTROPHY,0.0882352941176471,0.211722588796855,0.151148761385484,0.464710376524081,1.29882001065808,56,"Edn1,Pi16,Agt,Mlip,Tnfrsf1b,Errfi1,Rgs4,Igfbp5,Atp2b4,Foxo1"
GOBP_INFLAMMATORY_RESPONSE_TO_ANTIGENIC_STIMULUS,0.0882956878850103,0.211743078966648,0.149207542435322,0.443240731804234,1.27672469916443,72,"C3,A2m,Il2ra,Cysltr1,Il25,Zp3,H2-T23,Pla2g2d,Il1rn,Pnma1"
GOBP_REGULATION_OF_MICROTUBULE_BASED_MOVEMENT,0.0883280757097792,0.211743078966648,0.151148761385484,0.466017092912264,1.2953607760522,53,"Cfap45,Rsph4a,Ttll6,Drc1,Gas2l2,Cfap43,Cfap206,Fez1,Odad2,Catsper1"
GOBP_SPERM_CAPACITATION,0.0884353741496599,0.211899249690343,0.157402899305283,0.540666729179428,1.36776029053791,26,"Slc26a3,Cftr,Slc22a14,Catsper3,Ropn1,Catsper2,Semg1,Catsperd,Ccr6,Defb1"
GOBP_ORGANELLE_INHERITANCE,0.0885972348374284,0.212185945463436,0.287805130535564,-0.527434516086428,-1.52118993119826,15,"Plk5,Cdk1,Vrk1"
GOBP_NEGATIVE_REGULATION_OF_RESPONSE_TO_FOOD,0.0887212496153243,0.212381772293445,0.287805130535564,-0.599105563167222,-1.6299090799168,11,"Cartpt,Lep,Spx,Ghsr,Mkks,Nucb2"
GOBP_POSITIVE_REGULATION_OF_TYROSINE_PHOSPHORYLATION_OF_STAT_PROTEIN,0.0888429752066116,0.212571935441997,0.149207542435322,0.442270904517276,1.27005336032593,70,"Osm,Il6,Cd40,Il18,Fgfr3,Hpx,Ccl5,Il12b,Ptk6,Tnfrsf18"
GOBP_GLYCEROLIPID_BIOSYNTHETIC_PROCESS,0.0889110889110889,0.212633703118955,0.14641623786055,0.383101710697991,1.18098633413804,246,"C3,Lcat,Bmx,Agmo,Pigz,Htr2a,Pld1,Pld2,Cds1,Lpcat2"
GOBP_NEGATIVE_REGULATION_OF_PROTEIN_TYROSINE_KINASE_ACTIVITY,0.0889877641824249,0.212715877577294,0.155241966228839,0.518971452181911,1.33924483745133,31,"Gprc5a,Srcin1,Cblc,Errfi1,Thy1,Ptk6,Sh3bp5,Cav1"
GOBP_GLIAL_CELL_PROLIFERATION,0.0892274211099021,0.213187379239295,0.153158808683073,0.49709178230158,1.32251801601369,39,"Sox10,Il34,Prkch,Il6,Csf1,Lepr,Plag1,Myc,Lgi4,Ptk2b"
GOBP_CHOLESTEROL_EFFLUX,0.0893796004206099,0.213446169155657,0.150169802128406,0.465791659633513,1.29473415219794,53,"Pltp,Ces1d,Pon1,Apoc1,Npc1,Shh,Nfkbia,Eepd1,Abca8b,Abca2"
GOBP_HEPOXILIN_METABOLIC_PROCESS,0.0894206549118388,0.213446169155657,0.165656695205483,0.652284295185077,1.3669975634968,10,"Gstm7,Alox12,Alox5,Gstm2,Gstp2,Gstp1"
GOBP_ANTIGEN_PROCESSING_AND_PRESENTATION_OF_PEPTIDE_ANTIGEN,0.0895679662802951,0.213696329611316,0.150169802128406,0.467213697947329,1.30022223733403,54,"Azgp1,H2-T23,Mfsd6,Ctse,Tap2,Tapbpl,Tapbp,Mr1,Trem2,Ctss"
GOBP_AUDITORY_RECEPTOR_CELL_MORPHOGENESIS,0.0898203592814371,0.214196843504642,0.160801401070022,0.596055990898082,1.38195703216455,17,"Pls1,Clrn2,Pdzd7,Clrn1,Cdh23"
GOBP_MAMMARY_GLAND_ALVEOLUS_DEVELOPMENT,0.0900360144057623,0.214304471788716,0.160801401070022,0.585189010952369,1.37597528835612,19,"Foxf1,Tgfa,Hoxa5,Foxb1,Esr1,Tnfsf11"
GOBP_REGULATION_OF_CANONICAL_WNT_SIGNALING_PATHWAY,0.0899100899100899,0.214304471788716,0.14551614609036,0.384449934012094,1.18522420728982,243,"Sox17,Sox10,Daam2,Col1a1,Snai2,Dkk1,Dkk2,Sox7,Gpc5,Igfbp6"
GOBP_SEROTONIN_TRANSPORT,0.0900360144057623,0.214304471788716,0.160801401070022,0.585298450969643,1.37623261847769,19,"Itgb3,Htr1b,Slc22a3,Slc6a4,Htr1a,Gpm6b,P2rx1,Slc22a2,Snca"
GOBP_XENOBIOTIC_TRANSPORT,0.0900109769484084,0.214304471788716,0.153158808683073,0.497641127262591,1.31112795169929,36,"Atp8b1,Slc22a18,Abcb1a,Slc22a3,Slc17a3,Abca8b,Slc22a4,Gm10768,Slc22a2,Slc2a1"
GOBP_NEGATIVE_REGULATION_OF_ENDOTHELIAL_CELL_APOPTOTIC_PROCESS,0.0901001112347052,0.21435554149402,0.154190966581424,0.517488540899074,1.33541807343264,31,"Tek,Cdh5,Ndnf,Icam1,Kdr,Gata2,Sema5a,Tnfaip3,Il11,Serpine1"
GOBP_DOPAMINE_SECRETION,0.0902090209020902,0.214513125863201,0.153158808683073,0.497832646846093,1.31345232439881,37,"Sncg,Cxcl12,Htr2a,Htr1b,Kcna2,Syt15,Syt11,Syt10,Syt5,Gabbr1"
GOBP_TRABECULA_FORMATION,0.0902857142857143,0.214593988517393,0.156312403073186,0.545092966941453,1.36410709302749,25,"Tek,Col1a1,Chad,Msx2,Adgrg6,Hey2,Ovol2,Adamts1,Slc40a1,Rbp4"
GOBP_NEGATIVE_REGULATION_OF_ANION_TRANSPORT,0.0903823870220162,0.214620812262483,0.157402899305283,0.551570818038877,1.36689256661056,24,"Cyp4f14,Htr1b,Adora1,Grm7,Rgs4,Npy5r,Gabre,Tcaf2,Cyp4f15,Gabbr1"
GOBP_POSITIVE_REGULATION_OF_SYNCYTIUM_FORMATION_BY_PLASMA_MEMBRANE_FUSION,0.0903823870220162,0.214620812262483,0.157402899305283,0.55325626309932,1.37106940528513,24,"Scgb3a1,Dcstamp,Rapgef3,Ehd2,Il4ra,Il4,Trem2,Gcm1,Adgrb1,Ripor2"
GOBP_REGULATION_OF_NUCLEAR_TRANSCRIBED_MRNA_CATABOLIC_PROCESS_DEADENYLATION_DEPENDENT_DECAY,0.0904537575528021,0.214688875929148,0.287805130535564,-0.393976588148822,-1.34108487998225,26,"Nanos3,Ago2,Ybx1,Syncrip,Cnot1,Hnrnpd,Cnot7,Igf2bp1,Pabpc1,Hnrnpu"
GOBP_GLYCOSAMINOGLYCAN_CATABOLIC_PROCESS,0.090702947845805,0.215077225858897,0.155241966228839,0.53890420499202,1.36330151683399,26,"Pglyrp1,Tgfb1,Lyve1,Lyg1,Pglyrp3,Ids,Fgf2,Cemip,Sgsh,Lyg2"
GOBP_POSITIVE_REGULATION_OF_CHOLESTEROL_EFFLUX,0.090702947845805,0.215077225858897,0.155241966228839,0.539246261726691,1.36416684031987,26,"Pltp,Ces1d,Pon1,Nfkbia,Eepd1,Abca8b,Abcg1,Cav1,Trem2,Lrp1"
GOBP_CHONDROITIN_SULFATE_PROTEOGLYCAN_BIOSYNTHETIC_PROCESS,0.0908032596041909,0.215112151757902,0.157402899305283,0.558486134402029,1.3736582707149,23,"Cytl1,Chsy3,Csgalnact1,Chst3,B3gat2,B3gat1,Pxylp1"
GOBP_NEGATIVE_REGULATION_OF_ORGANIC_ACID_TRANSPORT,0.0908032596041909,0.215112151757902,0.157402899305283,0.558975394040847,1.3748616587813,23,"Cyp4f14,Htr1b,Adora1,Grm7,Rgs4,Thbs1,Npy5r,Cyp4f15,Gabbr1"
GOBP_BRANCHING_INVOLVED_IN_LABYRINTHINE_LAYER_MORPHOGENESIS,0.0910209102091021,0.215326976675957,0.161978948883402,0.633490891011172,1.39617678624761,13,"Socs3,Rspo3,Grhl2,Fgfr2,Gcm1,Il10"
GOBP_FLAVONOID_METABOLIC_PROCESS,0.0910224438902743,0.215326976675957,0.163180127180689,0.653184756360483,1.39917872085646,11,"Sult1a1,Ugt1a6b,Ugt1a5,Ugt1a7c,Ugt1a10,Ugt1a2,Por"
GOBP_POTASSIUM_ION_TRANSPORT,0.091,0.215326976675957,0.144630528034484,0.385130098688317,1.18184470395412,229,"Edn3,Kcna5,Adra2a,Pkd2l1,Kcnq3,Kcna6,Kcna1,Nppa,Kcnj8,Nos3"
GOBP_EPIBOLY,0.0911086717892426,0.215429582824329,0.152144922367565,0.49563532124423,1.30584328330617,36,"Ceacam1,Acvrl1,Tmeff2,Msx2,Rhoc,Ccn1,Plet1,Itga5,Wnt7a,Lcp1"
GOBP_REGULATION_OF_INSULIN_RECEPTOR_SIGNALING_PATHWAY,0.0916666666666667,0.216647077260617,0.147331213699377,0.44989185599734,1.27660005417911,64,"Grb14,Agt,Tns2,Grb7,Socs3,Ptpre,Pip4k2a,Prkcz,Gpr21,Nr1h4"
GOBP_REGULATION_OF_APOPTOTIC_PROCESS_INVOLVED_IN_DEVELOPMENT,0.0918114143920596,0.216887208716581,0.161978948883402,0.641382943716104,1.39277298208267,12,"Foxc2,Tnfrsf1b,Foxc1,Hnf1b,Pax2,Tnfrsf1a,Vdr"
GOBP_SUBSTANTIA_NIGRA_DEVELOPMENT,0.0918918918918919,0.21697535957752,0.150169802128406,0.488972217595721,1.31440425792419,41,"Plp1,Cnp,Mbp,Casp4,Gnb4,S100a1,Sirt2,Zfp458,Padi2,Ttbk1"
GOBP_XENOBIOTIC_EXPORT,0.0922509225092251,0.217720839180223,0.160801401070022,0.629607691357322,1.38761844185781,13,"Slc22a18,Abcb1a,Slc17a3,Gm10768"
GOBP_CARTILAGE_DEVELOPMENT_INVOLVED_IN_ENDOCHONDRAL_BONE_MORPHOGENESIS,0.0923248053392659,0.217792959380802,0.152144922367565,0.514295361075402,1.32717783290317,31,"Col1a1,Comp,Matn1,Nppc,Rarg,Col27a1,Col2a1,Tgfbr2,Mmp13"
GOBP_CELLULAR_RESPONSE_TO_KETONE,0.092479674796748,0.218055968669443,0.144630528034484,0.426026887431917,1.25049996118544,91,"Gjb2,Serpinf1,Sox10,Klf2,Ptgdr,Plat,Adcy5,P2ry4,Cftr,Errfi1"
GOBP_ENDODERMAL_CELL_FATE_COMMITMENT,0.0925480769230769,0.218114947347542,0.158514105424824,0.60974270647606,1.38536919623187,15,"Sox17,Gata6,Dkk1"
GOBP_ENDODERM_DEVELOPMENT,0.0932377049180328,0.219070145962407,0.144630528034484,0.435434254988677,1.26531115876264,78,"Sox17,Gata6,Dkk1,Sox7,Inhba,Dusp1,Nodal,Vtn,Fn1,Col5a2"
GOBP_FIBROBLAST_GROWTH_FACTOR_RECEPTOR_SIGNALING_PATHWAY,0.0932377049180328,0.219070145962407,0.144630528034484,0.434985980771577,1.26400853646643,78,"Fgf1,Wnt4,Hhip,Sulf1,Tbx2,Fgf22,Spry4,Apln,Ccn2,Fgfr3"
GOBP_INTERLEUKIN_5_PRODUCTION,0.0932584269662921,0.219070145962407,0.152144922367565,0.521026452794079,1.335018026546,29,"Lgals9,Prkcz,Crlf2,Il1rap,Il17ra,Epx,Gata3,Ifnl2,Il1rl1,Lef1"
GOBP_NEGATIVE_REGULATION_OF_OLIGODENDROCYTE_DIFFERENTIATION,0.0930521091811414,0.219070145962407,0.160801401070022,0.640429694472934,1.39070298660791,12,"Daam2,Id4,Tmem98,Dlx2,Dusp10,Hes1"
GOBP_POSITIVE_REGULATION_OF_MACROPHAGE_CYTOKINE_PRODUCTION,0.0932203389830508,0.219070145962407,0.158514105424824,0.614504054140426,1.37797108767252,14,"Sema7a,Gprc5b,Tlr4,Spon2,Wnt5a,Laptm5,H2-M3,Pirb,H2-Q10"
GOBP_REGULATION_OF_MICROTUBULE_CYTOSKELETON_ORGANIZATION,0.093,0.219070145962407,0.142901149386948,0.399505142161119,1.2091507157342,152,"Stmn4,Tppp,Stmnd1,Tubb4a,Fam107a,Cdh5,Hspa1a,Eml2,Hspa1b,Pak1"
GOBP_TERPENOID_METABOLIC_PROCESS,0.0932377049180328,0.219070145962407,0.144630528034484,0.423959542456371,1.23608537142161,87,"Adh1,Rarres2,Hmgcs2,Aldh1a2,Cyp2d22,Cyp2e1,Cyp26c1,Cyp3a13,Pnlip,Rbp1"
GOBP_PIGMENT_CELL_DIFFERENTIATION,0.0933627345357325,0.219212735409214,0.287805130535564,-0.328811116053685,-1.21357289178092,36,"Tyrp1,Slc24a5,Oca2,Rab38,Mreg,Cited1,Kit,Gli3,Rab27a"
GOBP_ADHESION_OF_SYMBIONT_TO_HOST_CELL,0.0935162094763092,0.219470581249956,0.160801401070022,0.650008789966279,1.39237552382276,11,"Ace2,Icam1,Sftpd,Cd209b,Nectin2,Lrrc15,Cd81,Gas6"
GOBP_NEUROTRANSMITTER_REUPTAKE,0.0936123348017621,0.219593657045477,0.150169802128406,0.495652984592953,1.30160252157339,35,"Itgb3,Slc6a1,Kcnj10,Slc22a3,Slc6a12,Slc6a4,Gpm6b,Slc6a3,Slc6a13,Slc22a2"
GOBP_REGULATION_OF_CARDIAC_CONDUCTION,0.0937142857142857,0.219730277185501,0.153158808683073,0.542465128271112,1.35753086917772,25,"Ace2,Agt,Gja5,Atp2a3,Trpc1,Tbx5,Atp2b4,Ehd3,Atp2a1,Slc8a1"
GOBP_INNER_CELL_MASS_CELL_PROLIFERATION,0.0938849202278564,0.219925206889764,0.287805130535564,-0.506761336187928,-1.42548034226522,13,"Chek1,Gins1,Palb2,Brca2,Ncapg2"
GOBP_SEMINIFEROUS_TUBULE_DEVELOPMENT,0.0938849202278564,0.219925206889764,0.287805130535564,-0.506607770290114,-1.42504837330283,13,"Brip1,Kif18a,Inhbb"
GOBP_INNER_EAR_AUDITORY_RECEPTOR_CELL_DIFFERENTIATION,0.0939890710382514,0.220066632561383,0.149207542435322,0.495263428481652,1.31219506870412,38,"Pls1,Kcnq1,Clrn2,Pdzd7,Clrn1,Hey2,Ush1c,Mcoln3,Cdh23,Myo6"
GOBP_POSITIVE_REGULATION_OF_ANTIBACTERIAL_PEPTIDE_PRODUCTION,0.0942195453392212,0.220503563510366,0.287805130535564,-0.470036990205755,-1.41956305922367,17,"Pgc,Klk1b3,Klk1,Klk1b16,Klk1b4"
GOBP_PLATELET_DERIVED_GROWTH_FACTOR_RECEPTOR_BETA_SIGNALING_PATHWAY,0.0944309927360775,0.220754332528834,0.157402899305283,0.613767990323393,1.37632052954891,14,"Lox,Pdgfrl,Pdgfa,Myocd,Hip1r,Hip1,Pdgfb,Lrp1,Src"
GOBP_POST_EMBRYONIC_ANIMAL_ORGAN_MORPHOGENESIS,0.0944584382871536,0.220754332528834,0.160801401070022,0.646255104461894,1.35436213889853,10,"Efemp1,Kdr,Cdh23"
GOBP_XENOBIOTIC_GLUCURONIDATION,0.0944584382871536,0.220754332528834,0.160801401070022,0.644981547326204,1.35169313473222,10,"Ugt1a6b,Ugt1a5,Ugt1a7c,Ugt1a10,Ugt1a2,Ugt2b37,Ugt2b38"
GOBP_CHEMOKINE_C_X_C_MOTIF_LIGAND_2_PRODUCTION,0.0946107784431138,0.221007613026735,0.156312403073186,0.591675117472201,1.37179996818001,17,"Mbp,Klf4,Oas1a,Tlr4,Oas3,Mcoln2,Oas1g"
GOBP_REGULATION_OF_HIGH_VOLTAGE_GATED_CALCIUM_CHANNEL_ACTIVITY,0.0947109471094711,0.221138843994106,0.158514105424824,0.626823912252396,1.38148315590582,13,"Rem1,Nppa,Pde4b"
GOBP_ANTIGEN_RECEPTOR_MEDIATED_SIGNALING_PATHWAY,0.0949050949050949,0.221489281377861,0.141225119642531,0.38054795622909,1.17383872836179,254,"Mog,Ceacam1,Bmx,Prkch,Mndal,Cd38,Klhl6,Themis2,Nfkbiz,Ifi204"
GOBP_NEGATIVE_REGULATION_OF_CYTOSKELETON_ORGANIZATION,0.0950950950950951,0.22182971834944,0.141225119642531,0.398123499881602,1.2068131476585,157,"Tubb4a,Gsn,Tmeff2,S1pr1,Cdh5,Eml2,Myoc,Dnai3,Map6d1,Inpp5j"
GOBP_REGULATION_OF_ESTABLISHMENT_OR_MAINTENANCE_OF_CELL_POLARITY,0.0952380952380952,0.221957304015718,0.151148761385484,0.535157896585966,1.35382423332944,26,"Tek,Gsn,Cdh5,Ptk2b,Kank1,Shtn1,Gata3,Bcas3,Plekhg3"
GOBP_REGULATION_OF_NON_CANONICAL_WNT_SIGNALING_PATHWAY,0.0952380952380952,0.221957304015718,0.151148761385484,0.534875981076267,1.35311105306766,26,"Daam2,Dkk1,Dab2,Rspo3,Wnt5a,Nkd1,Dact1,Wnt5b"
GOBP_MICROVILLUS_ASSEMBLY,0.0952941176470588,0.221984953388214,0.154190966581424,0.568839328101059,1.36442989794933,21,"Atp8b1,Pld1,Fxyd5,Rap1a,Mink1,Fscn1,Rap2a,Stk26"
GOBP_NEGATIVE_REGULATION_OF_PROTEIN_POLYMERIZATION,0.0953846153846154,0.222092849253572,0.142901149386948,0.43205338014341,1.25534596272974,79,"Tubb4a,Gsn,Cdh5,Eml2,Inpp5j,Vil1,Kank4,Lmod1,Spta1,Pfn4"
GOBP_ENDODERMAL_CELL_DIFFERENTIATION,0.0955414012738854,0.22235491861288,0.14551614609036,0.478114470974423,1.30775037395434,46,"Sox17,Gata6,Dkk1,Inhba,Nodal,Vtn,Fn1,Col5a2,Col4a2,Col6a1"
GOBP_REGULATION_OF_MITOPHAGY,0.0956082979328816,0.222407641697638,0.287805130535564,-0.534875521656823,-1.47755324749378,12,"Tigar,Trp53,Vdac1,Slc25a5,Vps13c,Slc25a4,Tsc2"
GOBP_POSITIVE_REGULATION_OF_CYTOKINE_PRODUCTION_INVOLVED_IN_INFLAMMATORY_RESPONSE,0.0956826137689615,0.222477566797673,0.153158808683073,0.562944780469247,1.37116175324776,22,"Pla2g3,Gbp5,Il6,Tlr4,Il17f,Il17ra,Nod2,Gpsm3,Tnf,Tlr6"
GOBP_REGULATION_OF_ACTIN_FILAMENT_BASED_MOVEMENT,0.0957562568008705,0.222545863586674,0.147331213699377,0.491374326029818,1.30730666230721,39,"Pln,Dsp,Ctnna3,Gja5,Jup,Adora1,Tnnt2,Pde4b,Kcnj2"
GOBP_MUCUS_SECRETION,0.0960945992887338,0.223069108569508,0.287805130535564,-0.53275982751978,-1.52085644800303,14,"Agr2,Nlrp6,P2ry2,Ada,Cyba,Prkce"
GOBP_RESPONSE_TO_VITAMIN,0.0961145194274029,0.223069108569508,0.142056643575821,0.428533583085729,1.24759895133688,84,"Bglap3,Bglap2,Bglap,Aldh1a2,Col1a1,Snai2,Ptgs2,Otc,Il1a,F5"
GOBP_SPINAL_CORD_PATTERNING,0.0960918039404683,0.223069108569508,0.287805130535564,-0.43584112399275,-1.4035959561188,19,"Dbx1,Lhx3,Ascl1,Gli3,Gli2,Chrd,Smo,Intu,Gdf11,Reln"
GOBP_RIBONUCLEOTIDE_CATABOLIC_PROCESS,0.0962566844919786,0.223295963516925,0.14551614609036,0.483216835314659,1.31145110962242,44,"Pde2a,Xdh,Pde8a,Gda,Pde4a,Nudt11,Pde4c,Pde4b,Dpys,Nudt10"
GOBP_MORPHOGENESIS_OF_AN_EPITHELIAL_FOLD,0.0966239813736903,0.22404462839739,0.152144922367565,0.555062403521395,1.36523722684078,23,"Sulf1,Wnt2,Nodal,Bmp5,Trp63,Nog,Shh,Wnt5a,Ovol2,Fgfr2"
GOBP_HISTAMINE_SECRETION,0.0967741935483871,0.224186115653337,0.157402899305283,0.637583271137863,1.38452193431225,12,"Edn1,Pla2g3,Btk,Lyn"
GOBP_POSITIVE_REGULATION_OF_HEART_GROWTH,0.0967741935483871,0.224186115653337,0.148261500475107,0.511909609413647,1.32102122143059,31,"Edn1,Gata6,Tbx2,Wnt2,Hey2,Tbx5,Prox1,Akap6,Fgfr2,Igf1"
GOBP_POSITIVE_REGULATION_OF_GROWTH,0.0969030969030969,0.224381330323293,0.139599673451922,0.381062688957286,1.17448940355448,244,"Edn1,Wnt3,Pls1,Lpar3,S100a8,Gata6,Cxcl12,Sema4d,Cd38,Tbx2"
GOBP_REGULATION_OF_CHEMOKINE_MEDIATED_SIGNALING_PATHWAY,0.0969773299748111,0.224449833233598,0.158514105424824,0.644405139995677,1.35048515314777,10,"Edn1,Ccl5,Slit3,Trem2,Padi2"
GOBP_FAT_SOLUBLE_VITAMIN_BIOSYNTHETIC_PROCESS,0.0971709717097171,0.224794512096064,0.156312403073186,0.622139130519831,1.37115817160619,13,"Snai2,Cyp27a1,Pltp,Snai1"
GOBP_POSITIVE_REGULATION_OF_TISSUE_REMODELING,0.0972568578553616,0.224889707653589,0.157402899305283,0.645120986058751,1.38190542152393,11,"Il18,Il12b,Tmbim1,Il15,Hrg"
GOBP_REGULATION_OF_PODOSOME_ASSEMBLY,0.0973557692307692,0.224911512832296,0.154190966581424,0.605538682127395,1.37581742009582,15,"Gsn,Arhgef5,Capg,Lcp1,Tnf,Fscn1,Kif9,Msn,Src"
GOBP_REGULATION_OF_SEQUESTERING_OF_TRIGLYCERIDE,0.0973557692307692,0.224911512832296,0.154190966581424,0.606096253379897,1.3770842528594,15,"Cidea,Apoc4,Plin3,Plin5"
GOBP_GLIAL_CELL_MIGRATION,0.0976645435244161,0.225417658538678,0.143758989039275,0.475469948443893,1.30241119481222,47,"Ccl3,Csf1,Apcdd1,Rtn4,Ccl2,Bmerb1,Stap1,Gpr183,P2ry12,Cspg4"
GOBP_POSITIVE_REGULATION_OF_PEPTIDE_SECRETION,0.0976602238046796,0.225417658538678,0.140406238523342,0.423467712899699,1.24195082399603,93,"Nkx6-1,S100a8,Cd38,Gpld1,Ghrh,Ildr1,Adora1,Cftr,Gipr,Tfr2"
GOBP_TONGUE_DEVELOPMENT,0.0977308327431674,0.225467139146353,0.287805130535564,-0.421021811844375,-1.38510119455496,20,"Hand2,Kcne2,Kit,Gli3,Wnt10a,Hdac2"
GOBP_CRANIAL_NERVE_DEVELOPMENT,0.0977917981072555,0.225479935410562,0.142901149386948,0.462199374557646,1.28474888501687,53,"Hoxb2,Hoxb3,Atp8b1,Nkx2-2,Hoxa3,Kcna2,Erbb3,Ackr3,Ephb1,Hoxa1"
GOBP_STEROID_ESTERIFICATION,0.0978260869565217,0.225479935410562,0.154190966581424,0.59770849632059,1.37003586608571,16,"Lcat,Agt,Apoc1,Abca2,Abcg1"
GOBP_HISTONE_UBIQUITINATION,0.0979011494324474,0.225549531712609,0.287805130535564,-0.329731753388619,-1.34397837706144,48,"Uhrf1,Pcgf2,Rnf2,Pcgf6,Kdm2b,Suz12,Rnf8,Kdm1a,Cul4b,Ubr5"
GOBP_N_TERMINAL_PROTEIN_AMINO_ACID_ACETYLATION,0.0982502903946981,0.226250210634057,0.287805130535564,-0.46925461025654,-1.41720018630659,17,"Naa25,Naa16,Naa40,Naa50,Naa10,Naa20,Naa15,Sox4,Aanat,Naa35"
GOBP_NEUTROPHIL_EXTRAVASATION,0.0984009840098401,0.226493473725946,0.155241966228839,0.621018087476373,1.36868745845804,13,"Pecam1,Il1r1,Mdk,Jaml"
GOBP_PYRIMIDINE_NUCLEOSIDE_MONOPHOSPHATE_BIOSYNTHETIC_PROCESS,0.0984962694164745,0.22660903723415,0.287805130535564,-0.520226442711019,-1.50040090752312,15,"Tyms,Shmt1,Dctd,Umps,Dut,Cad,Uck2"
GOBP_REPRODUCTIVE_SYSTEM_DEVELOPMENT,0.0989010989010989,0.227436333108794,0.138022242496643,0.361763690132412,1.12791050732157,428,"Gjb1,Gjb2,C3,Serpinf1,A2m,Wnt4,Id4,Epas1,Tbx3,Nos3"
GOBP_METHIONINE_BIOSYNTHETIC_PROCESS,0.0989925756324843,0.227542605260402,0.287805130535564,-0.531674786513211,-1.46871145830298,12,"Mthfd2l,Mtap,Mthfr,Mtr,Mri1,Mthfd1"
GOBP_PIGMENTATION,0.0995337531395314,0.228681982190322,0.287805130535564,-0.257657945923311,-1.17824442145347,101,"Pmel,Tyr,Tyrp1,Slc24a5,Oca2,Rab38,Rab17,Mreg,Cited1,Kit"
GOBP_REGULATION_OF_LONG_TERM_SYNAPTIC_DEPRESSION,0.0996309963099631,0.228800830721875,0.154190966581424,0.618418239024152,1.36295754488192,13,"Ager,Adora1,Grid2,Mapt,Arc"
GOBP_POSITIVE_REGULATION_OF_NON_CANONICAL_WNT_SIGNALING_PATHWAY,0.0997596153846154,0.228991592026695,0.152144922367565,0.603234682422383,1.37058260517216,15,"Dkk1,Dab2,Rspo3,Wnt5a,Nkd1,Wnt5b"
GOBP_MIDDLE_EAR_MORPHOGENESIS,0.0998810939357907,0.229165796081798,0.151148761385484,0.5669554594802,1.34410952530588,20,"Edn1,Ednra,Hoxa2,Nog,Six1"
GOBP_ACYLGLYCEROL_HOMEOSTASIS,0.1001100110011,0.229586234170862,0.144630528034484,0.492756700160607,1.30006024572576,37,"Lipc,Apoc4,Il18,Gpihbp1,C1qtnf3,Adora1,Angptl8,Nr1h4,Angptl3"
GOBP_SPINAL_CORD_MOTOR_NEURON_DIFFERENTIATION,0.10017033937439,0.229619834033314,0.287805130535564,-0.37907220649451,-1.34291700167528,30,"Lhx4,Isl2,Lhx3,Isl1,Olig3,Gli3"
GOBP_TRIVALENT_INORGANIC_ANION_HOMEOSTASIS,0.100496277915633,0.230261982261571,0.154190966581424,0.634366511652134,1.37753669133771,12,"Slc34a3,Abcc6,Enpp1,Slc34a2"
GOBP_BLASTOCYST_FORMATION,0.100642398286938,0.230281900859553,0.142056643575821,0.483318586183016,1.3069006383344,43,"Sox17,Hopx,Nodal,Zp3,Rbm46,Tm4sf1,Junb,Rtn4"
GOBP_NEGATIVE_REGULATION_OF_MAP_KINASE_ACTIVITY,0.10062893081761,0.230281900859553,0.140406238523342,0.452793928769845,1.27320676956651,59,"Nppa,Irak3,Agt,Dusp1,Spry4,Cblc,Serpinb3b,Dusp10,Lyn,Mapk8ip1"
GOBP_POTASSIUM_ION_EXPORT_ACROSS_PLASMA_MEMBRANE,0.10059880239521,0.230281900859553,0.151148761385484,0.586595010662983,1.36002173016823,17,"Kcna5,Nppa,Kcnq1,Kcne4,Kcna2"
GOBP_POSITIVE_REGULATION_OF_MONOCYTE_DIFFERENTIATION,0.100755667506297,0.230436187695249,0.155241966228839,0.641337747595239,1.34405679365998,10,"Il34,Csf1,Dcstamp,Fes,Zfp36l1"
GOBP_NEGATIVE_REGULATION_OF_PROTEIN_LOCALIZATION_TO_CELL_PERIPHERY,0.100907029478458,0.230467804265429,0.14641623786055,0.532440940398952,1.34695097003586,26,"Dab2,Mrap,Lypd1,Tgfb1,Bcl2l1,Abi3,Tmbim1"
GOBP_RESPONSE_TO_EPIDERMAL_GROWTH_FACTOR,0.100849256900212,0.230467804265429,0.141225119642531,0.47432453577901,1.29738405067832,46,"Col1a1,Zfp36,Snai2,Vil1,Pde8a,Dab2,Foxc1,Errfi1,Myc"
GOBP_ZINC_ION_HOMEOSTASIS,0.100886917960089,0.230467804265429,0.144630528034484,0.505797392422264,1.31385544765555,32,"S100a8,Slc39a12,Slc39a8,S100a9,Mt4,Slc1a1,Slc30a8,Slc30a3,Slc30a1,Tmc8"
GOBP_SIGNAL_TRANSDUCTION_IN_ABSENCE_OF_LIGAND,0.101041666666667,0.230670507871632,0.139599673451922,0.444115534406636,1.26020933192587,64,"Snai2,Hspa1a,Hspa1b,Inhba,Unc5b,Erbb3,Ret,Il1a,Gfral,Bcl2l1"
GOBP_NUCLEAR_PORE_COMPLEX_ASSEMBLY,0.101254053849351,0.231050444258142,0.287805130535564,-0.576770178528917,-1.52638478716807,10,"Nup93,Nup107,Nup205,Ndc1,Ahctf1,Nup98,Nup153,Tpr"
GOBP_AMINOGLYCAN_BIOSYNTHETIC_PROCESS,0.101538461538462,0.231594304062544,0.138022242496643,0.428495650505303,1.24500885684667,79,"B3gnt3,B3gnt6,Hs3st1,B3gnt9,Dsel,Chsy3,Galnt5,Csgalnact1,Tgfb1,Gcnt2"
GOBP_COMPLEMENT_DEPENDENT_CYTOTOXICITY,0.101796407185629,0.231867031681992,0.150169802128406,0.580816351705477,1.35996323328068,18,"Cfh,C3,Cd55,Cd59b,Cd55b,Il11,Il4,Il13,Il10,Ighg1"
GOBP_MESODERMAL_CELL_FATE_COMMITMENT,0.101796407185629,0.231867031681992,0.150169802128406,0.586130380392249,1.35894448393666,17,"Dkk1,Klf4,Nodal,Foxc2"
GOBP_NEGATIVE_REGULATION_OF_PROTEIN_AUTOPHOSPHORYLATION,0.101736972704715,0.231867031681992,0.153158808683073,0.633588181539174,1.37584653545955,12,"Eng,Jun,Errfi1,Enpp1,Cav1"
GOBP_DETECTION_OF_MECHANICAL_STIMULUS,0.102105263157895,0.232465198321892,0.139599673451922,0.464424166653323,1.28615662513308,51,"Pkd2l1,Kcna1,Piezo2,Cxcl12,Htr2a,Kcnq1,Jup,Pdzd7,Bace1,Chrna10"
GOBP_NEGATIVE_REGULATION_OF_INTERLEUKIN_2_PRODUCTION,0.103174603174603,0.234793449596528,0.144630528034484,0.532104421368802,1.34609965564641,26,"Cd34,Zfp36,Havcr2,Nr1h4,Tnfaip3,Sftpd,Nod2,Prnp,Laptm5,Gata3"
GOBP_MULTICELLULAR_ORGANISMAL_MOVEMENT,0.103266596417281,0.234896461624287,0.13880510939114,0.460263649398202,1.28088075031465,54,"Gstm7,Synm,Rcsd1,Comp,Tnni1,Map1a,Kbtbd13,Nr4a1,Myh14,Kcnj2"
GOBP_CARDIAC_ATRIUM_DEVELOPMENT,0.103410341034103,0.2349358530803,0.142056643575821,0.48777542175699,1.28691793426998,37,"Eng,Gja5,Wnt2,Ccn1,Hey2,Dll4,Nog,Tbx5,Wnt5a,Prox1"
GOBP_CARDIAC_CELL_DEVELOPMENT,0.103483606557377,0.2349358530803,0.136490437780413,0.42810962467599,1.24402680558585,78,"Edn1,Myh11,Pi16,Tbx3,Nebl,Agt,Nrap,Rgs4,Sorbs2,Hey2"
GOBP_KILLING_OF_CELLS_OF_ANOTHER_ORGANISM,0.103373231773667,0.2349358530803,0.141225119642531,0.484859172821967,1.28997302735034,39,"Pglyrp1,Ccl11,Nos2,Bcl2l1,Defb14,Pglyrp3,Semg1"
GOBP_POSITIVE_REGULATION_OF_PROTEIN_SECRETION,0.103517587939699,0.2349358530803,0.135002033828631,0.407500608486389,1.22175049935984,127,"Nkx6-1,Or51e2,Adora2a,Hcar2,Cd38,Gpld1,C1qtnf3,Tlr4,Il1a,Cftr"
GOBP_REGULATION_OF_HISTONE_H3_K4_METHYLATION,0.103486725609378,0.2349358530803,0.287805130535564,-0.334437920272548,-1.27513305919658,38,"Myb,Brca1,Dnmt3b,Macroh2a1,Wdr5,Paxip1,Nelfa,Dnmt1,Kdm1a,Mcrs1"
GOBP_GLYCEROL_ETHER_METABOLIC_PROCESS,0.103850641773629,0.235555950694477,0.14641623786055,0.557011625081487,1.35671039669199,22,"Agmo,Lpcat2,Lipe,Pla2g4a,Peds1"
GOBP_SULFUR_AMINO_ACID_BIOSYNTHETIC_PROCESS,0.103884532064781,0.235555950694477,0.287805130535564,-0.475626601618312,-1.39183314885028,16,"Cth,Mthfd2l,Mtap,Mthfr,Mtr,Mri1,Mthfd1"
GOBP_REGULATION_OF_B_CELL_MEDIATED_IMMUNITY,0.104058272632674,0.235843524131855,0.137250779610133,0.450284785793579,1.27274150802049,61,"C3,Cd55,Cd40,H2-T23,Tgfb1,Hpx,Il27ra,Cd55b,Btk,Nod2"
GOBP_CIRCADIAN_SLEEP_WAKE_CYCLE_SLEEP,0.104191616766467,0.236039322886449,0.148261500475107,0.58563395981747,1.35779353182024,17,"Adora2a,Ghrh,Kcna2,Adora1"
GOBP_INTERLEUKIN_13_PRODUCTION,0.104494382022472,0.236335599371903,0.142901149386948,0.515837628031297,1.32172278105941,29,"Il18,Lgals9,Prkcz,H2-T23,Il1rap,Il17ra,Il4,Gata3,Ifnl2"
GOBP_NEGATIVE_REGULATION_OF_TOLL_LIKE_RECEPTOR_SIGNALING_PATHWAY,0.104510451045105,0.236335599371903,0.141225119642531,0.487364737422909,1.28583440891942,37,"Irak3,Pira13,Rab7b,Tlr9,Cd300lf,Acod1,Tnfaip3,Lilra6,Bpifb1,Nod2"
GOBP_POSITIVE_REGULATION_OF_CELL_DIVISION,0.104508196721311,0.236335599371903,0.135740943810425,0.421665577027449,1.22823759892484,85,"Tgfa,Fgf1,Osm,Lbh,Pdgfd,Opn1mw,Mdk,Tal1,Pgf,Il1a"
GOBP_REGULATION_OF_ANTIGEN_RECEPTOR_MEDIATED_SIGNALING_PATHWAY,0.104493207941484,0.236335599371903,0.137250779610133,0.449811205237418,1.26902640331367,60,"Ceacam1,Prkch,Btn2a2,Nfam1,Kcnn4,Gcsam,Stap1,Thy1,Cd226,Prnp"
GOBP_POSITIVE_REGULATION_OF_T_CELL_MEDIATED_CYTOTOXICITY,0.104611923509561,0.236458695810506,0.142901149386948,0.519576311059396,1.33268811825308,28,"Azgp1,Il12rb1,H2-T23,Il12b,Mr1,H2-Q2,Stx7,Xcl1,Nectin2,H2-D1"
GOBP_POSITIVE_REGULATION_OF_FATTY_ACID_BIOSYNTHETIC_PROCESS,0.104705882352941,0.236564705882353,0.14641623786055,0.559589243616879,1.34224245203046,21,"Pla2g3,Slc45a3,Ptgs2,Mid1ip1,Avpr1a,Elovl5,Abcd1,Il1b,Nr1h3,Anxa1"
GOBP_AMP_METABOLIC_PROCESS,0.105033196082149,0.236878365502451,0.287805130535564,-0.395595589975849,-1.33391351546977,22,"Ada,Ak2,Prps2,Adsl,Ppat,Aprt,Ak4,Pfas,Nt5e,Atic"
GOBP_ANTIBACTERIAL_PEPTIDE_PRODUCTION,0.10499556167494,0.236878365502451,0.287805130535564,-0.430812721046437,-1.38740233497419,19,"Pgc,Klk1b3,Klk1,Klk1b16,Klk1b4"
GOBP_NEGATIVE_REGULATION_OF_CHONDROCYTE_DIFFERENTIATION,0.105017502917153,0.236878365502451,0.14551614609036,0.554759045651946,1.35122380037367,22,"Snai2,Efemp1,Pthlh,Rarg,Gdf5,Rflna,Chadl,Adamts7,Wnt9a,Rflnb"
GOBP_NEGATIVE_REGULATION_OF_SECRETION,0.105,0.236878365502451,0.133554954557592,0.393878843005132,1.19596670722128,159,"Edn1,Foxf1,Ceacam1,Adra2a,Osm,Cyp4f14,Il13ra2,Inhba,Htr1b,Adra2b"
GOBP_CARDIAC_MUSCLE_CELL_PROLIFERATION,0.105095541401274,0.236912684584845,0.138022242496643,0.473212348041502,1.29434196762514,46,"Gata6,Tbx2,Wnt2,Foxc2,Kcnk2,Foxc1,Hey2,Nog,Tbx5,Tgfbr2"
GOBP_NEGATIVE_REGULATION_OF_HOMOTYPIC_CELL_CELL_ADHESION,0.105326876513317,0.237260127971523,0.148261500475107,0.603959642045982,1.3543261745027,14,"Ceacam1,Alox12,C1qtnf1,Abat,Fgg,Prkg1,Serpine2,Sh2b3"
GOBP_PROTEIN_HETEROOLIGOMERIZATION,0.105344063185287,0.237260127971523,0.287805130535564,-0.385393534566779,-1.31885787011116,25,"Prph2,Syt1,Grin1,Rrm2,Rrm1,Nudt21,Rom1,Farsa,Cpsf6,Tmem120a"
GOBP_COLLAGEN_ACTIVATED_TYROSINE_KINASE_RECEPTOR_SIGNALING_PATHWAY,0.10545905707196,0.23741275409796,0.150169802128406,0.632480020291975,1.37344014617213,12,"Col1a1,Col4a3,Otol1,Col4a2"
GOBP_POSITIVE_REGULATION_OF_AXON_EXTENSION,0.105549510337323,0.237510021694594,0.139599673451922,0.483052022030345,1.28516508329521,39,"Cxcl12,Sema7a,Sema5a,Fn1,Pou4f2,Mapt,Trpv2,Ntn1,Trpc5,Shtn1"
GOBP_CRISTAE_FORMATION,0.105790617277126,0.237672613737734,0.287805130535564,-0.4724746672658,-1.38260959680357,16,"Chchd10,Immt,Afg3l2,Chchd3,Apoo,Samm50,Chchd6,Dnajc11,Apool,Micos13"
GOBP_ENDOTHELIAL_CELL_MORPHOGENESIS,0.105985037406484,0.237672613737734,0.150169802128406,0.634988590806135,1.36020094711494,11,"Col22a1,Col15a1,Col18a1,Notch4,Arhgef26,Clic4,Heg1"
GOBP_POSITIVE_REGULATION_OF_EXTRACELLULAR_MATRIX_ASSEMBLY,0.105793450881612,0.237672613737734,0.151148761385484,0.636140893383612,1.33316570353627,10,"Tgfb1,Phldb1,Phldb2,Rgcc,Clasp2"
GOBP_POSITIVE_REGULATION_OF_STRIATED_MUSCLE_CELL_DIFFERENTIATION,0.105882352941176,0.237672613737734,0.138022242496643,0.476909915431944,1.29433412098708,44,"Edn1,Hopx,Tgfb1,Shh,Nrg1,Cyp26b1,Atp11a,Smyd1,Myocd,Prox1"
GOBP_REGULATION_OF_STEM_CELL_DIVISION,0.105985037406484,0.237672613737734,0.150169802128406,0.636132805213941,1.36265195417827,11,"Sox17,Lbh"
GOBP_REGULATION_OF_WNT_SIGNALING_PATHWAY,0.105894105894106,0.237672613737734,0.132846300606183,0.369435788829135,1.14484207635607,316,"Sox17,Sox10,Wnt3,Daam2,Col1a1,Dcdc2a,Snai2,Dkk1,Dkk2,Sox7"
GOBP_RESPONSE_TO_REACTIVE_OXYGEN_SPECIES,0.106,0.237672613737734,0.132846300606183,0.389855159874977,1.18714785757962,191,"Edn1,Apod,Kcna5,Col1a1,Klf2,Gpr37,Nos3,Rnf112,Cyp2e1,Il6"
GOBP_TRIGLYCERIDE_RICH_LIPOPROTEIN_PARTICLE_REMODELING,0.105985037406484,0.237672613737734,0.150169802128406,0.63801902499188,1.36669240146436,11,"Lcat,Lipc,Nr1h4"
GOBP_LEFT_RIGHT_AXIS_SPECIFICATION,0.106168591565086,0.237767838812037,0.287805130535564,-0.497549238329003,-1.39956742533335,13,"Pitx2,Mns1,Epb41l5,Dll1,Smo,Notch2,Cited2"
GOBP_NEGATIVE_REGULATION_OF_CARDIAC_MUSCLE_TISSUE_GROWTH,0.106184364060677,0.237767838812037,0.144630528034484,0.553061004658445,1.34708789051801,22,"Pi16,Kcnk2,Rgs4,Nog,Tbx5,Tgfbr2"
GOBP_STEROID_HORMONE_SECRETION,0.106184364060677,0.237767838812037,0.144630528034484,0.554185063692101,1.34982575541847,22,"Agt,Kcnq1,Inhba,Dab2,Ren1,Nkx3-1,C1qtnf1"
GOBP_POSITIVE_REGULATION_OF_MICROTUBULE_POLYMERIZATION_OR_DEPOLYMERIZATION,0.106710671067107,0.238723939556052,0.139599673451922,0.48613851642528,1.28259921968512,37,"Hspa1a,Hspa1b,Pak1,Ocln,Slain1,Mapt,Fes"
GOBP_REGULATION_OF_INFLAMMATORY_RESPONSE_TO_ANTIGENIC_STIMULUS,0.106753812636166,0.238723939556052,0.13880510939114,0.482788910061921,1.2886245389614,40,"C3,Zp3,H2-T23,Pla2g2d,Npy5r,Btk,Il12b,Nod2,Ccr7,Lyn"
GOBP_SKELETAL_MUSCLE_TISSUE_REGENERATION,0.106710671067107,0.238723939556052,0.139599673451922,0.485975349465039,1.2821687295906,37,"Tmem182,Spaar,Hopx,Capn3,Tgfbr2,Mymx,Gjd4,Sgca,Wnt7a,Igf1"
GOBP_CELLULAR_RESPONSE_TO_FLUID_SHEAR_STRESS,0.106842737094838,0.238816558192864,0.14641623786055,0.572055707075597,1.34509449385949,19,"Klf2,Ptgs2,Klf4"
GOBP_MESENCHYMAL_CELL_APOPTOTIC_PROCESS,0.106971153846154,0.238997329059829,0.14641623786055,0.597598669471972,1.35777727163043,15,"Msx2,Ednra,Shh,Gdf5"
GOBP_NEGATIVE_REGULATION_OF_FIBRINOLYSIS,0.107052896725441,0.239073705836868,0.150169802128406,0.634307715629782,1.32932389783676,10,"Thbd,Thbs1,Serpine1,Apoh,Plg,Hrg"
GOBP_NOTCH_SIGNALING_INVOLVED_IN_HEART_DEVELOPMENT,0.107231920199501,0.239367168225086,0.149207542435322,0.634004962345152,1.35809392915649,11,"Snai2,Snai1,Hey2,Dll4,Heyl"
GOBP_CELLULAR_RESPONSE_TO_CALCIUM_ION,0.107361963190184,0.239444804328773,0.133554954557592,0.426932975847148,1.24284772711985,81,"Edn1,Fosb,Chp2,Gpld1,Dpep1,Fos,Jun,Syt15,Capn3,Rasal1"
GOBP_POSITIVE_REGULATION_OF_CARDIAC_MUSCLE_CELL_PROLIFERATION,0.107351225204201,0.239444804328773,0.143758989039275,0.552777672131524,1.34639777891587,22,"Gata6,Tbx2,Wnt2,Hey2,Tbx5"
GOBP_L_AMINO_ACID_TRANSPORT,0.107438016528926,0.239508163676678,0.134273452883202,0.43713059873491,1.24710878948171,66,"Ace2,Slc38a5,Slc6a20a,Slc36a2,Cltrn,Slc7a10,Agt,Kcnj10,Slc25a18"
GOBP_PROTEIN_KINASE_C_ACTIVATING_G_PROTEIN_COUPLED_RECEPTOR_SIGNALING_PATHWAY,0.107709750566893,0.240007498271176,0.141225119642531,0.528170326121888,1.33614731538295,26,"Edn1,Adora2a,Htr1b,Dgki,Dgkb,Dgkg,Dgkk"
GOBP_NEGATIVE_REGULATION_OF_PROTEIN_MODIFICATION_PROCESS,0.107892107892108,0.240307322274535,0.131457611642763,0.357714604620398,1.11536574088904,493,"Ptprb,Ceacam1,Tppp,Ppp1r16b,Eng,Prr5l,Nppa,Adora2a,Epha1,Irak3"
GOBP_CELL_MIGRATION_INVOLVED_IN_HEART_DEVELOPMENT,0.10820451843044,0.240764566937705,0.144630528034484,0.562603218716525,1.33379145151532,20,"Edn1,Eng,Snai2,Twist1,Ednra,Tbx5"
GOBP_CEREBELLAR_GRANULAR_LAYER_DEVELOPMENT,0.108241082410824,0.240764566937705,0.147331213699377,0.61525705834659,1.35599048798848,13,"Kndc1,Faim2,Mdk,Grid2,Prox1,Wnt7a"
GOBP_REGULATION_OF_LYASE_ACTIVITY,0.108206348648395,0.240764566937705,0.287805130535564,-0.326988388139957,-1.33279648894575,48,"Rcvrn,Galr1,Guca1a,Hpca,Guca1b,Npr3,Akap5,Rd3,Ccr2"
GOBP_ANIMAL_ORGAN_FORMATION,0.108333333333333,0.240863187380215,0.134273452883202,0.441451173468627,1.25264901876956,64,"Sox17,Fgf1,Hoxa3,Gata6,Dkk1,Sulf1,Wnt2,Trp63,Nog,Tbx5"
GOBP_NEGATIVE_REGULATION_OF_PLATELET_DERIVED_GROWTH_FACTOR_RECEPTOR_SIGNALING_PATHWAY,0.108478802992519,0.241079992326875,0.148261500475107,0.63304921991966,1.35604664551837,11,"Apod,Ptgir,Myocd,Ptprj,Snca"
GOBP_ADENOHYPOPHYSIS_DEVELOPMENT,0.108958837772397,0.241770827277484,0.14551614609036,0.598863755498324,1.34289909882856,14,"Wnt4,Ghrh,Gsx1,Slc6a3,Pou1f1,Ghrhr,Hes1"
GOBP_CELL_DIFFERENTIATION_INVOLVED_IN_METANEPHROS_DEVELOPMENT,0.108922363847045,0.241770827277484,0.142056643575821,0.54189472854196,1.34291346116364,24,"Cd34,Wnt4,Tcf21,Wnt9b,Stat1,Pdgfb,Osr1,Pax2,Lamb2,Gdnf"
GOBP_CERAMIDE_TRANSPORT,0.108982035928144,0.241770827277484,0.144630528034484,0.580946728571787,1.34692617660485,17,"Abcb1a,Pltp,Gltp,Abca2,Psap,Cert1,Abca13,Abca12,Gltpd2,Sgpp1"
GOBP_POSITIVE_REGULATION_OF_CALCIUM_MEDIATED_SIGNALING,0.108888888888889,0.241770827277484,0.13880510939114,0.501136753070979,1.30175976298003,33,"Chp2,Ccl3,Erbb3,Ccl4,Zap70,Cd3e,Nrg1,Akap6,Trem2,Cdh13"
GOBP_POSITIVE_REGULATION_OF_PHAGOCYTOSIS,0.109375,0.24253556462285,0.133554954557592,0.440887242710338,1.25104882524085,64,"C3,Il2rg,Gata2,Colec11,Ccl2,Cd300lf,C2,Il2rb,Stap1,Sftpd"
GOBP_GLUTAMATE_SECRETION,0.109714285714286,0.243073474784361,0.140406238523342,0.532018703990712,1.3313884635297,25,"Adora2a,Adora1,Grm7,Apba1,Npy5r,Kmo,Gabbr1,Avpr1b,Avpr1a,Snca"
GOBP_REGULATION_OF_DIGESTIVE_SYSTEM_PROCESS,0.109698679155531,0.243073474784361,0.287805130535564,-0.313882029721155,-1.20425063618226,42,"Ptger3,Neurod1,Sct,Aqp1,Lep,Fgf10,Wnk4,Neurog1"
GOBP_EPITHELIAL_CELL_MATURATION,0.110169491525424,0.24375969801862,0.144630528034484,0.597596724130494,1.3400578928507,14,"Nkx6-1,Hoxa5,Pgr,Foxa1,Tfcp2l1"
GOBP_REGULATION_OF_PEROXISOME_PROLIFERATOR_ACTIVATED_RECEPTOR_SIGNALING_PATHWAY,0.110169491525424,0.24375969801862,0.144630528034484,0.597397495276418,1.33961113973508,14,"Ptgis,Twist1,Plin5"
GOBP_REGULATION_OF_POSITIVE_CHEMOTAXIS,0.110081112398609,0.24375969801862,0.141225119642531,0.541137282297799,1.34103637193613,24,"S1pr1,Cxcl12,Ager,Kdr,Ntrk3,Pgf,Angpt2,Casr,Vegfc,Il16"
GOBP_NEGATIVE_REGULATION_OF_STEROID_METABOLIC_PROCESS,0.110227272727273,0.243780246370436,0.139599673451922,0.520502716893983,1.32403935745879,27,"Wnt4,Snai2,Bmp5,Snai1,Malrd1,Abca2,Prox1"
GOBP_RESPONSE_TO_X_RAY,0.110284458260354,0.243799459839401,0.287805130535564,-0.357409711000149,-1.26466966392235,31,"Sfrp2,Rad51,Blm,Brca2,Casp3,Xrcc2,Trp53,Ercc8,Xrcc5,Msh2"
GOBP_ADRENERGIC_RECEPTOR_SIGNALING_PATHWAY,0.110367892976589,0.24384792480569,0.138022242496643,0.509173807816041,1.30978971098726,30,"Adra2a,Pln,Kcnq1,Adra2b,Pde4b,Atp2b4,Arrdc3,Gpr101,Adra1b"
GOBP_MACROPHAGE_DIFFERENTIATION,0.110403397027601,0.24384792480569,0.134273452883202,0.47091680101964,1.28806313136622,46,"Il34,Tspan2,Inhba,Csf1,Nkx2-3,Gata2,Tgfb1,Tlr2,Mmp9,Pf4"
GOBP_METANEPHRIC_TUBULE_DEVELOPMENT,0.110582639714625,0.244041729070908,0.142901149386948,0.562010239259843,1.33238564560462,20,"Wnt4,Sox8,Wnt7b,Wnt9b,Stat1,Hes1,Osr1"
GOBP_THYROID_HORMONE_GENERATION,0.110588235294118,0.244041729070908,0.142056643575821,0.557614710170673,1.33750629484966,21,"Slco1c1,Ctsk,Cpq,Gata3,Tpo,Cga,Duox2,Dio2,Duox1"
GOBP_LENS_DEVELOPMENT_IN_CAMERA_TYPE_EYE,0.110769230769231,0.244226720647773,0.131457611642763,0.420432778361689,1.22488782080559,86,"Epha2,Wnt2,Wnt7b,Crygn,Crybb1,Cdkn1c,Crybb3,Bcar3,Tgfbr2,Crybb2"
GOBP_RESPONSE_TO_AMINE,0.110752688172043,0.244226720647773,0.135002033828631,0.477763869089505,1.28751256754642,42,"Edn1,Adora2a,Ednra,Nr4a1,Rgs4,Dbh,Slc1a1,Oxtr"
GOBP_REGULATION_OF_LIPID_CATABOLIC_PROCESS,0.111342351716962,0.24538272778657,0.132147260608774,0.446785376026322,1.26285033646667,61,"Adra2a,Rarres2,Hcar1,Cidea,Hcar2,Twist1,Gpld1,Adora1,Plin5,Apoc1"
GOBP_L_ALPHA_AMINO_ACID_TRANSMEMBRANE_TRANSPORT,0.111458333333333,0.245437755104888,0.132147260608774,0.440555966072613,1.25010880428241,64,"Ace2,Slc38a5,Slc6a20a,Cltrn,Slc7a10,Agt,Kcnj10,Slc6a9,Slc25a18,Rgs4"
GOBP_NEGATIVE_REGULATION_OF_BLOOD_PRESSURE,0.111464968152866,0.245437755104888,0.133554954557592,0.468861316172964,1.28244091902987,46,"Nppa,Nos3,Nppb,Kcnk6,Gja5,Agtr2,Adora1,Apln,Nos2,Oprl1"
GOBP_REGULATION_OF_FAT_CELL_DIFFERENTIATION,0.111557788944724,0.245534590641474,0.129442887745046,0.403728527278711,1.21081110182834,129,"Rarres2,Id4,Zfp36,Snai2,Msx2,Htr2a,Ptgs2,Il6,Cds1,Tgfb1i1"
GOBP_RESPONSE_TO_OXIDATIVE_STRESS,0.111888111888112,0.246153846153846,0.128788713061714,0.36058509805444,1.12389539530826,413,"Edn1,Gjb2,Apod,Kcna5,Sgk2,Epas1,Mill2,Prr5l,Col1a1,Klf2"
GOBP_NEURON_PROJECTION_EXTENSION,0.112112112112112,0.246538752225541,0.128788713061714,0.393028677598155,1.19276084744201,172,"Mag,Edn1,Edn3,Nkx6-1,Wnt3,Cxcl12,Sema4d,Ednra,Sema7a,Prkcz"
GOBP_NEUTROPHIL_ACTIVATION_INVOLVED_IN_IMMUNE_RESPONSE,0.112398609501738,0.247060695218731,0.139599673451922,0.539500778300375,1.33698081809581,24,"Pira13,Lilra6,Stxbp3,Ptafr,Anxa3,Itgam,Myd88,Itgb2,Bcr,Dnase1l3"
GOBP_REGULATION_OF_VENTRICULAR_CARDIAC_MUSCLE_CELL_ACTION_POTENTIAL,0.112903225806452,0.24806141439206,0.144630528034484,0.624089259456196,1.35521947924345,12,"Dsp,Ctnna3,Jup"
GOBP_VITAMIN_BIOSYNTHETIC_PROCESS,0.112960760998811,0.248079399537362,0.141225119642531,0.559867915213755,1.32730673136456,20,"Snai2,Cyp27a1,Pltp,Snai1"
GOBP_HISTONE_H3_K9_MODIFICATION,0.113012794877515,0.248085292510598,0.287805130535564,-0.314224958280698,-1.30028184428498,53,"H1f5,Chek1,Myb,Suv39h2,Brca1,Dnmt3b,Suv39h1,Bend3,Prdm16,Dmrtc2"
GOBP_DETECTION_OF_STIMULUS_INVOLVED_IN_SENSORY_PERCEPTION_OF_PAIN,0.113142857142857,0.248262393215689,0.138022242496643,0.52900227560455,1.32383978540189,25,"Kcna1,Cxcl12,Htr2a,Adora1,Ephb1,Bace1,Trpa1,Fyn,Tnf,Phf24"
GOBP_INTEGRIN_ACTIVATION,0.113378684807256,0.248671312620453,0.137250779610133,0.523943858943379,1.32545534255748,26,"Selp,Cxcl12,Rasip1,Col16a1,Fermt3,Fn1,P2ry12,Plek,Fblim1,Skap1"
GOBP_PURINE_NUCLEOTIDE_CATABOLIC_PROCESS,0.113490364025696,0.248807701682152,0.132846300606183,0.476425352598016,1.28826123229878,43,"Pde2a,Xdh,Pde8a,Gda,Pde4a,Nudt11,Pde4c,Pde4b,Nudt10,Pde7b"
GOBP_NON_CANONICAL_WNT_SIGNALING_PATHWAY,0.113963039014374,0.249735046698019,0.129442887745046,0.427943739049495,1.23266275478171,72,"Wnt4,Daam2,Dkk1,Myoc,Dab2,Frzb,Rspo3,Wnt9b,Prickle1,Wnt5a"
GOBP_REGULATION_OF_TRANSLATIONAL_ELONGATION,0.114196919381514,0.250138524501469,0.287805130535564,-0.448472043087501,-1.35443456308173,17,"Dph1,Shfl,Eif5a,Dph6,Eif4a3,Dph2,Dph7,Dph3,Alkbh1"
GOBP_NEGATIVE_REGULATION_OF_OSTEOCLAST_DIFFERENTIATION,0.114606741573034,0.250926868417962,0.135740943810425,0.511558102315358,1.31075741846562,29,"Ccl3,Tnfaip6,Tlr3,Tlr4,Cldn18,Gpr137b,Inpp5d,Pik3r1,Il4,Zfp458"
GOBP_G_PROTEIN_COUPLED_PURINERGIC_NUCLEOTIDE_RECEPTOR_SIGNALING_PATHWAY,0.115384615384615,0.2523003312477,0.142901149386948,0.621677370411493,1.34998202487995,12,"P2ry4,Gpr87,P2ry12,P2ry10,Ptafr,F630111L10Rik,Gpr34,P2ry6,P2ry1,Gpr171"
GOBP_IMMUNOLOGICAL_SYNAPSE_FORMATION,0.115384615384615,0.2523003312477,0.140406238523342,0.592627048724634,1.34648147396765,15,"Ccl21a,Ccl19,Havcr2,Ephb1,Dock2,Ccr7"
GOBP_POSITIVE_REGULATION_OF_PRODUCTION_OF_MOLECULAR_MEDIATOR_OF_IMMUNE_RESPONSE,0.115346038114343,0.2523003312477,0.126875729929857,0.399425358700272,1.20101617546085,135,"Cd55,Il6,Cd40,Il18,Il1r1,Arid5a,Sema7a,Prkcz,Gprc5b,Rigi"
GOBP_NEGATIVE_REGULATION_OF_LIPID_BIOSYNTHETIC_PROCESS,0.115667718191378,0.252589756450067,0.130105630751129,0.454850205290391,1.26432082400761,53,"Ceacam1,Wnt4,Snai2,Bmp5,Ccdc3,Snai1,Malrd1,Apoc1,Gper1,Pdgfa"
GOBP_POSITIVE_REGULATION_OF_EPIDERMAL_GROWTH_FACTOR_ACTIVATED_RECEPTOR_ACTIVITY,0.115621156211562,0.252589756450067,0.142056643575821,0.612501216462453,1.34991677403332,13,"Tgfa,Adra2a,Adora1,Ncf1,Btc"
GOBP_REGULATION_OF_STEROID_HORMONE_BIOSYNTHETIC_PROCESS,0.115621156211562,0.252589756450067,0.142056643575821,0.611624200664487,1.34798388262846,13,"Wnt4,Dab2,Bmp5"
GOBP_MANGANESE_ION_TRANSPORT,0.115942028985507,0.253078844858943,0.140406238523342,0.587823981107707,1.34737910205461,16,"Slc39a8,Trpc1,Trpc7,Trpc6,Trpc5,Trpc3,Slc11a1,Atp2c1"
GOBP_EXCRETION,0.116182572614108,0.253493833563854,0.128788713061714,0.441026249225069,1.25268092070756,63,"Edn1,Slc26a3,Adora2a,Slc22a18,Nppb,Agt,Atp6v0a4,Adora1,Npr1,Mdk"
GOBP_CDC42_PROTEIN_SIGNAL_TRANSDUCTION,0.116586538461538,0.25426487151677,0.139599673451922,0.588627704427192,1.33739474224301,15,"Rhoj,Rit2,Ntn1,Rhou,Shtn1,Nrp1,Apoe,Was,Apoc3,Abl1"
GOBP_PROTEIN_DNA_COMPLEX_DISASSEMBLY,0.116738486335953,0.254375540013366,0.287805130535564,-0.399556288058803,-1.34476615616952,21,"Hmga1,Ssrp1,Smarcd2,Grwd1,Set,Supt16,Rpl23,Arid2,Smarcb1,Smarce1"
GOBP_TELENCEPHALON_REGIONALIZATION,0.11669747920088,0.254375540013366,0.287805130535564,-0.494742207195587,-1.3916714644242,13,"Eomes,Gsx2,Pax6,Dmrta2,Emx1"
GOBP_POSITIVE_REGULATION_OF_INFLAMMATORY_RESPONSE_TO_ANTIGENIC_STIMULUS,0.117206982543641,0.255285745774213,0.142056643575821,0.628509216375315,1.34632156193367,11,"C3,Zp3,H2-T23,Btk,Ccr7,Tnf"
GOBP_DETECTION_OF_MECHANICAL_STIMULUS_INVOLVED_IN_SENSORY_PERCEPTION_OF_PAIN,0.117433414043584,0.255668156083627,0.139599673451922,0.593030685843063,1.32981895512052,14,"Kcna1,Cxcl12,Htr2a,Bace1,Trpa1,Fyn,Tnf,Phf24"
GOBP_ACTIVATION_OF_GTPASE_ACTIVITY,0.117766497461929,0.25628233019096,0.126253987849115,0.414382897897273,1.222922272104,100,"Ccl21a,Epha2,Epha1,Arhgef15,Ntrk3,Rhog,Arhgap25,Arhgef5,Arhgef16,Arhgef10"
GOBP_NEGATIVE_REGULATION_OF_INTRACELLULAR_SIGNAL_TRANSDUCTION,0.117882117882118,0.256422936647947,0.125033367555272,0.356848109472406,1.11210206598453,484,"Aplnr,Ace2,Epha2,Spaar,Snai2,Nppa,Pde2a,Irak3,Hspa1a,Cxcl12"
GOBP_NEGATIVE_REGULATION_OF_ERK1_AND_ERK2_CASCADE,0.118012422360248,0.256595349137097,0.127505315300183,0.430838851609444,1.2302679594515,67,"Ace2,Ptprr,Spry4,Dab2,Btn2a2,Tlr4,Atf3,Errfi1,Timp3,Gper1"
GOBP_AMINOGLYCAN_CATABOLIC_PROCESS,0.118171683389075,0.256830545783346,0.132846300606183,0.504261898173247,1.29715440136867,30,"Pglyrp1,Tgfb1,Lyve1,Chia1,Lyg1,Pglyrp3,Ids,Fgf2,Cemip,Sgsh"
GOBP_POSITIVE_REGULATION_OF_HEPATOCYTE_PROLIFERATION,0.118387909319899,0.25718929133584,0.142056643575821,0.628058515913745,1.31622739858224,10,"Fgf1,Mdk,Tnfaip3,Tnf"
GOBP_REGULATION_OF_CALCIUM_ION_TRANSMEMBRANE_TRANSPORTER_ACTIVITY,0.118488253319714,0.257296090470066,0.126253987849115,0.420061819497593,1.22420078741911,83,"Adra2a,Pln,Rem1,Nppa,Gstm7,Casq2,Jph2,Hrc,Sln,Hspa2"
GOBP_CHROMATIN_DISASSEMBLY,0.11892045117942,0.258007435793016,0.287805130535564,-0.398318130670267,-1.34059895319493,21,"Hmga1,Ssrp1,Smarcd2,Grwd1,Set,Supt16,Arid2,Smarcb1,Smarce1,Arid1a"
GOBP_INTERLEUKIN_4_PRODUCTION,0.119021134593993,0.258007435793016,0.132147260608774,0.501569384412464,1.29433749365963,31,"Lgals9,Prkcz,Zp3,H2-T23,Havcr2,Cd83,Cd3e,Il1rap,Nlrp3"
GOBP_OUTER_DYNEIN_ARM_ASSEMBLY,0.118906064209275,0.258007435793016,0.137250779610133,0.557547661336664,1.32180599001851,20,"Dnai2,Dnah5,Odad1,Odad2,Zmynd10,Dnai1,Daw1,Ccdc103,Dnah8,Dnah17"
GOBP_PROTEIN_KINASE_C_SIGNALING,0.119021134593993,0.258007435793016,0.132147260608774,0.499560763235027,1.28915409574638,31,"Flt4,Cd40,Fibin,Prkcz,Prss33,Plek,Wnt5a,Plvap,Dgkg,Pdgfb"
GOBP_ECTODERMAL_PLACODE_DEVELOPMENT,0.119311193111931,0.258302053304771,0.139599673451922,0.608274047219558,1.34060034083402,13,"Tbx3,Tbx2,Six1,Prox1,Nrp1"
GOBP_MINERALOCORTICOID_METABOLIC_PROCESS,0.119311193111931,0.258302053304771,0.139599673451922,0.609095339894931,1.34241042174338,13,"Wnt4,Dab2,Bmp5,Cyp21a1,Clcn2,Ednrb"
GOBP_REGULATION_OF_POSTSYNAPTIC_DENSITY_ORGANIZATION,0.119311193111931,0.258302053304771,0.139599673451922,0.60863548609854,1.34139693093444,13,"Lrrc4b,Ntrk3,Ptprd,Grid2,Il1rap,Abi3"
GOBP_N_TERMINAL_PROTEIN_AMINO_ACID_MODIFICATION,0.119452643076174,0.25849695942485,0.287805130535564,-0.350972100590772,-1.25528654357504,29,"Naa25,Naa16,Naa40,Naa50,Naa10,Naa20,Nmt1,Nmt2,Naa15,Sox4"
GOBP_GAMMA_AMINOBUTYRIC_ACID_SECRETION,0.119700748129676,0.258922401397539,0.140406238523342,0.626701604983437,1.34244950066698,11,"Slc6a1,Sv2a,Htr1b,Apba1"
GOBP_GLYCOSYL_COMPOUND_METABOLIC_PROCESS,0.119917615377392,0.258945812930478,0.287805130535564,-0.278905098632912,-1.21432854251915,72,"Apobec2,Upb1,Akr1b8,Gnmt,Tk1,Umps,Ada,Dhfr,Mtap,Prps2"
GOBP_LYMPHOCYTE_HOMEOSTASIS,0.119791666666667,0.258945812930478,0.126875729929857,0.4369621932853,1.23991121907647,64,"Lgals2,Il2ra,Dock10,Foxn1,Lgals9,Jak3,Spns2,Ripk3,Spta1,Tnfsf13b"
GOBP_REGULATION_OF_HORMONE_SECRETION,0.11988011988012,0.258945812930478,0.12384217120105,0.377276931323188,1.15946453860135,232,"Edn1,Edn3,Kcna5,Adra2a,Nkx6-1,Pla2g3,Osm,Hcar2,Agt,Foxl2"
GOBP_RESPONSE_TO_PROSTAGLANDIN_E,0.119906868451688,0.258945812930478,0.135002033828631,0.541502939927727,1.33188622998597,23,"Ccl21a,A2m,Ccl19,P2ry4"
GOBP_LOW_DENSITY_LIPOPROTEIN_PARTICLE_REMODELING,0.120192307692308,0.259283933837328,0.137250779610133,0.587210768655969,1.3341753857019,15,"Pla2g3,Agt,Lipc,Pla2g2a,Abcg1,Pla2g5"
GOBP_POSITIVE_REGULATION_OF_DNA_METHYLATION_DEPENDENT_HETEROCHROMATIN_ASSEMBLY,0.120228933712913,0.259283933837328,0.287805130535564,-0.574181287942152,-1.56210082541667,11,"Dnmt1,Trim28,Setdb1,Pphln1,Mphosph8,Resf1,Setdb2,Atf7ip"
GOBP_POSITIVE_REGULATION_OF_WOUND_HEALING,0.120126448893572,0.259283933837328,0.127505315300183,0.450057651419325,1.25321935082784,55,"Adra2a,Tbxa2r,Thbd,Enpp4,Ocln,Foxc2,Vtn,Plpp3,Thbs1,Mylk"
GOBP_REGULATION_OF_T_HELPER_17_CELL_DIFFERENTIATION,0.120958083832335,0.260744548638572,0.136490437780413,0.574021538917056,1.33087011024771,17,"Il12rb1,Nfkbiz,Zc3h12a,Smad7,Il12b,Il4"
GOBP_PROTEIN_KINASE_A_SIGNALING,0.121111111111111,0.260962518455017,0.130777137971974,0.494683705597478,1.28499723758526,33,"Edn1,Ednra,Iapp,Pde4a,Ttn,Prkacb,Mroh2b,Akap6,Lcp1,Fshr"
GOBP_ARGININE_METABOLIC_PROCESS,0.12124849939976,0.261034777936871,0.136490437780413,0.562977357823218,1.32374825529973,19,"Nos3,Fah,Slc39a8,Otc,Nos2,Art4,Atp2b4"
GOBP_VENTRICULAR_CARDIAC_MUSCLE_CELL_ACTION_POTENTIAL,0.121245828698554,0.261034777936871,0.130777137971974,0.497687815625963,1.28432081367333,31,"Kcnj8,Dsp,Ctnna3,Kcnq1,Jup,Kcne4"
GOBP_NEGATIVE_REGULATION_OF_AMINE_TRANSPORT,0.121590909090909,0.261422502169191,0.132147260608774,0.51539413923429,1.31104430928223,27,"Adra2a,Htr1b,Adra2b,Adora1,Grm7,Syt11,Rgs4,Npy5r,Gabbr1,Snca"
GOBP_POSITIVE_REGULATION_OF_CELL_CYCLE_G1_S_PHASE_TRANSITION,0.121636608827081,0.261422502169191,0.287805130535564,-0.299677196396428,-1.26804486572466,55,"Cdc6,Fgf10,Stil,Rrm2,Ezh2,Rrm1,Tfdp1,Phb2,Apex1,Ccnd2"
GOBP_REGULATION_OF_ANDROGEN_RECEPTOR_SIGNALING_PATHWAY,0.121590909090909,0.261422502169191,0.132147260608774,0.514544040009232,1.30888185211305,27,"Nodal,Dab2,Tcf21,Heyl,Prmt2,Foxh1,Trim68"
GOBP_REGULATION_OF_TOLL_LIKE_RECEPTOR_4_SIGNALING_PATHWAY,0.121590909090909,0.261422502169191,0.132147260608774,0.514409219573723,1.30853889989204,27,"Pira13,Rab7b,Lbp,Acod1,Tnfaip3,Lilra6,Bpifb1,Lyn,Trem2,Nr1d1"
GOBP_METANEPHRIC_NEPHRON_DEVELOPMENT,0.122004357298475,0.261988852686644,0.128788713061714,0.476863775973078,1.27280960820307,40,"Cd34,Wnt4,Sox8,Agtr2,Foxd1,Ret,Tcf21,Egr1,Wnt9b,Pdgfra"
GOBP_REGULATION_OF_CELL_COMMUNICATION_BY_ELECTRICAL_COUPLING,0.121980676328502,0.261988852686644,0.136490437780413,0.580260715716869,1.33004298434179,16,"Gja5,Casq2,Hrc,Tbx5,Cav1,Slc8a1"
GOBP_RESPONSE_TO_PAIN,0.12247191011236,0.262880568802234,0.130777137971974,0.50780766386281,1.30114772798877,29,"Gja4,Vwa1,Tac1,Ret,Thbs1,Dbh,Prkcg,Trpa1,P2rx4,Pirt"
GOBP_LAMELLIPODIUM_ASSEMBLY,0.12280701754386,0.263374947607928,0.124434168630393,0.427393506951032,1.22509427437067,69,"Epha2,Plxnb3,Ablim2,S1pr1,Ocln,Clrn1,Ablim3,P2ry12,Abi3,Pik3r1"
GOBP_SYNCYTIUM_FORMATION,0.122788761706556,0.263374947607928,0.125033367555272,0.443471973673496,1.25348491964544,61,"Scgb3a1,Tmem182,Adam12,Cyp19a1,Dcstamp,Rapgef3,Cxcl10,Adamts15,Ehd2,Il4ra"
GOBP_POSITIVE_REGULATION_OF_DENDRITE_MORPHOGENESIS,0.122914510466238,0.263493067852358,0.287805130535564,-0.339419145639228,-1.24033312875172,34,"Ephb2,Camk2b,Itpka,Bhlhb9,Caprin2,Obsl1,Ankrd27,Reln,Parp6,Caprin1"
GOBP_CELLULAR_RESPONSE_TO_ALCOHOL,0.123076923076923,0.263728769099613,0.12384217120105,0.417600456973682,1.21663614265077,86,"Klf2,Ptgdr,Inhba,Gpld1,Jup,Adcy5,Kcnmb1,P2ry4,Cftr,Ces1d"
GOBP_REGULATION_OF_LAMELLIPODIUM_MORPHOGENESIS,0.123441396508728,0.264397060182947,0.138022242496643,0.623963726528329,1.33658472621017,11,"Enpp2,Vil1,Kank1"
GOBP_NEGATIVE_REGULATION_OF_MRNA_CATABOLIC_PROCESS,0.123702807515954,0.264618729099021,0.287805130535564,-0.2804833911195,-1.20283514129126,62,"Elavl4,E2f1,Ybx1,Boll,Syncrip,Hnrnpd,Elavl1,Hnrnpa0,Hnrnpab,Tardbp"
GOBP_POSITIVE_REGULATION_OF_TYPE_I_INTERFERON_MEDIATED_SIGNALING_PATHWAY,0.123649459783914,0.264618729099021,0.135002033828631,0.562413645329746,1.32242277849439,19,"Zbp1,Irf7,Trim6,Wnt5a,Sting1,Ikbke,Trim56,Mmp12"
GOBP_REGULATION_OF_EXTRINSIC_APOPTOTIC_SIGNALING_PATHWAY_IN_ABSENCE_OF_LIGAND,0.123655913978495,0.264618729099021,0.126875729929857,0.47322892485664,1.27529147241827,42,"Snai2,Hspa1a,Hspa1b,Inhba,Unc5b,Ret,Il1a,Gfral,Bcl2l1,Col2a1"
GOBP_HYPEROSMOTIC_RESPONSE,0.124571428571429,0.266363492738652,0.130777137971974,0.52166273639958,1.30547242772852,25,"Aqp4,Rcsd1,Tlr3,Errfi1,Icosl,Slc12a2,Avpr1b,Sst,Slc2a1,Efhd1"
GOBP_MAINTENANCE_OF_GASTROINTESTINAL_EPITHELIUM,0.124716553287982,0.266560422354883,0.130105630751129,0.514972143204447,1.30275900142265,26,"Serpina3n,Serpina3m,Serpina3c,Serpina3k,Tlr4,Tlr9,Muc13,Nod2,Tff2,Muc4"
GOBP_AMIDE_TRANSPORT,0.125874125874126,0.268920200071921,0.120433371642259,0.368820033148353,1.14107089129885,282,"Edn1,Edn3,Slc38a5,Kcna5,Adra2a,Slc14a1,Nkx6-1,Slc13a3,S100a8,Cltrn"
GOBP_ACTIVATION_OF_JANUS_KINASE_ACTIVITY,0.126201923076923,0.268934746633189,0.133554954557592,0.580065279171517,1.31794043788109,15,"Agt,Ccl5,Il12b,Ptk2b,Il4,Il6ra,Prlr"
GOBP_ALDEHYDE_BIOSYNTHETIC_PROCESS,0.126201923076923,0.268934746633189,0.133554954557592,0.579973887618525,1.31773279121149,15,"Wnt4,Dab2,Bmp5"
GOBP_CELLULAR_RESPONSE_TO_CHOLESTEROL,0.126201923076923,0.268934746633189,0.133554954557592,0.580135249634113,1.31809941464702,15,"Inhba,Gpld1,Ces1d,Mlc1,Osbpl7,Gramd1c"
GOBP_CELL_CELL_ADHESION_INVOLVED_IN_GASTRULATION,0.125935162094763,0.268934746633189,0.136490437780413,0.622890668341996,1.3342861419797,11,"Mbp,Klf4,Il1rn,Il10,Myadm,Wnk1"
GOBP_NEGATIVE_REGULATION_OF_DNA_DAMAGE_RESPONSE_SIGNAL_TRANSDUCTION_BY_P53_CLASS_MEDIATOR,0.126201923076923,0.268934746633189,0.133554954557592,0.580329179320953,1.31854003363521,15,"Snai2,Twist1,Snai1"
GOBP_POSITIVE_REGULATION_OF_CIRCADIAN_RHYTHM,0.126201923076923,0.268934746633189,0.133554954557592,0.580778981177923,1.31956200836395,15,"Adora2a,Ghrh,Nps,Ghrhr,Nkx2-1,Nlgn1,Rora"
GOBP_C21_STEROID_HORMONE_METABOLIC_PROCESS,0.126666666666667,0.269810734463277,0.127505315300183,0.485090880664439,1.26479271264622,34,"Wnt4,Dab2,Akr1d1,Bmp5,Egr1,Akr1c20,Lhb,Clcn2,Stard3,Cyp46a1"
GOBP_CELL_FATE_COMMITMENT,0.126873126873127,0.270136047772643,0.119887845115423,0.37310811605463,1.15149166330389,260,"Edn1,Sox17,Nkx6-2,Tbx10,Wnt3,Wnt4,Epas1,Tbx3,Nkx2-2,Gata6"
GOBP_MORPHOGENESIS_OF_EMBRYONIC_EPITHELIUM,0.127127127127127,0.270562264211714,0.119887845115423,0.391006000699537,1.18283851094965,150,"Wnt4,Aldh1a2,Wnt6,Twist1,Sulf1,Sox8,Tgfb1i1,Wnt2,Wnt7b,Nodal"
GOBP_GLYCOLYTIC_PROCESS_THROUGH_FRUCTOSE_6_PHOSPHATE,0.127201612986494,0.270606224495601,0.249246554383295,-0.519031030175116,-1.48166518603765,14,"Gck,Hk2,Pfkp,Eno1,Galk1,Foxk2,Hk1,Pfkl"
GOBP_NEGATIVE_REGULATION_OF_SIGNAL_TRANSDUCTION_IN_ABSENCE_OF_LIGAND,0.127494456762749,0.271114481449383,0.126875729929857,0.491571595150499,1.27690262519586,32,"Snai2,Hspa1a,Hspa1b,Unc5b,Il1a,Gfral,Bcl2l1,Col2a1,Pf4,Il7"
GOBP_EYELID_DEVELOPMENT_IN_CAMERA_TYPE_EYE,0.127921279212792,0.271677342882428,0.134273452883202,0.600822218978306,1.32417694824359,13,"Twist1,Inhba,Jun"
GOBP_PLACENTA_BLOOD_VESSEL_DEVELOPMENT,0.127919911012236,0.271677342882428,0.126875729929857,0.490414409375639,1.26555124218635,31,"Socs3,Wnt2,Junb,Ccn1,Hey2,Apela,Ovol2,Plg,Hes1,Itgb8"
GOBP_RESPONSE_TO_CAFFEINE,0.127921279212792,0.271677342882428,0.134273452883202,0.601306894668799,1.32524514505199,13,"Gstm7,Adora2a,Casq2"
GOBP_PEPTIDYL_GLUTAMIC_ACID_MODIFICATION,0.128205128205128,0.272165194040194,0.126875729929857,0.499458971898867,1.2847994386423,30,"Folh1,Ttll6,Ttll10,Ttll7,Ttll8,Ttll9,Agbl4"
GOBP_CELLULAR_RESPONSE_TO_NUTRIENT,0.12847965738758,0.272632856769678,0.12384217120105,0.468811845043683,1.26767419474804,43,"Bglap3,Bglap2,Bglap,Col1a1,Snai2,Nr1h4,Casr,Fes,Il15,Phex"
GOBP_RENAL_SYSTEM_PROCESS_INVOLVED_IN_REGULATION_OF_BLOOD_VOLUME,0.128605769230769,0.272761179568434,0.132147260608774,0.577894389289441,1.31300805584667,15,"Cyp4f14,Gja5,Emp2,Adora1,Cyp4f15,Coro2b,Pdgfb"
GOBP_SKELETAL_MUSCLE_CONTRACTION,0.128648648648649,0.272761179568434,0.124434168630393,0.472012966569813,1.26881616322779,41,"Gstm7,Synm,Rcsd1,Tnni1,Kbtbd13,Nr4a1,Myh14,Kcnj2,Chrnb1,Casq1"
GOBP_COCHLEA_DEVELOPMENT,0.129237288135593,0.273778275371946,0.122679189568808,0.457599939269644,1.25870036327002,48,"Kcnq1,Tbx2,Ntrk3,Gata2,Kcnk2,Frzb,Hoxa1,Hey2,Slc26a5,Six1"
GOBP_NEUTROPHIL_HOMEOSTASIS,0.129227053140097,0.273778275371946,0.132147260608774,0.57542189664516,1.31895169867569,16,"Hcar2,Il6,Mpl,Pde4b,Axl,Jam3,Pik3cd,Itpkb,Anxa1,Sh2b3"
GOBP_ETHANOL_CATABOLIC_PROCESS,0.129722921914358,0.274575633037253,0.135002033828631,0.624968899849623,1.30975246477965,10,"Sult1a1,Aldh3b3,Aldh3b1,Sult2a1,Sult2a6"
GOBP_NATURAL_KILLER_CELL_MEDIATED_IMMUNE_RESPONSE_TO_TUMOR_CELL,0.129722921914358,0.274575633037253,0.135002033828631,0.625470071295131,1.31080277390093,10,"Ceacam1,Havcr2,Il12b,Cd226,Nkg7"
GOBP_NEGATIVE_REGULATION_OF_DNA_TEMPLATED_TRANSCRIPTION_ELONGATION,0.130084810456855,0.275109946220702,0.249246554383295,-0.42909192753969,-1.33901037068616,18,"Ezh2,Larp7,Nelfa,Tcerg1,Rnf8,Hnrnpu,Nelfcd,Nelfe"
GOBP_TETRAHYDROFOLATE_METABOLIC_PROCESS,0.130084810456855,0.275109946220702,0.249246554383295,-0.429809486071608,-1.34124956059896,18,"Tyms,Shmt1,Gch1,Dhfr,Mthfd2l,Shmt2,Mthfd2,Mthfr,Atic,Gart"
GOBP_IMMUNE_RESPONSE_TO_TUMOR_CELL,0.130285714285714,0.275411725255159,0.127505315300183,0.518677819029391,1.2980026066086,25,"Ceacam1,Mill2,Havcr2,Il12b,Adam15,Mr1,Cd226,Nkg7,Ahr,Hrg"
GOBP_MYELOID_DENDRITIC_CELL_ACTIVATION,0.130337078651685,0.275411725255159,0.126253987849115,0.502482785400622,1.28750387421116,29,"Batf2,Batf,Havcr2,Dcstamp,Tspan32,Tgfbr2,Ubd,Dock2,Il4,Relb"
GOBP_CELLULAR_RESPONSE_TO_ESTROGEN_STIMULUS,0.130434782608696,0.275490831938139,0.131457611642763,0.573205369623868,1.31387109243367,16,"Arid5a,Serpinb9,Esr1,Myc,Bcas3,Ar,Wbp2"
GOBP_SUPPRESSION_OF_VIRAL_RELEASE_BY_HOST,0.130538922155689,0.275490831938139,0.130777137971974,0.56562378268619,1.31139989527653,17,"Trim12c,Trim5,Trim21,Trim13,Marchf2"
GOBP_T_CELL_TOLERANCE_INDUCTION,0.130538922155689,0.275490831938139,0.130777137971974,0.566893677951907,1.31434415004348,17,"Il2ra,Cd3e,Phlpp1,Tgfbr2,H2-D1,H2-M3,Pirb,H2-Q10,Aire"
GOBP_BENZENE_CONTAINING_COMPOUND_METABOLIC_PROCESS,0.130681818181818,0.275559744006033,0.126875729929857,0.511075220084715,1.30005797097866,27,"Gstm7,Fah,Cyp2e1,Cyp4b1,Kmo,Cyp1b1"
GOBP_PERIPHERAL_NERVOUS_SYSTEM_NEURON_DIFFERENTIATION,0.130736023364708,0.275559744006033,0.249246554383295,-0.484965470872799,-1.36417026327795,13,"Isl2,Hand2,Isl1,Pou4f1,Nefh"
GOBP_PROTEIN_AUTOPROCESSING,0.130681818181818,0.275559744006033,0.126875729929857,0.509714349773262,1.29659622948476,27,"Klk6,Myrf,Casp4,Ctse,Shh"
GOBP_WNT_SIGNALING_PATHWAY_INVOLVED_IN_HEART_DEVELOPMENT,0.130922693266833,0.275837543609543,0.133554954557592,0.619786384042917,1.32763649424609,11,"Sox17,Dkk1,Wnt5a,Wnt8a"
GOBP_POSITIVE_REGULATION_OF_CALCINEURIN_MEDIATED_SIGNALING,0.131009615384615,0.275905042538107,0.130777137971974,0.576177597822491,1.30910741055907,15,"Chp2,Erbb3,Nrg1,Akap6,Tnf,Igf1,Lmcd1,3425401B19Rik"
GOBP_MEMBRANE_DEPOLARIZATION,0.131282051282051,0.276363011639394,0.119348440591015,0.419905870694869,1.22005095603778,79,"Edn1,Dcn,Adora2a,Gja5,Myoc,Hcn2,Kdr,Prkcz,Scn4b,Tbx5"
GOBP_REGULATION_OF_DNA_TEMPLATED_TRANSCRIPTION_IN_RESPONSE_TO_STRESS,0.131440588853838,0.276580929329529,0.120985142145252,0.449517607293779,1.24949810959579,53,"Epas1,Klf2,Hspa1a,Jun,Atf3,Creb3l1,Creb3l3,Stox1,Egr1"
GOBP_HEMOGLOBIN_BIOSYNTHETIC_PROCESS,0.131611316113161,0.276824303807892,0.132147260608774,0.596899445162049,1.31553138471983,13,"Inhba,Klf4,Slc6a9"
GOBP_PLASMA_MEMBRANE_TUBULATION,0.131736526946108,0.27685598702261,0.130105630751129,0.559837728394255,1.31084244612596,18,"Atp10a,Pacsin3,Ehd2,Micall1,Cavin2,Snx33,Dnm2,Bin2,Pacsin1"
GOBP_RESPONSE_TO_FOLLICLE_STIMULATING_HORMONE,0.131736526946108,0.27685598702261,0.130105630751129,0.562156713347838,1.31627227651235,18,"Edn1,Ednra,Inhba,Plat,Cyp1b1"
GOBP_REGULATION_OF_STEROID_METABOLIC_PROCESS,0.13184584178499,0.276969931739718,0.118287526124085,0.409332102120165,1.20871742504989,97,"Fgf1,Wnt4,Snai2,Agt,Igfbp7,Dab2,Sec14l2,Fmo5,Il1a,Ces1d"
GOBP_POSITIVE_REGULATION_OF_TOLERANCE_INDUCTION,0.131961259079903,0.277096595402955,0.130777137971974,0.583980313775957,1.30952429480523,14,"Irak3,Cd3e,Tgfbr2,Foxj1,Cd274,H2-M3,Pirb,H2-Q10"
GOBP_LATERAL_SPROUTING_FROM_AN_EPITHELIUM,0.13216957605985,0.27720069755099,0.132846300606183,0.619325661830947,1.32664958708247,11,"Sulf1,Trp63,Nog,Shh,Wnt5a,Fgfr2"
GOBP_POSITIVE_REGULATION_OF_LEUKOCYTE_TETHERING_OR_ROLLING,0.13216957605985,0.27720069755099,0.132846300606183,0.618916446606173,1.32577301237803,11,"Sele,Selp,Chst4"
GOBP_REGULATION_OF_PROTEIN_MATURATION,0.132231404958678,0.27720069755099,0.119348440591015,0.429591295525705,1.22559958530799,66,"Gsn,Cntn2,Clec3b,Tmem98,Il1r2,Angptl8,Tfr2,Thbs1,Nlrc4,Serpine1"
GOBP_REGULATION_OF_SKELETAL_MUSCLE_CONTRACTION,0.132211538461538,0.27720069755099,0.130105630751129,0.57367650041588,1.30342477874225,15,"Gstm7,Kbtbd13,Nr4a1,Kcnj2,Casq1,Dmpk,Atp2a1"
GOBP_RESPONSE_TO_IRON_ION,0.132369299221357,0.277374100535957,0.124434168630393,0.489220942389838,1.26247141093034,31,"Trf,Tfr2,Slc6a3,Cpox,Hfe,Snca,Slc40a1,Map1lc3a,Pdx1,Abat"
GOBP_NEGATIVE_REGULATION_OF_LIPOPOLYSACCHARIDE_MEDIATED_SIGNALING_PATHWAY,0.132841328413284,0.278247232472325,0.131457611642763,0.595651499050225,1.31278098464852,13,"Sigirr,Pira13,Acod1,Tnfaip3,Lilra6"
GOBP_REGULATION_OF_CELLULAR_AMINE_METABOLIC_PROCESS,0.133037694013304,0.278542477219858,0.12384217120105,0.488902194898607,1.26996861146731,32,"Nnmt,Gpr37,Atcay,Nr1h4,Htr1a,Slc6a3,Atp2b4,Itgam,Prkn,Abat"
GOBP_CARDIAC_VENTRICLE_FORMATION,0.133144514322072,0.278650072230249,0.249246554383295,-0.551355730904515,-1.45912710348007,10,"Hand2,Sox11,Mesp1,Nkx2-5,Sox4"
GOBP_GROWTH_PLATE_CARTILAGE_DEVELOPMENT,0.133253301320528,0.278761691942695,0.129442887745046,0.558169943728314,1.31244441522126,19,"Comp,Matn1,Nppc,Rarg,Col27a1,Tgfbr2,Mmp13"
GOBP_APOPTOTIC_DNA_FRAGMENTATION,0.134057971014493,0.280220038139944,0.129442887745046,0.570922783728034,1.30863906952624,16,"Cidea,Foxl2,Il6"
GOBP_POSITIVE_REGULATION_OF_NATURAL_KILLER_CELL_MEDIATED_CYTOTOXICITY,0.134090909090909,0.280220038139944,0.125033367555272,0.507554139964475,1.29110115191001,27,"H2-T23,Il12b,Cd226,Klrd1,Vav1,H2-Q2,Klrc2,Rasgrp1,Nectin2,Klrc3"
GOBP_POSITIVE_REGULATION_OF_SPROUTING_ANGIOGENESIS,0.134117647058824,0.280220038139944,0.127505315300183,0.545467869540185,1.30837062911222,21,"Fgf1,Slc39a12,Klf4,Bmper,Itga5,S100a1,Jcad,Il10,Fgf2,Tjp1"
GOBP_NUCLEOSIDE_DIPHOSPHATE_BIOSYNTHETIC_PROCESS,0.134245663263451,0.280370980151794,0.249246554383295,-0.483092678731128,-1.35890224420771,13,"Umps,Cad,Ak2,Ak4,Ak5,Dtymk,Dhodh"
GOBP_POSITIVE_REGULATION_OF_SYNAPTIC_TRANSMISSION_GABAERGIC,0.134382566585956,0.280540349762294,0.129442887745046,0.582539257220786,1.3062928527092,14,"Adora2a,Car2,Nps,Oxtr"
GOBP_CELLULAR_RESPONSE_TO_FATTY_ACID,0.134444444444444,0.280553018772197,0.123257226381337,0.488210132876678,1.26818139552415,33,"Edn1,Hmgcs2,Or51e2,Nr1h4,Zc3h12a,Akr1c20,Ldlr,Ptafr,Ffar2,Hes1"
GOBP_CELLULAR_RESPONSE_TO_INTERFERON_ALPHA,0.134663341645885,0.280660289574571,0.131457611642763,0.617048509866391,1.32177172895438,11,"Mndal,Ifit3,Axl,Gata3,Ifit2,Gas6"
GOBP_NEUROTRANSMITTER_CATABOLIC_PROCESS,0.134663341645885,0.280660289574571,0.131457611642763,0.616645728431226,1.32090893598845,11,"Prima1,Hnmt,Colq,Bche"
GOBP_SALIVA_SECRETION,0.134615384615385,0.280660289574571,0.271288554688953,-0.517750427852473,-1.37019285331194,10,"Aqp1,Fgf10,Neurog1,Aqp5,Chrm3"
GOBP_NEGATIVE_REGULATION_OF_MACROPHAGE_MIGRATION,0.134760705289673,0.280746815371398,0.132147260608774,0.622963436592496,1.30554959893356,10,"Cd200,Cyp19a1,Stap1,Mmp28"
GOBP_RETINAL_ROD_CELL_DIFFERENTIATION,0.135,0.281128831814416,0.276500599254472,-0.49368821956219,-1.3431137368487,11,"Nrl,Rpgrip1,Rorb"
GOBP_PYROPTOSIS,0.135355892648775,0.281403669290898,0.126253987849115,0.535091148880199,1.3033188037277,22,"Zbp1,Casp4,Naip2,Gzmb,Nlrc4,Nlrp9a,Gzma,Trem2,Aim2"
GOBP_RESPONSE_TO_CARBOHYDRATE,0.135270541082164,0.281403669290898,0.115734447701689,0.376723051430213,1.15067116443528,212,"Serpinf1,Adra2a,Nkx6-1,Hmgcs2,Gjb6,Slc6a1,Nkx2-2,Cltrn,Calcrl,Aqp4"
GOBP_RESPONSE_TO_FLUID_SHEAR_STRESS,0.135254988913526,0.281403669290898,0.122679189568808,0.484729771002996,1.25913035498891,32,"Klf2,Nos3,Ptgs2,Klf4,Smad7,Ptk2b"
GOBP_SEX_DETERMINATION,0.135355892648775,0.281403669290898,0.126253987849115,0.534229828198128,1.30122088930073,22,"Wnt4,Foxl2,Ptgdr,Sox3,Tcf21"
GOBP_CELLULAR_RESPONSE_TO_GONADOTROPIN_STIMULUS,0.135552913198573,0.281431510587972,0.127505315300183,0.552479985658766,1.30979179906943,20,"Edn1,Gata6,Ednra,Inhba,Plat,Lhcgr,Cyp1b1"
GOBP_MITOCHONDRIAL_DNA_METABOLIC_PROCESS,0.135592969321564,0.281431510587972,0.249246554383295,-0.504354120564501,-1.45462306042056,15,"Ppargc1a,Dna2,Trp53,Parp1,Mgme1,Endog,Polg2,Lonp1,Primpol,Lig3"
GOBP_MYD88_INDEPENDENT_TOLL_LIKE_RECEPTOR_SIGNALING_PATHWAY,0.135593220338983,0.281431510587972,0.128788713061714,0.580730086128873,1.30223594626487,14,"Cd40,Tlr3,Irf7,Tlr4,Cd300lf,Tlr6,Ticam1"
GOBP_REGULATION_OF_PIGMENTATION,0.135593220338983,0.281431510587972,0.128788713061714,0.58189194016357,1.30484130135915,14,"Edn3,Spns2,Adamts9,Kitl,Zeb2,Ihh,Adamts20"
GOBP_REGULATION_OF_T_CELL_APOPTOTIC_PROCESS,0.135706340378198,0.281550050797029,0.122679189568808,0.486802471703231,1.25623036555502,31,"Gimap8,Pdcd1,Lgals9,Jak3,Ripk3,Ccl5,Wnt5a,Rag1,Cd274,Efna1"
GOBP_PHOSPHOLIPID_BIOSYNTHETIC_PROCESS,0.135864135864136,0.281761143147282,0.115240003147781,0.371540833321474,1.14605534514553,254,"Adgrf5,Lcat,Bmx,Hmgcs2,Pigz,Sgms2,Htr2a,Pld1,Pld2,Cds1"
GOBP_RESPONSE_TO_ESTRADIOL,0.136088709677419,0.282110492184902,0.115734447701689,0.400247528962364,1.19454018910603,122,"Gjb2,Aldh1a2,Col1a1,Slc6a1,Msx2,Aqp4,Agt,Ptgs2,Cd38,Ccn2"
GOBP_NEGATIVE_REGULATION_OF_T_HELPER_CELL_DIFFERENTIATION,0.136526946107784,0.282785726445749,0.127505315300183,0.563504698294666,1.30648679378718,17,"Jak3,Zc3h12a,Hlx,Smad7,Il4ra,Il4"
GOBP_REGULATION_OF_ATPASE_COUPLED_CALCIUM_TRANSMEMBRANE_TRANSPORTER_ACTIVITY,0.136476426799007,0.282785726445749,0.130105630751129,0.609659222777057,1.32388443141583,12,"Pln,Sln,Hspa2,Tlr9"
GOBP_NEPHRON_MORPHOGENESIS,0.136690647482014,0.283008189823759,0.116739204791222,0.419395580476197,1.21610330670644,77,"Hoxb7,Fgf1,Wnt4,Agt,Wnt6,Sox8,Agtr2,Foxd1,Tcf21,Nog"
GOBP_POSITIVE_REGULATION_OF_HETEROTYPIC_CELL_CELL_ADHESION,0.13680387409201,0.283126008670454,0.128142916898415,0.579992955451578,1.30058299580131,14,"Ager,Gcnt2,Thy1,Skap1,Tnf,Il10,Fgg,Il1b"
GOBP_REGULATION_OF_MEMBRANE_POTENTIAL,0.136863136863137,0.283132094243205,0.114750719227023,0.356938534341756,1.11144663617746,402,"Edn1,Dcn,Kcna5,Slc26a3,Pln,Kcnq3,Kcna1,Nppa,Adora2a,Kcnj8"
GOBP_BRONCHUS_DEVELOPMENT,0.13715710723192,0.28317789659624,0.130105630751129,0.61248391365172,1.31199396572479,11,"Hoxa5,Wnt7b,Adamtsl2,Tgfbr2"
GOBP_IMMUNE_RESPONSE_INHIBITING_CELL_SURFACE_RECEPTOR_SIGNALING_PATHWAY,0.13715710723192,0.28317789659624,0.130105630751129,0.612586065730811,1.31221278438821,11,"Ceacam1,Kir3dl2,Kir3dl1,Lyn,H2-M3,Pirb,H2-Q10"
GOBP_MEMBRANE_REPOLARIZATION,0.137234042553192,0.28317789659624,0.118815039412263,0.459013927760997,1.252261895485,45,"Kcna5,Nppa,Kcnj8,Kcnq1,Gja5,Casq2,Kcne4,Scn4b,Kcnj2,Scn1b"
GOBP_NAIL_DEVELOPMENT,0.13727959697733,0.28317789659624,0.130777137971974,0.620388379353663,1.30015303029419,10,"Itgb4,Msx2,Foxn1"
GOBP_POSITIVE_REGULATION_OF_SMOOTH_MUSCLE_CONTRACTION,0.137123745819398,0.28317789659624,0.122107920287081,0.495082436392572,1.27354131599749,30,"Edn1,Tbxa2r,Ptgs2,Adra2b,Gper1,Npnt,Oxtr,Myocd,Ptafr,Tacr2"
GOBP_REGULATION_OF_DNA_CATABOLIC_PROCESS,0.13727959697733,0.28317789659624,0.130777137971974,0.621193771629483,1.30184089751226,10,"Cidea,Il6"
GOBP_REGULATION_OF_NEUROTROPHIN_TRK_RECEPTOR_SIGNALING_PATHWAY,0.13715710723192,0.28317789659624,0.130105630751129,0.614156013749668,1.31557574998018,11,"Agt,Agtr2,Dok5"
GOBP_REGULATION_OF_DNA_DAMAGE_RESPONSE_SIGNAL_TRANSDUCTION_BY_P53_CLASS_MEDIATOR,0.137513751375138,0.283544556260384,0.120985142145252,0.476361651089041,1.25680451421015,37,"Snai2,Mndal,Twist1,Hic1,Snai1"
GOBP_CARBOHYDRATE_TRANSPORT,0.137862137862138,0.284146357947096,0.114266502484433,0.388310032621075,1.1745205338329,147,"Edn1,Slc5a11,C3,Slc45a3,Pls1,Mfsd4b1,Ednra,Slc45a1,Ocln,Vil1"
GOBP_HYALURONAN_BIOSYNTHETIC_PROCESS,0.138014527845036,0.284227378728799,0.127505315300183,0.579081345219248,1.29853879034016,14,"Tgfb1,Ap2a1,Pdgfb,Has1,Abcc5,Cemip,Il1b"
GOBP_NEURON_REMODELING,0.138014527845036,0.284227378728799,0.127505315300183,0.579545115834801,1.29957875499985,14,"C3,Rnd1,Ednra,Scarf1,Ntn4,Adgrb3,Farp2,Anks1,Cx3cl1,App"
GOBP_NUCLEOSIDE_METABOLIC_PROCESS,0.138126331747975,0.284341142382092,0.249246554383295,-0.309733426153268,-1.2816956132285,53,"Apobec2,Upb1,Gnmt,Tk1,Umps,Ada,Dhfr,Mtap,Prps2,Nme4"
GOBP_POSITIVE_REGULATION_OF_MEIOTIC_CELL_CYCLE,0.138285714285714,0.284552716215426,0.123257226381337,0.516241567093843,1.29190583276041,25,"Wnt4,Msx2,Mapk15,Meiosin,Lfng,Ovol1,Topaz1,Wnt5a,Sirt2"
GOBP_GLUCOSE_6_PHOSPHATE_METABOLIC_PROCESS,0.138385267626216,0.284641055792547,0.249246554383295,-0.371537824052015,-1.25279284595025,22,"Gck,Hk2,Tigar,Rpe,Dera,Gpi1,Trp53,Pgam1,Pgls"
GOBP_SPHINGOMYELIN_BIOSYNTHETIC_PROCESS,0.138539042821159,0.284840805015119,0.130105630751129,0.620125568458338,1.29960225533882,10,"Sgms2,Abca8b,Sgms1"
GOBP_DIGESTIVE_SYSTEM_PROCESS,0.138663967611336,0.284981097785031,0.114750719227023,0.403351924098354,1.19385063013634,106,"Adra2a,Serpina3n,Pls1,Serpina3m,Serpina3c,Kcnq1,Serpina3k,Mogat2,Vil1,Mdk"
GOBP_NEGATIVE_REGULATION_OF_MAPK_CASCADE,0.139,0.285554965263588,0.11378726182188,0.384742686220597,1.16776714456215,160,"Ace2,Nppa,Irak3,Agt,Ptprr,Dusp1,Spry4,Dab2,Cblc,Btn2a2"
GOBP_FOREBRAIN_GENERATION_OF_NEURONS,0.139122024372377,0.285572240310305,0.249246554383295,-0.296225650095091,-1.21303068963698,50,"Lhx8,Nhlh2,Pax6,Tbr1,Hes5,Ascl1,Gli3,Aspm,Fezf2,Bcl11b"
GOBP_POSITIVE_REGULATION_OF_REGULATED_SECRETORY_PATHWAY,0.139093782929399,0.285572240310305,0.117249716749792,0.444299676380621,1.23645415750529,54,"Pla2g3,Zp3,Gata2,Syt10,Scamp5,Gab2,Il4ra,Il4,Adora2b,Ptafr"
GOBP_MACROPINOCYTOSIS,0.139650872817955,0.286423883172526,0.128788713061714,0.611490391982406,1.30986575565118,11,"Dock2,Stx1b,Snx33,Dnm2"
GOBP_POSITIVE_REGULATION_OF_TRANSCRIPTION_FROM_RNA_POLYMERASE_II_PROMOTER_IN_RESPONSE_TO_ENDOPLASMIC_RETICULUM_STRESS,0.139650872817955,0.286423883172526,0.128788713061714,0.611020128839552,1.30885841098143,11,"Atf3,Creb3l1,Creb3l3"
GOBP_AMYLOID_BETA_CLEARANCE,0.13971397139714,0.286436433202864,0.119887845115423,0.474682225795606,1.25237361746344,37,"C3,Pla2g3,C5ar1,Myocd,Il4,Ldlr,Trem2,Tnf,Itgam,Clu"
GOBP_NEGATIVE_REGULATION_OF_MULTICELLULAR_ORGANISM_GROWTH,0.14,0.28678891605542,0.271288554688953,-0.488288319067223,-1.32842292543165,11,"Socs2,Adrb1,Stc2,Fxn"
GOBP_REGULATION_OF_CHOLESTEROL_METABOLIC_PROCESS,0.14,0.28678891605542,0.120433371642259,0.484934885113806,1.25967356662242,33,"Fgf1,Sec14l2,Fmo5,Ces1d,Nr1h4,Ldlrap1,Abca2,Abcg1,Ldlr,Serpina12"
GOBP_ENDOCRINE_PANCREAS_DEVELOPMENT,0.140106951871658,0.286891098598299,0.11776578836269,0.462868196681679,1.25622487832369,44,"Nkx6-2,Nkx6-1,Nkx2-2,Gata6,Il6,Bmp5,Gipr"
GOBP_INTESTINAL_ABSORPTION,0.140540540540541,0.287607884179313,0.118287526124085,0.46749512367423,1.25667176785133,41,"Adra2a,Pls1,Kcnq1,Mogat2,Vil1,Pnlip,Gcnt3,F11r,Akr1c20,Ldlr"
GOBP_NEGATIVE_REGULATION_OF_MYOBLAST_DIFFERENTIATION,0.140571428571429,0.287607884179313,0.122107920287081,0.514894148860654,1.28853388910925,25,"Cmtm5,Tmem182,Tbx3,Sox8,Il18,Tgfb1,Cxcl10,Prickle1"
GOBP_B_CELL_MEDIATED_IMMUNITY,0.140859140859141,0.288041080706124,0.112843355675562,0.372388976190424,1.14565249205603,236,"C1s1,C3,Cd55,Cd40,Csf2rb2,Il13ra2,Batf,Irf7,Zp3,H2-T23"
GOBP_NEGATIVE_REGULATION_OF_PRODUCTION_OF_MIRNAS_INVOLVED_IN_GENE_SILENCING_BY_MIRNA,0.140897755610973,0.288041080706124,0.128142916898415,0.609992529488684,1.30665720354157,11,"Tgfb1,Zc3h12a,Esr1,Tnf"
GOBP_B_CELL_RECEPTOR_SIGNALING_PATHWAY,0.141,0.288132926829268,0.112843355675562,0.385655180893878,1.16723212993432,152,"Bmx,Prkch,Mndal,Cd38,Klhl6,Ifi204,Nfam1,Rftn1,Trbc2,Itk"
GOBP_REGULATION_OF_ENDOTHELIAL_CELL_CHEMOTAXIS,0.141176470588235,0.288284687332378,0.12384217120105,0.541212390480057,1.29816334812284,21,"Fgf1,Kdr,Sema5a,Thbs1,Fgf4,Prkd2,P2rx4,Hrg,Fgf2,Hspb1"
GOBP_T_CELL_APOPTOTIC_PROCESS,0.141188959660297,0.288284687332378,0.116739204791222,0.456437334570566,1.24845854122519,46,"Gimap8,Il2ra,Pdcd1,Lgals9,Jak3,Ripk3,Ccl5,Fas,Wnt5a,Rag1"
GOBP_T_CELL_SELECTION,0.141499472016895,0.288801399037326,0.116234148779716,0.450609781694659,1.24409561966153,49,"Il6,Batf,Foxn1,Il12rb1,Themis,Zap70,Cd3e,Shh,Ly9,Il12b"
GOBP_DETECTION_OF_MECHANICAL_STIMULUS_INVOLVED_IN_SENSORY_PERCEPTION,0.142222222222222,0.29015873015873,0.119348440591015,0.483521392010745,1.2560018573823,33,"Kcna1,Piezo2,Cxcl12,Htr2a,Kcnq1,Pdzd7,Bace1,Chrna10,Trpa1,Fyn"
GOBP_METANEPHRIC_TUBULE_MORPHOGENESIS,0.142317380352645,0.290235079526469,0.128142916898415,0.618469571050441,1.29613176794787,10,"Wnt4,Sox8,Wnt9b,Hes1,Pax2"
GOBP_ACTIN_FILAMENT_SEVERING,0.142512077294686,0.29038847473495,0.125033367555272,0.564759132268678,1.29451107299055,16,"Gsn,Vil1,Capg,Fmnl1,Scin"
GOBP_CELL_ADHESION_MOLECULE_PRODUCTION,0.142681426814268,0.29038847473495,0.126253987849115,0.586488272207924,1.29258576986978,13,"Aqp4,Colec12,Myocd,Notch4,Cav1"
GOBP_FAT_SOLUBLE_VITAMIN_CATABOLIC_PROCESS,0.142681426814268,0.29038847473495,0.126253987849115,0.585932262182896,1.29136035636995,13,"Cyp4f14,Cyp26c1,Cyp4f18,Cyp26b1,Cyp2w1,Cyp4f15,Cyp4f40"
GOBP_T_CELL_HOMEOSTASIS,0.142546245919478,0.29038847473495,0.11776578836269,0.471910493327809,1.25552292673649,39,"Lgals2,Il2ra,Foxn1,Lgals9,Jak3,Spns2,Ripk3"
GOBP_WNT_SIGNALING_PATHWAY_INVOLVED_IN_MIDBRAIN_DOPAMINERGIC_NEURON_DIFFERENTIATION,0.142679900744417,0.29038847473495,0.126875729929857,0.606938459943031,1.31797625284168,12,"Wnt3,Wnt2,Wnt9b,Wnt5a"
GOBP_CORPUS_CALLOSUM_DEVELOPMENT,0.142857142857143,0.290510864539991,0.276500599254472,-0.466065926151682,-1.31100730952861,13,"Ephb2,Nsun5,Tsku,Rpgrip1l,Nin,Rtn4r,Ryk"
GOBP_OUTFLOW_TRACT_SEPTUM_MORPHOGENESIS,0.142857142857143,0.290510864539991,0.120433371642259,0.503069338394846,1.27264769091294,26,"Eng,Gata6,Msx2,Tbx2"
GOBP_G_PROTEIN_COUPLED_GLUTAMATE_RECEPTOR_SIGNALING_PATHWAY,0.143028846153846,0.290742422003795,0.124434168630393,0.57012106198856,1.29534662573772,15,"Grm3,Grm7,Grm4,Grm6"
GOBP_HETEROPHILIC_CELL_CELL_ADHESION_VIA_PLASMA_MEMBRANE_CELL_ADHESION_MOLECULES,0.14331550802139,0.291207380284369,0.116234148779716,0.461642262331624,1.25289769092829,44,"Sele,Selp,Icam1,Ptprd,Grid2,Jaml,Alcam,Vcam1,Itga5,Umod"
GOBP_T_HELPER_CELL_LINEAGE_COMMITMENT,0.143712574850299,0.29189620758483,0.12384217120105,0.561203716614361,1.30115196306232,17,"Il6,Batf,Il12rb1,Ly9,Il12b,Il6ra"
GOBP_RETINOIC_ACID_METABOLIC_PROCESS,0.1438127090301,0.29198161885877,0.118815039412263,0.491025997824572,1.2631066050637,30,"Adh1,Aldh1a2,Cyp26c1,Cyp3a13,Rbp1,Cyp26b1,Cyp2w1,Aldh1a3"
GOBP_G_PROTEIN_COUPLED_PURINERGIC_RECEPTOR_SIGNALING_PATHWAY,0.143920595533499,0.292082694286192,0.126253987849115,0.606686806371739,1.31742978321948,12,"Adora2a,Cntn2,Adcy5,Adora1,Adora3,P2ry12,Adora2b"
GOBP_MUSCLE_ORGAN_DEVELOPMENT,0.144,0.292125907990315,0.11146266692298,0.360766516953924,1.11862786124896,326,"Eng,S1pr1,Dsp,Col3a1,Foxl2,Twist1,Ednra,Sox8,Egr3,Jph2"
GOBP_CHROMOSOME_LOCALIZATION_TO_NUCLEAR_ENVELOPE_INVOLVED_IN_HOMOLOGOUS_CHROMOSOME_SEGREGATION,0.144230769230769,0.292240256720305,0.261663521711573,-0.510621375963623,-1.35132628087952,10,"Terb1,Atm,Mlh1,Terf1,Kash5,Ube2b"
GOBP_NOREPINEPHRINE_METABOLIC_PROCESS,0.144230769230769,0.292240256720305,0.12384217120105,0.569166901259727,1.29317871972107,15,"Epas1,Ednra,Moxd1,Rtl4,Dbh,Moxd2,Kl"
GOBP_REGULATION_OF_DEOXYRIBONUCLEASE_ACTIVITY,0.144230769230769,0.292240256720305,0.261663521711573,-0.513787082121329,-1.35970411645363,10,"Ddx11,Npm1,Hmgb1,Pcna,Rps3,Akt1,Sirt1"
GOBP_NEGATIVE_REGULATION_OF_CYSTEINE_TYPE_ENDOPEPTIDASE_ACTIVITY,0.144467213114754,0.292365813336501,0.112843355675562,0.415342674951292,1.20692783194069,78,"Adora2a,Ptgs2,Dpep1,Klf4,Vil1,Serpinb9,Naip2,Plaur,Nr4a1,Thbs1"
GOBP_REGULATION_OF_RUFFLE_ASSEMBLY,0.144444444444444,0.292365813336501,0.118287526124085,0.482075096185311,1.25224493933671,33,"Icam1,Eps8l2,Rhog,Stap1,P2ry12,Eps8l3,Abi3,Kank1,Cav1,P2rx4"
GOBP_RESPONSE_TO_ARSENIC_CONTAINING_SUBSTANCE,0.144444444444444,0.292365813336501,0.118287526124085,0.482157103991075,1.25245796394754,33,"Serpinf1,Gsto2,Atf3,Zc3h12a,Myc,Cyp1b1,Cpeb2,Cpox"
GOBP_REGULATION_OF_ACTIN_NUCLEATION,0.144605116796441,0.292527131644147,0.118287526124085,0.484943581806995,1.25143336046648,31,"Gsn,Dnai3,Vil1,Ctnna2"
GOBP_APPENDAGE_DEVELOPMENT,0.144855144855145,0.292915049552218,0.11101149245045,0.383267894270449,1.16481209221592,175,"Wnt3,Aldh1a2,Itgb4,Tbx3,Msx2,Col3a1,Dkk1,Twist1,Tbx2,Foxn1"
GOBP_NEGATIVE_REGULATION_OF_NERVOUS_SYSTEM_PROCESS,0.145258103241297,0.293611775228789,0.123257226381337,0.548735912215501,1.29026184858338,19,"Tmem98,Klk8,Jam2,Avpr1a,Tnf,Il10,Ccn3,Gpr35,Mtmr2,Mtnr1b"
GOBP_MULTICELLULAR_ORGANISMAL_RESPONSE_TO_STRESS,0.145790554414784,0.294410220814715,0.112378519110475,0.417699899993269,1.20619276334182,74,"Gja4,Adra2a,Hmgcs2,Vwa1,Tac1,Grm7,Mdk,Ret,Lypd1,Thbs1"
GOBP_NEGATIVE_REGULATION_OF_LIPID_STORAGE,0.145882352941176,0.294410220814715,0.121543282035469,0.535340237477512,1.28407827923572,21,"Itgb3,Il6,Ces1d,Nfkbia,Abcg1,Trem2,Tnf,Abhd5,Itgav,Nr1h3"
GOBP_POSITIVE_REGULATION_OF_B_CELL_PROLIFERATION,0.145945945945946,0.294410220814715,0.115734447701689,0.466169029231351,1.25310709869549,41,"Tnfrsf13c,Cd40,Cd38,Bst1,Tlr4,Tlr9,Tnfsf13b,Gpr183,Il4,Il7"
GOBP_REGULATION_OF_MYOBLAST_FUSION,0.145882352941176,0.294410220814715,0.121543282035469,0.535549492162397,1.28458020189514,21,"Scgb3a1,Tmem182,Cxcl10,Ehd2,Il4ra,Il4,Adgrb1,Ripor2,Cxcl9,Capn2"
GOBP_TELOMERIC_LOOP_DISASSEMBLY,0.145900729181783,0.294410220814715,0.249246554383295,-0.538619372491378,-1.42542115880846,10,"Blm,Slx4,Rtel1,Recql4,Terf1,Wrn,Pot1a,Terf2"
GOBP_PHOSPHATIDYLETHANOLAMINE_METABOLIC_PROCESS,0.146258503401361,0.294922381307116,0.118815039412263,0.502187114475588,1.27041587086742,26,"Pla2g3,Pla2g2d,Pla2g2a,Pcyt2,Pla2g4e,Abhd4,Etnk2,Mfsd2a"
GOBP_POSITIVE_REGULATION_OF_MACROAUTOPHAGY,0.146666666666667,0.295626837743919,0.111918316325105,0.417999763061505,1.20682242765627,73,"Dcn,Irgm2,Calcoco2,Kdr,Pip4k2a,Nod1,Wipi1,Epm2a,Irgm1,Rufy4"
GOBP_INDUCTION_OF_BACTERIAL_AGGLUTINATION,0.14713216957606,0.296208817164138,0.125033367555272,0.605016700206635,1.29599854321268,11,"Sftpd,Ear6,Spon2,Dmbt1"
GOBP_NEGATIVE_REGULATION_OF_ALPHA_BETA_T_CELL_PROLIFERATION,0.14713216957606,0.296208817164138,0.125033367555272,0.605917114930319,1.29792731008768,11,"Lgals9,Vsir,Tnfrsf14,Xcl1,Cd274,Zbtb7b"
GOBP_REGULATION_OF_POSTSYNAPTIC_SPECIALIZATION_ASSEMBLY,0.14713216957606,0.296208817164138,0.125033367555272,0.60460364473848,1.29511374237195,11,"Lrrc4b,Ntrk3,Ptprd,Grid2,Il1rap,Abi3"
GOBP_ANTIMICROBIAL_PEPTIDE_PRODUCTION,0.147286078194888,0.296399966007086,0.249246554383295,-0.390089214515651,-1.31290331111044,21,"Pgc,Klk1b3,Klk1,Klk1b16,Klk1b4"
GOBP_ENAMEL_MINERALIZATION,0.147443519619501,0.296598068478283,0.121543282035469,0.546225560863689,1.29496412292344,20,"Dmp1,Msx2,Fam20a,Cftr,Amelx,Amtn"
GOBP_POSITIVE_REGULATION_OF_EXOCYTOSIS,0.147540983606557,0.296675409836066,0.11146266692298,0.40974275928071,1.19463528962774,87,"Pla2g3,Zp3,Gata2,Cftr,Syt10,Scamp5,Cadps2,Gab2,Il4ra,Il4"
GOBP_REGULATION_OF_UNSATURATED_FATTY_ACID_BIOSYNTHETIC_PROCESS,0.147642679900744,0.296761196265911,0.124434168630393,0.602954941239198,1.30932598036612,12,"Pla2g3,Ptgs2,Avpr1a,Abcd1,Il1b,Anxa1"
GOBP_AMYLOID_PRECURSOR_PROTEIN_METABOLIC_PROCESS,0.147843942505133,0.296809704062822,0.11146266692298,0.41777872687812,1.20338313047084,72,"Klk6,Ager,Itm2c,Rtn4,Bace1,Itm2a,Bace2,Ldlrap1,Adam19,Tmcc2"
GOBP_ESTROUS_CYCLE,0.147836538461538,0.296809704062822,0.122107920287081,0.567210837829898,1.28873443528309,15,"Mdk,Egr1,Cyp1b1,Oprl1,Oxtr,Oprk1,Ptn,Anxa1"
GOBP_PENTOSE_PHOSPHATE_SHUNT,0.147727272727273,0.296809704062822,0.282013350011725,-0.462885828743703,-1.32138885285593,14,"Tigar,Rpe,Dera,Trp53,Pgam1,Pgls,Pgd,Rpia,Tkt"
GOBP_POSITIVE_REGULATION_OF_AXONOGENESIS,0.147995889003083,0.296877627301875,0.11146266692298,0.414939738641056,1.20318289399317,77,"Wnt3,Lpar3,Plxnb3,Cxcl12,Sema4d,Sema7a,Sema5a,Fn1,Pou4f2,Mapt"
GOBP_REGULATION_OF_HISTONE_UBIQUITINATION,0.147959183673469,0.296877627301875,0.266350657088526,-0.476644127730912,-1.31669341802392,12,"Kdm1a,Ubr5,Ube2n,Wdr70,Rnf40,Park7,Cdk9,Rnf20,Otub1,Trip12"
GOBP_DIGESTION,0.148148148148148,0.297064515652469,0.109684061970549,0.391423492548375,1.17818349413262,138,"Adra2a,Serpina3n,Pls1,Serpina3m,Serpina3c,Asah2,Kcnq1,Serpina3k,Mogat2,Vil1"
GOBP_RESPONSE_TO_ISCHEMIA,0.148421052631579,0.297493074792244,0.112843355675562,0.444814525834571,1.23289323337297,52,"Gjb2,Ndnf,Faim2,Csf1,Egr1,Slc26a5,Casr,Rnls,Cx3cr1,Cav1"
GOBP_POSITIVE_REGULATION_OF_NATURAL_KILLER_CELL_MEDIATED_IMMUNITY,0.148558758314856,0.297531823923817,0.116234148779716,0.479256585031359,1.24491324886579,32,"H2-T23,Il12b,Kir3dl2,Cd226,Klrd1,Vav1,H2-Q2,Klrc2,Rasgrp1,Nectin2"
GOBP_REGULATION_OF_HEART_RATE_BY_CARDIAC_CONDUCTION,0.148514851485149,0.297531823923817,0.115734447701689,0.47220518169922,1.24583833026071,37,"Kcna5,Dsp,Ctnna3,Kcnq1,Jup,Kcne4,Scn4b,Kcnj2,Scn1b"
GOBP_REGULATION_OF_CARDIAC_MUSCLE_CELL_ACTION_POTENTIAL,0.148863636363636,0.29802369573875,0.11776578836269,0.494884636407922,1.25887284492164,27,"Dsp,Ctnna3,Gja5,Jup,Tbx18"
GOBP_IRON_ION_HOMEOSTASIS,0.148979591836735,0.298137105160536,0.110564716336619,0.41399675487504,1.20593300282899,82,"Trf,Epas1,Lcn2,Cp,Heph,Scara5,Slc6a9,Slc39a8,Tfr2,Hpx"
GOBP_MITOPHAGY,0.149311896391291,0.298564400620134,0.249246554383295,-0.329890144035183,-1.2055114738001,34,"Tigar,Htra2,Phb2,Lrba,Trp53,Vdac1,Slc25a5,Hdac6,Vps13c,Tomm7"
GOBP_PHOTOPERIODISM,0.149311896391291,0.298564400620134,0.249246554383295,-0.349223261917965,-1.26375778413445,33,"Pde6b,Atoh7,Rbm4,Ppp1cc,Trp53,Nr2f6,Fbxl6,Ppp1ca,Mta1,Aanat"
GOBP_ASPARTATE_FAMILY_AMINO_ACID_METABOLIC_PROCESS,0.149427266665483,0.298676290070531,0.249246554383295,-0.318061399063741,-1.29641030482063,48,"Crym,Tdh,Gnmt,Aadat,Asns,Mthfd2l,Mtap,Gcat,Sms,Msra"
GOBP_REGULATION_OF_COLLATERAL_SPROUTING,0.149700598802395,0.299103700389364,0.120985142145252,0.549962928382868,1.28772091225032,18,"Wnt3,Lpar3,Sema4d"
GOBP_NEGATIVE_REGULATION_OF_CELL_ADHESION_MEDIATED_BY_INTEGRIN,0.150124069478908,0.299830630619973,0.123257226381337,0.602104036398897,1.30747822734508,12,"Snai2,Acer2,Cyp1b1,Serpine1,Muc1,Jam3,Hrg"
GOBP_REGULATION_OF_SYNAPSE_ASSEMBLY,0.150406504065041,0.300275415383225,0.109684061970549,0.401551993323894,1.18572643310705,101,"Lrrn1,Lrrc4b,Dkk1,Sema4d,Ntrk3,Ptprd,Cux2,Grid2,Ephb1,Colq"
GOBP_MAGNESIUM_ION_TRANSPORT,0.150898203592814,0.301137463065136,0.120433371642259,0.54906520514357,1.28561892149967,18,"Nipal4,Nipa1,Slc41a2,Kcnj2,Nipal3"
GOBP_ARGININE_CATABOLIC_PROCESS,0.151133501259446,0.30148734556795,0.12384217120105,0.615285329287039,1.28945852628885,10,"Nos3,Fah,Nos2,Atp2b4"
GOBP_PYRIMIDINE_NUCLEOTIDE_CATABOLIC_PROCESS,0.151412717667404,0.301924526661659,0.249246554383295,-0.39864793050323,-1.31149434355431,20,"Upb1,Ung,Dut,Dctpp1,Tdg,Mbd4,Nt5c,Smug1"
GOBP_COBALAMIN_METABOLIC_PROCESS,0.15169928955292,0.302329158043386,0.249246554383295,-0.504783654417649,-1.44099355096197,14,"Amn,Mmachc,Mtr,Clybl,Mmadhc,Cubn,Abcc1"
GOBP_NUCLEOSIDE_PHOSPHATE_CATABOLIC_PROCESS,0.151794871794872,0.302329158043386,0.109684061970549,0.412120284796134,1.1974296683112,79,"Cnp,Pde2a,Enpp3,Entpd1,Xdh,Pde8a,Gda,Pde4a,Nudt11,Pde4c"
GOBP_SUBSTRATE_DEPENDENT_CELL_MIGRATION,0.151796060254925,0.302329158043386,0.11776578836269,0.512874028557683,1.27099490095521,24,"Snai2,Fn1,Itga11,P2ry12,Vegfc,Cspg4,Ntn1,Shtn1,Nrp1,Anks1"
GOBP_POSITIVE_REGULATION_OF_PEPTIDYL_THREONINE_PHOSPHORYLATION,0.152272727272727,0.303158415841584,0.116234148779716,0.493283699266093,1.25480042855223,27,"Irgm2,Tgfb1,Trim6,Stox1,Irgm1,Wnt5a,Trpc5,Sphk1,S1pr2,Cemip"
GOBP_PARAXIAL_MESODERM_MORPHOGENESIS,0.152392947103275,0.303277650470373,0.123257226381337,0.613839813162121,1.28642914625418,10,"Foxc2,Foxc1,Wnt5a,Wnt11,Lef1"
GOBP_NEGATIVE_REGULATION_OF_PRODUCTION_OF_MOLECULAR_MEDIATOR_OF_IMMUNE_RESPONSE,0.152542372881356,0.303454890571657,0.11146266692298,0.450864775628135,1.2401742399148,48,"Irak3,Il13ra2,Jak3,Tgfb1,Smad7,Cd22,H2-Q2,Hfe,Tnf,Fcgr2b"
GOBP_LOCOMOTORY_BEHAVIOR,0.153153153153153,0.304549407001939,0.107554375265169,0.378754999636279,1.15360947407873,192,"Efnb3,Sncg,Cnp,Gpr37,Adora2a,Cxcl12,Cntn2,Kcnj10,Npy1r,Selenop"
GOBP_VENTRAL_SPINAL_CORD_INTERNEURON_DIFFERENTIATION,0.153439153439153,0.30499747897929,0.266350657088526,-0.459278134901569,-1.29191377909627,13,"Dbx1,Lhx3,Ascl1,Gli3,Gli2"
GOBP_DOPAMINE_METABOLIC_PROCESS,0.15359477124183,0.305186132423984,0.112843355675562,0.466200762035153,1.24434867810852,40,"Gpr37,Sult1a1,Moxd1,Npr1,Dao,Dbh,Moxd2,Htr1a,Slc1a1,Slc6a3"
GOBP_ISOPRENOID_BIOSYNTHETIC_PROCESS,0.153846153846154,0.305556825715413,0.114266502484433,0.487042865462338,1.252860465719,30,"Hmgcs2,Aldh1a2,Rbp1,Hmgcs1,Lss,Aldh1a3,Mvk,Crppa,Pmvk,Fdps"
GOBP_POSITIVE_REGULATION_OF_DEFENSE_RESPONSE_TO_BACTERIUM,0.153902900877546,0.305556825715413,0.249246554383295,-0.380353294642846,-1.28511725749225,24,"Pgc,Klk1b3,Klk1,Klk1b16,Klk1b4,Cyba,F2rl1"
GOBP_SECONDARY_PALATE_DEVELOPMENT,0.154195011337868,0.306015918671719,0.115240003147781,0.498822536603523,1.26190427627602,26,"Lrrc32,Col11a2,Mmp25,Tgfbr2,Wnt5a,Wnt8a,Wnt7a,Itgb8,Jag2,Tgfbr3"
GOBP_POSITIVE_REGULATION_OF_SYNAPTIC_TRANSMISSION,0.154845154845155,0.307184922417756,0.106729884364606,0.384674809531574,1.16352508224783,147,"Fam107a,Adora2a,Ptgs2,Ager,Prkcz,Adora1,Slc24a2,Lgi1,Mpp2,Car2"
GOBP_ONE_CARBON_COMPOUND_TRANSPORT,0.154981549815498,0.307334221271207,0.120433371642259,0.581335675347244,1.28122974845282,13,"Slc14a1,Aqp4,Car2,Aqp9,Rhag,Aqp11,Aqp6,Slc14a2"
GOBP_ACTIVATION_OF_PROTEIN_KINASE_ACTIVITY,0.155466399197593,0.308174128062421,0.106729884364606,0.390041280016151,1.17279956365608,135,"Adra2a,Fgf1,Itgb3,Angpt4,Gprc5a,Agt,Il18,Adra2b,Ntrk3,Emp2"
GOBP_POSITIVE_REGULATION_OF_MYELOID_LEUKOCYTE_MEDIATED_IMMUNITY,0.15576694411415,0.308436445444319,0.11776578836269,0.541895027325932,1.28469751153373,20,"C3,Rigi,H2-T23,Stap1,Btk,Ptafr,Ticam1,Itgam,Stx4a,Itgb2"
GOBP_POSTSYNAPTIC_SPECIALIZATION_ASSEMBLY,0.15576694411415,0.308436445444319,0.11776578836269,0.541821020770927,1.28452206051046,20,"Lrrc4b,Ntrk3,Ptprd,Grid2,Il1rap,Abi3,Nrxn2"
GOBP_RESPONSE_TO_MONOSACCHARIDE,0.155844155844156,0.308436445444319,0.106323255932708,0.377730842888718,1.1499058244787,186,"Serpinf1,Adra2a,Nkx6-1,Hmgcs2,Gjb6,Nkx2-2,Cltrn,Aqp4,Ptgs2,Icam1"
GOBP_SYNAPTIC_TRANSMISSION_GABAERGIC,0.155789473684211,0.308436445444319,0.109684061970549,0.444892582673408,1.23206668335392,51,"Slc6a1,Adora2a,Plcl1,Gabra2,Htr1b,Gabrg1,Gabra3,Adora1,Car2,Gabrg3"
GOBP_P38MAPK_CASCADE,0.15595363540569,0.308531650997404,0.109684061970549,0.438571946196559,1.22051429489535,54,"Zfp36,Ager,Dusp1,Xdh,Lgals9,Zc3h12a,Ncf1,Phlpp1,Dusp10,Gadd45b"
GOBP_LENS_FIBER_CELL_DIFFERENTIATION,0.156215621562156,0.308928375134917,0.112378519110475,0.468312625624327,1.23556843965227,37,"Epha2,Wnt7b,Cdkn1c,Prox1,Wnt7a,Wnt5b,Spry2,Crygb,Bfsp2,Tdrd7"
GOBP_RESPONSE_TO_COLD,0.156282998944034,0.308940084817797,0.109684061970549,0.447312062129247,1.23499089394792,49,"Cidea,Fos,Hspa2,Nfkbia,Saxo1,Cxcl10,Acot11,Slc25a27,Foxo1,Trpa1"
GOBP_REGULATION_OF_INSULIN_LIKE_GROWTH_FACTOR_RECEPTOR_SIGNALING_PATHWAY,0.156359393232205,0.308969602900274,0.116234148779716,0.522872152591219,1.27355705629564,22,"Igfbp6,Ghrh,Bmp5,Nkx3-1,Igfbp1,Cdh3,Igfbp5,Ghrhr,Igf1"
GOBP_REGULATION_OF_REACTIVE_OXYGEN_SPECIES_METABOLIC_PROCESS,0.156469408224674,0.309065506933374,0.106323255932708,0.389631734162015,1.1711627368577,136,"Ace2,Mmp3,Agt,Xdh,Bst1,Ripk3,Tlr4,Tgfb1,Plin5,Zc3h12a"
GOBP_POSITIVE_REGULATION_OF_EMBRYONIC_DEVELOPMENT,0.156555831367993,0.309114754236803,0.249246554383295,-0.377019271637892,-1.2814375373008,23,"Otx2,Foxa2,Lhx1,Wnt1,Scx,Zbed3,Khdc3,Rack1"
GOBP_SMALL_RNA_LOADING_ONTO_RISC,0.157062426452747,0.309993253937164,0.249246554383295,-0.522168963802019,-1.38188622149568,10,"Ago2,Clp1,Prkra,Tarbp2,Dhx9"
GOBP_INOSITOL_PHOSPHATE_BIOSYNTHETIC_PROCESS,0.15748031496063,0.310178018310533,0.11331290842208,0.487239579463611,1.24974596507259,28,"Hrh1,Lhcgr,Gper1,Ptk2b,Plek,Avpr1b,Ptafr,Snca,Cd244a,P2ry6"
GOBP_LATERAL_MESODERM_DEVELOPMENT,0.157384987893462,0.310178018310533,0.118287526124085,0.567010580737811,1.27147116670211,14,"Foxf1,Nodal,Shh,Foxh1"
GOBP_NEGATIVE_REGULATION_OF_LIPID_TRANSPORT,0.15748031496063,0.310178018310533,0.11331290842208,0.487390746179343,1.25013370039008,28,"Itgb3,Cyp4f14,Thbs1,Apoc1,Shh,Cyp4f15,Abca2,Abcg8"
GOBP_NEGATIVE_REGULATION_OF_NEURON_APOPTOTIC_PROCESS,0.157314629258517,0.310178018310533,0.105920292736253,0.388929239083819,1.17087417972953,140,"Mag,Pla2g3,Foxq1,Adora2a,Ndnf,Faim2,Foxb1,Unc5b,Jun,Erbb3"
GOBP_PHASIC_SMOOTH_MUSCLE_CONTRACTION,0.157526254375729,0.310178018310533,0.115734447701689,0.52186097008986,1.27109412419373,22,"Edn1,Edn3,Tbx3,Tbx2"
GOBP_RESPONSE_TO_CAMP,0.157464212678937,0.310178018310533,0.107140237276725,0.408232501935474,1.19238914015785,88,"Fosb,Hmgcs2,Slc26a3,Thbd,Col1a1,Pde2a,Gata6,Kcnq1,Hcn2,Fos"
GOBP_BRANCH_ELONGATION_OF_AN_EPITHELIUM,0.158083832335329,0.310970382670196,0.117249716749792,0.545519762966038,1.27731738006922,18,"Fgf1,Esr1,Shh,Six1,Wnt5a,Fgfr2,Spry2,Hnf1b"
GOBP_PROTEIN_LOCALIZATION_TO_POSTSYNAPSE,0.158114242710368,0.310970382670196,0.249246554383295,-0.308806642509215,-1.13974057400748,36,"Nptx1,Snap25,Cacng2,Cplx1,Grip1,Dlg4"
GOBP_SOMATIC_DIVERSIFICATION_OF_IMMUNE_RECEPTORS,0.158055870600602,0.310970382670196,0.249246554383295,-0.266680689037984,-1.1990131967989,79,"Exo1,Ung,Hmgb2,Cd28,Rag2,Bcl11b,Lig1,Atad5,Thoc1,Tcf7"
GOBP_CARDIAC_ATRIUM_MORPHOGENESIS,0.158426966292135,0.311463574325601,0.112843355675562,0.486930316912792,1.24765402459758,29,"Eng,Wnt2,Ccn1,Hey2,Dll4,Nog,Tbx5,Wnt5a,Prox1,Myh6"
GOBP_ADHESION_OF_SYMBIONT_TO_HOST,0.158653846153846,0.311544095552885,0.117249716749792,0.561118279574475,1.27489180552522,15,"Ace2,Icam1,Sftpd,Cd209b,Nectin2,Lrrc15,Cd81,Gas6"
GOBP_POSITIVE_REGULATION_OF_SEQUESTERING_OF_CALCIUM_ION,0.158595641646489,0.311544095552885,0.11776578836269,0.56676835464219,1.2709279960685,14,"Gstm7,Casq2"
GOBP_RESPONSE_TO_CATECHOLAMINE,0.158536585365854,0.311544095552885,0.106323255932708,0.399101945006889,1.17849178578824,101,"Hrh1,Aplp1,Sult1a1,Tgm2,Htr2a,Kcnq1,Htr1b,Adcy5,Gnao1,Rgs4"
GOBP_NEGATIVE_REGULATION_OF_TRANSFORMING_GROWTH_FACTOR_BETA_PRODUCTION,0.158808933002481,0.311578172900061,0.119348440591015,0.594794810473594,1.29160613020181,12,"Gata6,Fn1,Cdh3,Il13,Tyrobp,Pirb"
GOBP_POSITIVE_REGULATION_OF_ASTROCYTE_DIFFERENTIATION,0.158808933002481,0.311578172900061,0.119348440591015,0.595107499239886,1.29228513869394,12,"Mag,Il6st,Hes1,Ttbk1,Serpine2,Bin1,Bmp2,Notch1,Prpf19"
GOBP_SYNAPTIC_MEMBRANE_ADHESION,0.158857142857143,0.311578172900061,0.11378726182188,0.506458902267964,1.26742449969062,25,"Sparcl1,Lrrc4b,Ptprd,Lrrc4,Lrrc4c,Il1rap,Slitrk2"
GOBP_C21_STEROID_HORMONE_BIOSYNTHETIC_PROCESS,0.159281437125749,0.312045122537466,0.116739204791222,0.544572887275207,1.27510030039811,18,"Wnt4,Dab2,Bmp5,Egr1,Lhb,Clcn2,Stard3"
GOBP_REGULATION_OF_CELLULAR_RESPONSE_TO_TRANSFORMING_GROWTH_FACTOR_BETA_STIMULUS,0.159274193548387,0.312045122537466,0.105520936843198,0.394222218662392,1.17909769500995,125,"Lrg1,Eng,Aspn,Cidea,Hspa1a,Tgfb1i1,Lox,Dab2,Itga8,Slc2a10"
GOBP_S_ADENOSYLMETHIONINE_METABOLIC_PROCESS,0.159161258499949,0.312045122537466,0.249246554383295,-0.448282310214751,-1.3118151450679,16,"Gnmt,Ahcy,Mthfr,Mri1,Mettl16,Ahcyl2,Mat2a,Mat2b"
GOBP_NATURAL_KILLER_CELL_CYTOKINE_PRODUCTION,0.159600997506234,0.312549362860865,0.119348440591015,0.601063963446462,1.28753143630284,11,"H2-T23,Kir3dl2,Cd226,H2-Q2,H2-M3,H2-Q1,H2-Q10"
GOBP_THYMIC_T_CELL_SELECTION,0.159859976662777,0.312934619425148,0.114750719227023,0.521580672440732,1.27041140462808,22,"Foxn1,Zap70,Cd3e,Shh,Tox,Dock2,Ccr7,Gata3,Jag2,Card11"
GOBP_AROMATIC_AMINO_ACID_TRANSPORT,0.161131611316113,0.315301132769989,0.11776578836269,0.576755703330871,1.27113575862336,13,"Ace2,Slc38a5"
GOBP_NEGATIVE_REGULATION_OF_HUMORAL_IMMUNE_RESPONSE_MEDIATED_BY_CIRCULATING_IMMUNOGLOBULIN,0.161209068010076,0.315329955208813,0.119348440591015,0.610035629614178,1.27845668749729,10,"Cd55,Cd55b,Foxj1,Fcgr2b"
GOBP_DENTATE_GYRUS_DEVELOPMENT,0.161676646706587,0.316121549200316,0.276500599254472,-0.412712483647772,-1.24643678705025,17,"Lmx1a,Neurod6,Neurod1,Fezf2,Nr2e1"
GOBP_POSITIVE_REGULATION_OF_GLUCOSE_IMPORT,0.162019291828847,0.316668343710581,0.249246554383295,-0.320108492203539,-1.16421145775026,35,"Fgf21,Fgf15,Opn3,Irs1,Gpc3,Adipoq,Tert,C1qtnf12,Ins2"
GOBP_NEGATIVE_REGULATION_OF_JNK_CASCADE,0.162309368191721,0.316967721133522,0.109250039480711,0.463557382332194,1.2372931640318,40,"Nppa,Klhl31,Serpinb3b,Sh3rf2,Dusp10,Dact1,Mapk8ip1,Zfp458,Dusp3,Pink1"
GOBP_PROTEIN_POLYGLUTAMYLATION,0.162361623616236,0.316967721133522,0.117249716749792,0.574348751739008,1.26583097841915,13,"Ttll6,Ttll7,Ttll9"
GOBP_REGULATION_OF_CGMP_MEDIATED_SIGNALING,0.162361623616236,0.316967721133522,0.117249716749792,0.575113965572449,1.26751746484844,13,"Pde2a,Npr1,Nppc,Thbs1,Ptk2b,Adora2b"
GOBP_REGULATION_OF_AMYLOID_BETA_CLEARANCE,0.162874251497006,0.317651231632518,0.115240003147781,0.543621861312099,1.27287350299489,18,"Pla2g3,Myocd,Il4,Trem2,Tnf,Clu,Cyp51,Lrp1,Apoe,Lrpap1"
GOBP_REGULATION_OF_RESPONSE_TO_INTERFERON_GAMMA,0.162874251497006,0.317651231632518,0.115240003147781,0.554255481529751,1.28504246582894,17,"Irgm2,Hpx,Otop1,Txk,Irgm1,Parp9,Parp14,Nr1h3"
GOBP_RESPONSE_TO_INTERFERON_ALPHA,0.162901307966706,0.317651231632518,0.114750719227023,0.538667272709986,1.27704531301955,20,"Mndal,Ifitm1,Ifit3,Axl,Gata3,Ifit2,Gas6,Ifnar2"
GOBP_POSITIVE_REGULATION_OF_SMOOTH_MUSCLE_CELL_APOPTOTIC_PROCESS,0.163265306122449,0.318237570328636,0.252961123069611,-0.468386623869283,-1.29388268701655,12,"Cdkn2a,Ifng,E2f3,Sod2,Pparg,Rbm10,Map2k4,Pdcd4"
GOBP_REGULATION_OF_DENDRITIC_CELL_CHEMOTAXIS,0.163341645885287,0.318262966614472,0.11776578836269,0.599834324643274,1.28489744273363,11,"Ccl21a,Lgals9,Ccr7,Ccr6,Gas6,Slamf8,Spi1"
GOBP_AZOLE_TRANSMEMBRANE_TRANSPORT,0.163591635916359,0.318503157920812,0.116739204791222,0.573295382490711,1.26350941434824,13,"Slc38a5,Slc19a3,Slc28a1"
GOBP_PROTEIN_OXIDATION,0.163591635916359,0.318503157920812,0.116739204791222,0.573874311918278,1.26478534086765,13,"Lox,Loxl4,Loxl2,Trabd2b"
GOBP_COLLAGEN_ACTIVATED_SIGNALING_PATHWAY,0.164071856287425,0.319314448918655,0.114750719227023,0.553223975557431,1.28265091712558,17,"Col1a1,Col4a3,Otol1,Itga11,Col4a2"
GOBP_GLUTAMINE_METABOLIC_PROCESS,0.164473684210526,0.31984882418813,0.287857117255149,-0.360850868203958,-1.21449730485446,21,"Gls2,Asns,Cad,Ppat,Gmps,Pfas,Ctps2,Nit2,Asnsd1,Bloc1s6"
GOBP_NEGATIVE_REGULATION_OF_INTERLEUKIN_10_PRODUCTION,0.164465786314526,0.31984882418813,0.114750719227023,0.541187215181961,1.27251233452375,19,"Ager,Jak3,Vsir,Il12b,Mmp8,Epx,Fcgr2b,Cd274,Tyrobp,Trib2"
GOBP_TROPHOBLAST_CELL_MIGRATION,0.164663461538462,0.320094053037064,0.114750719227023,0.5593114187993,1.27078651778135,15,"Itgb4,Nodal,Arhgdib,Apela,Syde1"
GOBP_POSTSYNAPSE_ASSEMBLY,0.164772727272727,0.320163725910583,0.11101149245045,0.487168905682929,1.23924579818419,27,"Lrrc4b,Ntrk3,Ptprd,Grid2,Il1rap,Nlgn3,Abi3,Nrxn2,Wnt5a,Wnt7a"
GOBP_PROTEIN_HETEROTETRAMERIZATION,0.164890369282375,0.320163725910583,0.249246554383295,-0.50110849767715,-1.43050217091136,14,"Grin1,Rrm2,Rrm1,Nudt21,Farsa,Cpsf6,Cbr4,Farsb"
GOBP_REGULATION_OF_SECONDARY_METABOLIC_PROCESS,0.164890369282375,0.320163725910583,0.249246554383295,-0.500629401235353,-1.42913450601794,14,"Tyrp1,Slc24a5,Opn3"
GOBP_POSITIVE_REGULATION_OF_INTRACELLULAR_STEROID_HORMONE_RECEPTOR_SIGNALING_PATHWAY,0.165012406947891,0.32027697672859,0.116739204791222,0.587772916469935,1.27635797877034,12,"Srarp,Pak1,Foxa1"
GOBP_GONADOTROPIN_SECRETION,0.165458937198068,0.320895863153814,0.114750719227023,0.552664319045529,1.26678798052771,16,"Tbx3,Foxl2,Inhba,Foxd1,Kiss1,Oprk1,Cga,Tacr2"
GOBP_REGULATION_OF_DENDRITIC_CELL_DIFFERENTIATION,0.165458937198068,0.320895863153814,0.114750719227023,0.552646574667344,1.26674730780064,16,"Ager,Lgals9,Fcgr2b,H2-D1,Tmem176a,H2-M3,Pirb,H2-Q10"
GOBP_REGULATION_OF_PRESYNAPSE_ORGANIZATION,0.165555555555556,0.320959420662467,0.109250039480711,0.47435300147698,1.23218591928755,33,"Lrrc4b,Dkk1,Ntrk3,Ptprd,Il1rap,Farp1,Slitrk2,Wnt7a,Snca"
GOBP_NEGATIVE_REGULATION_OF_SYNAPSE_ORGANIZATION,0.165835411471322,0.321064801101863,0.116739204791222,0.599313397930296,1.28378157227764,11,"Dkk1,Arhgef15,Nfatc4,Wnt5a,Tlr2"
GOBP_REGULATION_OF_DNA_METHYLATION,0.165833127947236,0.321064801101863,0.249246554383295,-0.375424685154132,-1.26846473680005,24,"Wt1,Morc1,Brca1,Dnmt3l,Mis18a,Dppa3,Parp1,Kdm1b,Prmt5,Pik3ca"
GOBP_REGULATION_OF_MEMBRANE_INVAGINATION,0.165865384615385,0.321064801101863,0.114266502484433,0.557926716795007,1.26764039814379,15,"C3,Gata2,Stap1,Trem2,Rab31"
GOBP_SEGMENT_SPECIFICATION,0.165832688496952,0.321064801101863,0.249246554383295,-0.427680976480243,-1.29164327062493,17,"Meox2,Msgn1,Irx1,Hes5,Cobl,Dll1,Mtf2,Ripply1"
GOBP_ETHER_BIOSYNTHETIC_PROCESS,0.166253101736973,0.321691432806683,0.116234148779716,0.58669283410194,1.27401256320339,12,"Lpcat2,Pla2g4a,Peds1,Alox5"
GOBP_POSITIVE_REGULATION_OF_WNT_SIGNALING_PATHWAY,0.167167167167167,0.323335648075933,0.102080107662747,0.387983093789941,1.16719848488337,137,"Wnt3,Daam2,Col1a1,Dkk1,Dkk2,Sulf1,Gpc5,Jup,Hhex,Dab2"
GOBP_NEGATIVE_REGULATION_OF_EPITHELIAL_CELL_APOPTOTIC_PROCESS,0.167372881355932,0.32334535911539,0.105520936843198,0.447189637096354,1.23006519529298,48,"Tek,Cdh5,Ndnf,Icam1,Kdr,Gata2,Mdk,Sema5a,Tnfaip3,Il11"
GOBP_NEGATIVE_REGULATION_OF_MYELOID_LEUKOCYTE_MEDIATED_IMMUNITY,0.167493796526055,0.32334535911539,0.115734447701689,0.583367649997867,1.26679187449319,12,"Foxf1,Il13ra2,Lgals9,Cx3cr1,Fcgr2b,Bcr,Cd84,Spi1"
GOBP_NEGATIVE_REGULATION_OF_ORGAN_GROWTH,0.167415730337079,0.32334535911539,0.109250039480711,0.48386287639262,1.23979436916583,29,"Pi16,Kcnk2,Rgs4,Nog,Tbx5,Slc6a4,Tgfbr2"
GOBP_NEGATIVE_REGULATION_OF_STRESS_ACTIVATED_PROTEIN_KINASE_SIGNALING_CASCADE,0.167372881355932,0.32334535911539,0.105520936843198,0.442896215442328,1.2209973868111,50,"Nppa,Dusp1,Klhl31,Serpinb3b,Sh3rf2,Myc,Dusp10,Foxo1,Dact1,Mapk8ip1"
GOBP_PROTEIN_DEMETHYLATION,0.16746012904558,0.32334535911539,0.249246554383295,-0.34366252542794,-1.24363477174921,33,"Riox1,Kdm2b,Jmjd4,Kdm1a,Kdm1b,Riox2,Fbxl19,Jmjd6,Alkbh4,Uty"
GOBP_CYTOPLASMIC_PATTERN_RECOGNITION_RECEPTOR_SIGNALING_PATHWAY_IN_RESPONSE_TO_VIRUS,0.167777777777778,0.323396813224267,0.108394255853397,0.47091795672395,1.22783920221892,34,"Ifih1,Ddx60,Irf7,Rigi,Oas3,Birc3,Nlrx1,Oasl1"
GOBP_KERATINIZATION,0.167777777777778,0.323396813224267,0.108394255853397,0.473527242242866,1.23004091567667,33,"Tchh,Kazn,Il1a,Klk5,Sprr1a,Casp14,Cdh3,Cyp26b1,Lipk,Lipn"
GOBP_MITOCHONDRIAL_CALCIUM_ION_TRANSMEMBRANE_TRANSPORT,0.167664670658683,0.323396813224267,0.271288554688953,-0.395319877762704,-1.23362240603718,18,"Bhlha15,Mcu,Stoml2,Vdac1,Pmpcb,Maip1,Afg3l2"
GOBP_OLIGOSACCHARIDE_LIPID_INTERMEDIATE_BIOSYNTHETIC_PROCESS,0.167664670658683,0.323396813224267,0.271288554688953,-0.398426845899084,-1.2433179101681,18,"Alg8,Alg10b,Alg9,Dpagt1,Alg3,Alg6,Alg2,Nus1,Alg11,Dolpp1"
GOBP_AMINE_METABOLIC_PROCESS,0.168008048289738,0.323716542258534,0.102080107662747,0.393234160950729,1.17277681521821,117,"Epas1,Nnmt,Gpr37,Sult1a1,Atcay,Ednra,Slc22a3,Moxd1,Aoc3,Npr1"
GOBP_REGULATION_OF_EPIDERMIS_DEVELOPMENT,0.168224299065421,0.323944833294577,0.103958471559957,0.422816838792106,1.19708615699671,62,"Hoxa7,Zfp36,Msx2,Prkch,Foxc1,Errfi1,Trp63,Hey2,Grhl2,Reg3b"
GOBP_REGULATION_OF_GUANYLATE_CYCLASE_ACTIVITY,0.16831985370309,0.323944833294577,0.249246554383295,-0.54824746823139,-1.49154603370345,11,"Rcvrn,Guca1a,Hpca,Guca1b"
GOBP_REGULATION_OF_LYMPHOID_PROGENITOR_CELL_DIFFERENTIATION,0.168269230769231,0.323944833294577,0.241339976815091,-0.506052605356072,-1.33923532643868,10,"Ankle1,Hes5,Nudt21"
GOBP_POSITIVE_REGULATION_OF_CELL_PROJECTION_ORGANIZATION,0.168831168831169,0.324804548685146,0.101350743797099,0.356195459760388,1.10475162448993,334,"Ccl21a,Enpp2,Serpinf1,Ccl19,Cdc42ep2,Wnt3,Pla2g3,Lpar3,Plxnb3,Ndnf"
GOBP_DETECTION_OF_CHEMICAL_STIMULUS_INVOLVED_IN_SENSORY_PERCEPTION_OF_TASTE,0.169045005488474,0.325091523561806,0.107140237276725,0.465302338176385,1.22592540719042,36,"Pkd2l1,Rtp4,Rtp3,Azgp1,Lpo,Tas2r138,Tas2r131,Tas2r140,Tas2r130,Tas2r119"
GOBP_GLANDULAR_EPITHELIAL_CELL_DIFFERENTIATION,0.169473684210526,0.325791285096105,0.104343952581949,0.438430400197465,1.21519834068882,52,"Nkx6-1,Hoxa5,Wnt4,Nkx2-2,Gata6,Percc1,Bmp5,Rarg,Trp63,Foxa1"
GOBP_NEGATIVE_REGULATION_OF_T_HELPER_17_TYPE_IMMUNE_RESPONSE,0.169576059850374,0.325863475866908,0.115240003147781,0.59709745482126,1.27903482885688,11,"Zc3h12a,Il27ra,Smad7,Il4"
GOBP_NEGATIVE_REGULATION_OF_TYPE_I_INTERFERON_PRODUCTION,0.17,0.326227719345473,0.107554375265169,0.472692563901153,1.2278727436685,33,"Gbp7,Pira13,Havcr2,Acod1,Lilra6,Nlrx1,Relb,Rel,Il10,Rnf125"
GOBP_POSITIVE_REGULATION_OF_CELL_CYCLE_CHECKPOINT,0.17,0.326227719345473,0.245041785430996,-0.475922828562824,-1.29478173347844,11,"Mad2l1,Gen1,Ndc80,Pcid2,Tpr,Map3k20"
GOBP_REGULATION_OF_CATION_CHANNEL_ACTIVITY,0.17,0.326227719345473,0.100990587455923,0.378428241514858,1.14856521646542,161,"Edn1,Pln,Rem1,Kcna1,Nppa,Gstm7,Kcnq1,Ednra,Casq2,Lrrc52"
GOBP_VITAMIN_D_BIOSYNTHETIC_PROCESS,0.170025188916877,0.326227719345473,0.115734447701689,0.606890953310125,1.27186636349691,10,"Snai2,Cyp27a1,Snai1"
GOBP_REGULATION_OF_PROTEIN_GLYCOSYLATION,0.170673076923077,0.327345882370205,0.112378519110475,0.554489297271015,1.25983039062343,15,"Acer2,Ramp1,Abca2,Il15,Mgat4d,Mt3,Slc51b"
GOBP_PROTEIN_IMPORT_INTO_PEROXISOME_MATRIX,0.170971709717097,0.327668617898531,0.11378726182188,0.570212692316212,1.25671534592216,13,Pex5l
GOBP_RUFFLE_ASSEMBLY,0.170912951167728,0.327668617898531,0.104343952581949,0.445780289378565,1.21930913102916,46,"Icam1,Eps8l2,Rhog,Stap1,P2ry12,Eps8l3,Abi3,Cspg4,Kank1,Cav1"
GOBP_REGULATION_OF_FC_RECEPTOR_MEDIATED_STIMULATORY_SIGNALING_PATHWAY,0.171284634760705,0.328143238926092,0.115240003147781,0.605606875656192,1.26917531139398,10,"Plscr1,Cd226,Lyn,Ptprj"
GOBP_CELL_DIFFERENTIATION_INVOLVED_IN_KIDNEY_DEVELOPMENT,0.171548117154812,0.328522813309424,0.103197466945307,0.427932900138116,1.20211943154269,58,"Cd34,Wnt4,Gpr4,Ednra,Foxc2,Tcf21,Shh,Wnt9b,Foxj1,Mmp9"
GOBP_REGULATION_OF_PHOSPHATASE_ACTIVITY,0.172131147540984,0.329513815189842,0.101713902282311,0.40847971913273,1.18698504039447,78,"Sema4d,Chp2,Ppp1r36,Gpld1,Agtr2,Ripk3,Ppp1r15a,Npnt,Gna12,Itga1"
GOBP_NEGATIVE_REGULATION_OF_CYTOKINE_PRODUCTION_INVOLVED_IN_INFLAMMATORY_RESPONSE,0.172653534183082,0.33017219045673,0.109250039480711,0.504944453993586,1.25134397640741,24,"Apod,Ceacam1,Il1r2,Zc3h12a,Trem2,Nlrp2,Abcd1,Mefv,Adcy7"
GOBP_NEGATIVE_REGULATION_OF_ENDOPLASMIC_RETICULUM_STRESS_INDUCED_INTRINSIC_APOPTOTIC_SIGNALING_PATHWAY,0.172869147659064,0.33017219045673,0.11146266692298,0.538166806380001,1.26541034218547,19,"Hspa1a,Creb3l1,Bcl2l1,Lrrk2,Prkn,Pdx1,Wfs1,Tmbim6"
GOBP_NEGATIVE_REGULATION_OF_FAT_CELL_DIFFERENTIATION,0.172669491525424,0.33017219045673,0.103576326612592,0.441261012942399,1.21648938265639,50,"Id4,Msx2,Il6,Tgfb1i1,Gata2,Tgfb1,Enpp1,Gper1,Wnt5a,Foxo1"
GOBP_OLFACTORY_LOBE_DEVELOPMENT,0.172760796446161,0.33017219045673,0.249246554383295,-0.317720004955188,-1.15552470220036,35,"Eomes,Gsx2,Fut1,Kif14,Nr2e1,Uncx,Fezf1,Slit2,Sema3a,Ttc8"
GOBP_POSITIVE_REGULATION_OF_CHONDROCYTE_DIFFERENTIATION,0.172869147659064,0.33017219045673,0.11146266692298,0.537389932433702,1.26358365143724,19,"Acvrl1,Zbtb16,Smad7,Gdf5,Loxl2,Gdf6"
GOBP_REGULATION_OF_SMOOTH_MUSCLE_CONTRACTION,0.172736732570239,0.33017219045673,0.102449405629826,0.423590924475532,1.19729062364529,61,"Edn1,Adra2a,Tbxa2r,Cnn1,Calcrl,Ptgs2,Adra2b,Adora1,Gper1,Npnt"
GOBP_LOCOMOTOR_RHYTHM,0.173076923076923,0.330443483595781,0.11146266692298,0.552353650208425,1.2549780822266,15,"Zfhx3,Egr1,Oprl1,Nms,Ciart,Kcnd2,Mc3r"
GOBP_EPITHELIAL_CILIUM_MOVEMENT_INVOLVED_IN_DETERMINATION_OF_LEFT_RIGHT_ASYMMETRY,0.173316708229426,0.330775661453807,0.11378726182188,0.593899778715384,1.2721851277272,11,"Cfap45,Cfap53,Ccdc40,Dnah11,Ccdc103"
GOBP_REGULATION_OF_GASTRULATION,0.173652694610778,0.331291117953846,0.266350657088526,-0.404445010911077,-1.22146811621221,17,"Otx2,Foxa2,Lhx1,Scx"
GOBP_NEGATIVE_REGULATION_OF_EXTRINSIC_APOPTOTIC_SIGNALING_PATHWAY,0.173780487804878,0.331409147266738,0.100633389423036,0.39923972393713,1.17531541708032,95,"Snai2,Nos3,Hspa1a,Faim2,Icam1,Hspa1b,Unc5b,Il1a,Pea15a,Bmp5"
GOBP_3_UTR_MEDIATED_MRNA_STABILIZATION,0.173913043478261,0.331410488842008,0.271288554688953,-0.372079159225819,-1.22408690812244,20,"Elavl4,Boll,Elavl1,Hnrnpa0,Tardbp,Ybx3,Rbm24,Larp4b,Mettl16,Tent4a"
GOBP_REGULATION_OF_ACROSOME_REACTION,0.173913043478261,0.331410488842008,0.11146266692298,0.548010410769753,1.25612053762781,16,"Ccdc87,Zp3,Crisp4,Spink13,Zp2"
GOBP_POSITIVE_REGULATION_OF_ORGAN_GROWTH,0.174193548387097,0.331819237492208,0.103958471559957,0.452534233988529,1.21952192537203,42,"Edn1,Gata6,Tbx2,Wnt2,Hey2,Hlx,Tbx5,Prox1,Akap6,Fgfr2"
GOBP_POSITIVE_REGULATION_OF_GLIAL_CELL_PROLIFERATION,0.174334140435835,0.331961259079903,0.11146266692298,0.562250934579823,1.26079808041559,14,"Prkch,Il6,Plag1,Myc,Lyn,Tnf,Il1b,Gfap"
GOBP_HIGH_DENSITY_LIPOPROTEIN_PARTICLE_CLEARANCE,0.174563591022444,0.33227231051489,0.11331290842208,0.592702180943648,1.26961976884208,11,"Gpld1,Lipg,Ldlr,Trem2"
GOBP_EMBRYO_IMPLANTATION,0.174920969441517,0.332544186871751,0.102449405629826,0.433536160979225,1.20650006553781,54,"Itgb4,Ptgs2,Igfbp7,Emp2,Nodal,Tppp3,Reck,Acod1,Arhgdib,Tgfbr2"
GOBP_NEGATIVE_REGULATION_OF_INTERLEUKIN_12_PRODUCTION,0.174850299401198,0.332544186871751,0.110564716336619,0.5405141539802,1.2655969039481,18,"Irak3,Jak3,Thbs1,Nod2,Ccr7,Cmklr1,Il10,Mefv"
GOBP_PLASMA_MEMBRANE_PHOSPHOLIPID_SCRAMBLING,0.174971031286211,0.332544186871751,0.108394255853397,0.503366182766472,1.24743273393794,24,"Plscr2,Plscr4,Ano4,Xkr4,Ano7,Plscr1,Trpc5,Xkr9,Ano3,Atg9a"
GOBP_PLASMINOGEN_ACTIVATION,0.174857142857143,0.332544186871751,0.107554375265169,0.497636830669949,1.24534707222064,25,"Clec3b,Plat,Plau,Thbs1,F11,Serpine1,Apoh"
GOBP_REGULATION_OF_DEPHOSPHORYLATION,0.175403225806452,0.333239613049521,0.0995791200495904,0.390423546505564,1.16522047814581,122,"Ppp1r16b,Cdh5,Sema4d,Chp2,Ppp1r36,Gpld1,Agtr2,Adora1,Ripk3,Tgfb1"
GOBP_ARACHIDONIC_ACID_SECRETION,0.175750834260289,0.333761046778823,0.105520936843198,0.475222336440449,1.22634695616426,31,"Pla2g3,Pla2g2d,Pla2g2f,Pla2g2c,Pla2g2a,Pla2g4a,Oc90,Pla2g4f,Avpr1b,Proca1"
GOBP_SINOATRIAL_NODE_DEVELOPMENT,0.175810473815461,0.333761046778823,0.112843355675562,0.590670893811763,1.26526857463063,11,"Gjb6,Tbx3,Gata6,Tbx18"
GOBP_OPSONIZATION,0.175891758917589,0.333789306182983,0.111918316325105,0.566824397470879,1.24924774271722,13,"Colec11,Lbp,Spon2,C4b,Pla2g5"
GOBP_REGULATION_OF_LIPOPROTEIN_LIPASE_ACTIVITY,0.176047904191617,0.333959552592927,0.110122263835536,0.53925478093887,1.26264812155215,18,"Gpihbp1,Pcsk6,Apoc1,Angptl3,Apoh,Sort1,Abhd5,Pcsk5,Nr1h3"
GOBP_CELL_FATE_DETERMINATION,0.176659528907923,0.33499338054324,0.102821842840815,0.451959239286191,1.22210449837861,43,"Sox17,Nkx2-2,Gata6,Tbx2,Klf4,Hoxa2,Gata2,Dscaml1,Cyp26b1,Prox1"
GOBP_REGULATION_OF_PRODUCTION_OF_SMALL_RNA_INVOLVED_IN_GENE_SILENCING_BY_RNA,0.177362893815636,0.336200327002716,0.107972360317345,0.516509154057934,1.25805873296535,22,"Il6,Tgfb1,Zc3h12a,Esr1,Myocd,Tnf"
GOBP_NEPHRON_TUBULE_FORMATION,0.177671068427371,0.336657542775874,0.109684061970549,0.535446389145424,1.25901373046048,19,"Wnt6,Sox8,Nog,Six1,Wnt9b,Gata3,Osr1,Hnf1b,Pax2,Gdnf"
GOBP_CELL_FATE_COMMITMENT_INVOLVED_IN_PATTERN_SPECIFICATION,0.178124594168344,0.337389726783822,0.249246554383295,-0.54319067745791,-1.47778867656364,11,"Dbx1,Lhx3,Ascl1,Gli3,Gli2"
GOBP_REGULATION_OF_OSTEOBLAST_DIFFERENTIATION,0.178247734138973,0.337495803961061,0.0985499803531691,0.389775168560657,1.16457790353324,123,"Wnt4,Snai2,Msx2,Sema4d,Twist1,Il6,Ranbp3l,Hoxa2,Ifitm1,Dnai3"
GOBP_KIDNEY_MESENCHYME_DEVELOPMENT,0.178871548619448,0.338167459537407,0.109250039480711,0.534676739739108,1.25720402702455,19,"Wnt4,Foxd1,Tcf21,Shh,Six1,Myc,Stat1,Osr1"
GOBP_PROTEIN_O_LINKED_GLYCOSYLATION_VIA_SERINE,0.178841309823678,0.338167459537407,0.112378519110475,0.602962384184056,1.26363322886067,10,"Galnt13,Galnt3,Galnt16"
GOBP_REGULATION_OF_HISTONE_METHYLATION,0.1786818330786,0.338167459537407,0.249246554383295,-0.263210936614547,-1.18341297107452,79,"H1f5,Myb,Brca1,Dnmt3b,Macroh2a1,Suv39h1,Paxbp1,Rrp8,Mthfr,Mtf2"
GOBP_SEQUESTERING_OF_ACTIN_MONOMERS,0.178841309823678,0.338167459537407,0.112378519110475,0.602329857343846,1.2623076371581,10,"Gsn,Pfn4,Tmsb15a,Scin,Tmsb4x"
GOBP_HISTONE_H3_K9_TRIMETHYLATION,0.179640718562874,0.339068283554405,0.261663521711573,-0.40172199690621,-1.2132443164441,17,"Suv39h2,Suv39h1,Bend3,Dmrtc2,Pih1d1,Atrx,Smarcb1"
GOBP_MUSCLE_CELL_APOPTOTIC_PROCESS,0.179752066115703,0.339068283554405,0.0995791200495904,0.41542587698938,1.18518645016151,66,"Edn1,Eng,Gata6,Agt,Alox12,Gria4,Mdk,Zc3h12a,Hey2,Pou4f2"
GOBP_NEGATIVE_REGULATION_OF_T_CELL_DIFFERENTIATION,0.17981072555205,0.339068283554405,0.100633389423036,0.433966185800619,1.20627072218773,53,"Jak3,Mdk,Fgl2,Irf1,Zc3h12a,Hlx,Shh,Smad7,Ctla4,Il4ra"
GOBP_REGULATION_OF_PROTEIN_SERINE_THREONINE_KINASE_ACTIVITY,0.17982017982018,0.339068283554405,0.09754492162472,0.354003785381551,1.09968770778875,362,"Edn1,Edn3,Tgfa,Adra2a,Fgf1,Flt1,Ccl19,Il34,Nppa,Irgm2"
GOBP_RESPONSE_TO_ATP,0.179775280898876,0.339068283554405,0.104732821580651,0.478307932054582,1.22556102115064,29,"Abcc9,Ptgs2,P2ry4,P2rx6,P2ry12,P2rx1,P2rx4,Trpc3,Slc8a1,Trpv1"
GOBP_RESPONSE_TO_COPPER_ION,0.17948717948718,0.339068283554405,0.104343952581949,0.474725347298596,1.22117509952751,30,"Lcat,Sod3,Il1a,Bace1,Mt4,Loxl2,Prnp,Pam,Snca,Map1lc3a"
GOBP_SERINE_FAMILY_AMINO_ACID_BIOSYNTHETIC_PROCESS,0.179640718562874,0.339068283554405,0.261663521711573,-0.401712603677566,-1.21321594786744,17,"Cth,Shmt1,Dhfr,Shmt2,Sephs2,Sephs1"
GOBP_NATURAL_KILLER_CELL_ACTIVATION_INVOLVED_IN_IMMUNE_RESPONSE,0.18,0.339152923538231,0.103958471559957,0.468689577349529,1.21747453042088,33,"Pglyrp1,Il12b,Nkg7,H2-Q2,Cd244a,Klrc2,Klrc3,Lamp1,Ifnk,H2-M3"
GOBP_RESPONSE_TO_ANGIOTENSIN,0.179977502812148,0.339152923538231,0.104732821580651,0.47818551453352,1.22652272625783,28,"Col3a1,Agt,Ptgs2,Agtr2,Car2,Myc,Kl"
GOBP_POSITIVE_REGULATION_OF_CYSTEINE_TYPE_ENDOPEPTIDASE_ACTIVITY_INVOLVED_IN_APOPTOTIC_SIGNALING_PATHWAY,0.180100755667506,0.33921562335727,0.111918316325105,0.60144988221973,1.26046346605129,10,"Gsn,Lgals9,Fas"
GOBP_REGULATION_OF_MRNA_POLYADENYLATION,0.180252826047814,0.339374890090771,0.249246554383295,-0.391413572813582,-1.2876943474594,20,"Zc3h14,Nudt21,Ncbp1,Cpsf6,Snrpa,Hsf1,Ccnt1,Nelfe,Virma,Ythdc1"
GOBP_RESPONSE_TO_AXON_INJURY,0.180327868852459,0.339389066537369,0.0988903007520636,0.406081010087394,1.18001472676638,78,"Mag,Apod,Klf4,Klk8,Ntrk3,Jun,Scarf1,Kcnk2,Gipr,Rgma"
GOBP_NEGATIVE_REGULATION_OF_VASCULAR_ASSOCIATED_SMOOTH_MUSCLE_CELL_PROLIFERATION,0.180442374854482,0.339477476943668,0.106729884364606,0.506212746833883,1.24508610616483,23,"Cnn1,Apln,Gper1,Gna12,Myocd,Cdkn1a,Il10,Efemp2,S1pr2,Prkg1"
GOBP_POSITIVE_REGULATION_OF_NLRP3_INFLAMMASOME_COMPLEX_ASSEMBLY,0.180798004987531,0.34001929333046,0.11101149245045,0.588534131177488,1.26069144269317,11,"Gbp5,Tlr4,Atat1,Tlr6,Usp50,Myd88"
GOBP_CARDIAC_CELL_FATE_COMMITMENT,0.181598062953995,0.341396208851808,0.108820126769161,0.560480833329348,1.25682878464126,14,"Sox17,Tbx3,Dkk1,Tbx5,Tbx18"
GOBP_EPINEPHRINE_TRANSPORT,0.182044887780549,0.342108280700119,0.110564716336619,0.587279853960529,1.25800467149262,11,"Adra2a,Adra2b,Slc22a3"
GOBP_INOSITOL_PHOSPHATE_METABOLIC_PROCESS,0.182297154899895,0.342454333961798,0.0999276973731092,0.432109205144537,1.20252894971628,54,"Hrh1,Inpp5j,Synj2,Lhcgr,Nudt11,Inpp4b,Gper1,Ptk2b,Plek,Nudt10"
GOBP_REGULATION_OF_P38MAPK_CASCADE,0.182887700534759,0.343435364433409,0.100633389423036,0.446849160306028,1.21274919309379,44,"Ager,Dusp1,Xdh,Lgals9,Zc3h12a,Ncf1,Phlpp1,Dusp10,Gadd45b,Gdf6"
GOBP_REGULATION_OF_PROTEIN_BINDING,0.183,0.343517923823749,0.0965629554309422,0.371477526496251,1.13118613040911,191,"Cldn5,Grem2,Csf3,Dkk1,Plcl1,Hopx,Dnajb2,Slpi,Atp2a3,Lox"
GOBP_GAS_HOMEOSTASIS,0.183291770573566,0.34380885472885,0.110122263835536,0.585955522810809,1.25516783865779,11,"Wnt7b,Cav1,Aqp11,Alas2,Gstp2,Gstp1"
GOBP_NEGATIVE_REGULATION_OF_HORMONE_METABOLIC_PROCESS,0.183291770573566,0.34380885472885,0.110122263835536,0.586067431521977,1.25540755687813,11,"Wnt4,Bmp5"
GOBP_PULMONARY_VALVE_DEVELOPMENT,0.183529411764706,0.344126204006407,0.106323255932708,0.522711687204883,1.2537871746856,21,"Nos3,Gja5,Tnfrsf1b,Hey2,Heyl"
GOBP_MYOBLAST_FUSION,0.184042553191489,0.344959699811192,0.0999276973731092,0.443731563799873,1.21056921274921,45,"Scgb3a1,Tmem182,Adam12,Cxcl10,Adamts15,Ehd2,Il4ra,Mymx,Il4,Jam2"
GOBP_EPOXYGENASE_P450_PATHWAY,0.184431137724551,0.345430450574261,0.107140237276725,0.544997364114423,1.26357750169455,17,"Cyp4f14,Cyp2e1,Cyp1b1,Cyp2j9,Cyp4f15,Cyp1a2,Cyp2b19,Cyp2c66"
GOBP_MYELOID_CELL_HOMEOSTASIS,0.18436873747495,0.345430450574261,0.096240602328129,0.378434261059667,1.14669424182629,156,"Adgrf5,Hoxa5,Hoxb6,Epas1,Zfp36,Klf2,Isg15,Hspa1a,Hcar2,Kcnq1"
GOBP_SHORT_TERM_MEMORY,0.184538653366584,0.345503095148535,0.109684061970549,0.583831951468882,1.25061896361913,11,"Serpinf1,Mdk,Cux2"
GOBP_NEGATIVE_REGULATION_OF_RESPONSE_TO_ENDOPLASMIC_RETICULUM_STRESS,0.18494623655914,0.346109043542985,0.10027910675413,0.450033176813211,1.21278189592713,42,"Hspa1a,Creb3l1,Bcl2l1,Ppp1r15a,Alox5,Dnajb9,Aqp11,Lrrk2,Prkn,Clu"
GOBP_TRANSCRIPTION_INITIATION_FROM_RNA_POLYMERASE_I_PROMOTER,0.185,0.346109043542985,0.234392647294686,-0.462561940522868,-1.25843249209108,11,"Polr1e,Taf1c,Taf1b,Pih1d1,Rrn3,Smarcb1,Ubtf,Baz2a"
GOBP_CAMP_BIOSYNTHETIC_PROCESS,0.185138539042821,0.346110612037286,0.110122263835536,0.599105618094563,1.25555057243888,10,"Adcy4,Adcy5"
GOBP_REGULATION_OF_OXIDATIVE_STRESS_INDUCED_INTRINSIC_APOPTOTIC_SIGNALING_PATHWAY,0.185081993636573,0.346110612037286,0.249246554383295,-0.33496523237146,-1.19803639107956,29,"Htra2,Nox1,Ins2,Nono,Parp1,Sod2,Sfpq,Trap1,Fbxw7,Ppia"
GOBP_PYRIMIDINE_CONTAINING_COMPOUND_CATABOLIC_PROCESS,0.185240334546312,0.346172179094539,0.249246554383295,-0.312816389952502,-1.13769060873028,35,"Apobec2,Upb1,Crmp1,Ung,Dut,Dctpp1,Dpysl4,Tdg,Mbd4,Dpysl3"
GOBP_RENAL_TUBULE_DEVELOPMENT,0.185786802030457,0.347064382685658,0.0965629554309422,0.396291209764663,1.16444673582771,94,"Hoxb7,Fgf1,Wnt4,Agt,Wnt6,Sox8,Agtr2,Foxd1,Wnt7b,Tcf21"
GOBP_POSITIVE_REGULATION_OF_EPITHELIAL_CELL_DIFFERENTIATION,0.186512118018967,0.348289902407633,0.0985499803531691,0.429262544214455,1.19460689636103,54,"Nkx6-1,Acvrl1,Tmem100,Prkch,Foxn1,Foxc1,Serpine1,Foxj1,Ovol2,Gdf2"
GOBP_MEMBRANE_LIPID_CATABOLIC_PROCESS,0.186666666666667,0.348449065478401,0.101713902282311,0.46192893740816,1.20440184938954,34,"Enpp2,Asah2,Neu4,Acer2,Cyp1b1,Pnliprp2,Mgst2,Smpdl3a,Hexb,Sphk1"
GOBP_REGULATION_OF_PROTEIN_LOCALIZATION_TO_PLASMA_MEMBRANE,0.186991869918699,0.348926551626318,0.096240602328129,0.392198397327119,1.158106582621,101,"Epha2,Pls1,Prkch,Vil1,Dab2,Mrap,Rhog,Lypd1,Tgfb1,Arhgef16"
GOBP_ISOPRENOID_METABOLIC_PROCESS,0.187246963562753,0.349272907543584,0.0959206777921745,0.394298242752173,1.16705332848877,106,"Adh1,Rarres2,Hmgcs2,Aldh1a2,Cyp2d22,Cyp2e1,Cyp26c1,Cyp3a13,Pnlip,Rbp1"
GOBP_RESPONSE_TO_ELECTRICAL_STIMULUS,0.187317429424404,0.349274746927478,0.249246554383295,-0.303717807061645,-1.16348488262162,40,"Hpca,Trim63,Gnat1,Ntrk1,Neurod2,Kcnj3"
GOBP_SOMATIC_STEM_CELL_DIVISION,0.187657430730479,0.349739490731436,0.109250039480711,0.598698466897259,1.25469730232522,10,"Hoxb4,Lbh"
GOBP_TRIGLYCERIDE_BIOSYNTHETIC_PROCESS,0.187705817782656,0.349739490731436,0.100633389423036,0.459721832419931,1.21122252858762,36,"C3,Agmo,Gpld1,Mogat2,Plin5"
GOBP_RESPONSE_TO_L_GLUTAMATE,0.187929349817211,0.349896607974489,0.249246554383295,-0.540052925638649,-1.46925220069835,11,"Hpca,Bcl11a,Aifm1,Taf9,Pcna"
GOBP_T_HELPER_2_CELL_CYTOKINE_PRODUCTION,0.187864644107351,0.349896607974489,0.104343952581949,0.510721601325216,1.2439620200597,22,"Il6,Prkcz,Rsad2,Nlrp3,Il4,Gata3,Xcl1"
GOBP_REGULATION_OF_CARDIAC_MUSCLE_CELL_PROLIFERATION,0.189218921892189,0.352167167845996,0.10027910675413,0.456068576433151,1.20326446165466,37,"Gata6,Tbx2,Wnt2,Kcnk2,Hey2,Nog,Tbx5,Tgfbr2"
GOBP_PERICARDIUM_DEVELOPMENT,0.189349112426036,0.352279048173827,0.252961123069611,-0.363159207045437,-1.16952890944904,19,"Wt1,Hand2,Flrt3"
GOBP_MIDBODY_ABSCISSION,0.189655172413793,0.352625961627254,0.248911114434702,-0.428865675656287,-1.25499596059497,16,"Cep55,Kif20a"
GOBP_REGULATION_OF_TRIGLYCERIDE_BIOSYNTHETIC_PROCESS,0.189675870348139,0.352625961627254,0.105520936843198,0.528290309702823,1.24218739180708,19,"C3,Gpld1,Plin5,Ldlr,Sik1,Mfsd2a,Nr1h3"
GOBP_ANTIGEN_PROCESSING_AND_PRESENTATION_VIA_MHC_CLASS_IB,0.189826302729529,0.35264479816014,0.107554375265169,0.572164010424575,1.24246299788125,12,"Azgp1,H2-T23,Tap2,H2-Q2,H2-M3,H2-Q1,H2-Q10"
GOBP_CELLULAR_RESPONSE_TO_LITHIUM_ION,0.189826302729529,0.35264479816014,0.107554375265169,0.571653488945382,1.24135439259332,12,"Slc13a5,Fabp4,Shh,Nfatc4"
GOBP_IMMATURE_T_CELL_PROLIFERATION,0.190176322418136,0.352929526056141,0.108394255853397,0.596466372516486,1.2500194837689,10,"Wnt4,Il1a,Shh"
GOBP_NUCLEOBASE_CATABOLIC_PROCESS,0.190176322418136,0.352929526056141,0.108394255853397,0.596396507588708,1.24987306726501,10,"Xdh,Dpysl5,Gda,Dpys,Aldh6a1"
GOBP_RESPONSE_TO_CALCIUM_ION,0.19019019019019,0.352929526056141,0.0943563635421779,0.380437604251923,1.14726572526935,142,"Edn1,Fosb,Slc6a1,Chp2,Casq2,Gpld1,Dpep1,Fos,Kcnmb1,Jun"
GOBP_REGULATION_OF_MYOBLAST_DIFFERENTIATION,0.190325972660358,0.353051167735652,0.0972150808846466,0.429821623235434,1.19475032119281,53,"Cmtm5,Tmem182,Tbx3,Sox8,Ranbp3l,Il18,Capn3,Tgfb1,Cxcl10,Prickle1"
GOBP_POSITIVE_REGULATION_OF_ANTIMICROBIAL_HUMORAL_RESPONSE,0.19055287846043,0.353341689421093,0.249246554383295,-0.387181573279389,-1.27377167778942,20,"Pgc,Klk1b3,Klk1,Klk1b16,Klk1b4"
GOBP_CATECHOL_CONTAINING_COMPOUND_METABOLIC_PROCESS,0.19072708113804,0.353403994427176,0.0972150808846466,0.427730118783229,1.19034226621108,54,"Epas1,Gpr37,Sult1a1,Ednra,Moxd1,Npr1,Hdc,Dao,Rtl4,Dbh"
GOBP_POSITIVE_REGULATION_OF_VIRAL_GENOME_REPLICATION,0.190708855367128,0.353403994427176,0.249246554383295,-0.329208791257933,-1.1717793518853,32,"Top2a,Cd28,Trim38,Ppih,Adarb1,Cnot7,Srpk1,Ppid,Larp1,Pabpc1"
GOBP_CARBOHYDRATE_TRANSMEMBRANE_TRANSPORT,0.191146881287726,0.353530306193304,0.0943563635421779,0.389360251081549,1.16035940852935,115,"Edn1,Slc5a11,C3,Slc45a3,Mfsd4b1,Ednra,Slc45a1,Ocln,Trarg1,Pea15a"
GOBP_MONOCYTE_ACTIVATION,0.19106699751861,0.353530306193304,0.107140237276725,0.570235529614131,1.23827527197496,12,"Csf1,Fn1,Dysf,Fer1l5,Foxp1,Cd33,Adam9,Lilrb4b,Npy,Adam10"
GOBP_NEGATIVE_REGULATION_OF_AMYLOID_FIBRIL_FORMATION,0.19106699751861,0.353530306193304,0.107140237276725,0.569809943374749,1.23735110487391,12,"Iapp,Ldlr,Cryab,Trem2,Clu,Apoe"
GOBP_REGULATION_OF_CIRCADIAN_SLEEP_WAKE_CYCLE,0.190876350540216,0.353530306193304,0.105125131597001,0.527666788732281,1.24072128524804,19,"Adora2a,Ghrh,Kcna2,Adora1,Nps"
GOBP_REGULATION_OF_T_CELL_CHEMOTAXIS,0.191105769230769,0.353530306193304,0.105125131597001,0.546076460703667,1.24071596004549,15,"Ccl21a,Ccl5,Cxcl10,Wnt5a,Xcl1"
GOBP_NEGATIVE_REGULATION_OF_INTERLEUKIN_17_PRODUCTION,0.191283292978208,0.353637321792955,0.105520936843198,0.555490120756741,1.2456375523205,14,"Tlr4,Il27ra,Vsir,Il12b,Il36rn,Prnp"
GOBP_REGULATION_OF_CHROMATIN_BINDING,0.191345437691832,0.353637321792955,0.249246554383295,-0.362350148799426,-1.23157917180446,23,"Ddx11,Cdt1,Ebf2,Tdg,Myod1,Ctbp2,Gmnn,Kdm1a,Senp2,Btaf1"
GOBP_POSITIVE_REGULATION_OF_SYNAPSE_ASSEMBLY,0.191467221644121,0.353732349579197,0.096240602328129,0.418450778427162,1.18276186886732,61,"Lrrn1,Lrrc4b,Sema4d,Ptprd,Cux2,Grid2,Ephb1,Srpx2,Lrtm2,Vstm5"
GOBP_NEGATIVE_REGULATION_OF_NEUROTRANSMITTER_TRANSPORT,0.191881918819188,0.354238121889115,0.106323255932708,0.5612522445763,1.23696704439745,13,"Syt11,Gpm6b,Slc30a1,Snca,Rap1a,Prkn"
GOBP_RESPONSE_TO_PEPTIDOGLYCAN,0.191881918819188,0.354238121889115,0.106323255932708,0.559755554987457,1.23366842828503,13,"Irak3,Il6,C5ar1,Nod2,Trem2"
GOBP_NEGATIVE_REGULATION_OF_TRANSPORTER_ACTIVITY,0.191991786447639,0.35431083350671,0.0952879846194844,0.407649833998766,1.17420754531732,72,"Adra2a,Pln,Rem1,Gstm7,Twist1,Casq2,Kcne4,Slc6a9,Sln,Tlr9"
GOBP_REGULATION_OF_CHOLESTEROL_BIOSYNTHETIC_PROCESS,0.192076830732293,0.354337698382105,0.104732821580651,0.526487890985479,1.23794930194565,19,"Fgf1,Sec14l2,Abca2,Abcg1,Apob,Dhcr7,Apoe"
GOBP_UREA_CYCLE,0.192307692307692,0.354633444325301,0.224966093540314,-0.482753355501414,-1.27757537615955,10,"Nags,Slc25a2,Asl,Arg2,Arg1"
GOBP_ADENYLATE_CYCLASE_ACTIVATING_ADRENERGIC_RECEPTOR_SIGNALING_PATHWAY,0.193142857142857,0.35604295667662,0.101350743797099,0.490535706399352,1.22757635314432,25,"Adra2a,Pln,Adra2b,Pde4b,Atp2b4,Arrdc3,Gpr101,Adra1b"
GOBP_LONG_TERM_MEMORY,0.193832599118943,0.357135378885889,0.0988903007520636,0.457292104974128,1.20086547530574,35,"Lrrn4,Prkcz,Camk2n1,Sgk1,Nfatc4,Arc,Prnp,Ldlr,Ptchd1,Gria1"
GOBP_PIGMENT_ACCUMULATION,0.193877551020408,0.357135378885889,0.231126709673834,-0.455068969590059,-1.25709367250282,12,"Rab38,Ap1m1,Ankrd27,Cd63,Bloc1s6,Rab32"
GOBP_POSITIVE_REGULATION_OF_PROTEIN_BINDING,0.194075587334014,0.357369222537762,0.0943563635421779,0.399807800755548,1.16517379533954,83,"Cldn5,Csf3,Plcl1,Vtn,Spta1,Spag8,Lfng,Trim21,Wnt5a,Mmp9"
GOBP_RESPONSE_TO_MAGNESIUM_ION,0.194477791116447,0.357978709609073,0.103958471559957,0.524470394803966,1.23320549295717,19,"Kcna1,Cd14,Thbs1,Slfn14,Fbp1,Snca"
GOBP_POSITIVE_REGULATION_OF_PROTEIN_DEACETYLATION,0.194600674915636,0.358073789458602,0.0999276973731092,0.473928647809188,1.21560406891385,28,"Aplnr,Nnmt,Prkd2,Pink1,Ndn,Lrrk2,Jdp2,Sdr16c5,Bcl6,Fnta"
GOBP_GERM_CELL_DEVELOPMENT,0.194805194805195,0.358187898421988,0.0928481214159878,0.357420430119121,1.10569542544544,283,"Edn1,Drc7,Wnt4,Pla2g3,Slc26a3,Paqr5,Zmynd15,Foxl2,Ttc12,Ednra"
GOBP_NEGATIVE_T_CELL_SELECTION,0.194789081885856,0.358187898421988,0.105920292736253,0.569168268996077,1.23595769903632,12,"Themis,Zap70,Cd3e,Shh,Dock2,Ccr7"
GOBP_DICARBOXYLIC_ACID_METABOLIC_PROCESS,0.194962591497097,0.35828399122807,0.249246554383295,-0.243938228047714,-1.11417666563737,92,"Nags,Shmt1,Uroc1,Aadat,Gls2,Folr1,Dhfr,Haao,Mthfd2l,Shmt2"
GOBP_POSTSYNAPTIC_CYTOSKELETON_ORGANIZATION,0.195,0.35828399122807,0.227987202850442,-0.455578872669944,-1.23943456184489,11,"Ina,Nefl,Nefh"
GOBP_POSITIVE_REGULATION_OF_TRANSPORTER_ACTIVITY,0.195171026156942,0.358467208071226,0.0931454575337804,0.386672490639472,1.15239656003704,116,"Edn1,Sgk2,Kcna1,Nppa,Gstm7,Abcb1a,Ednra,Lrrc52,Jph2,Slc6a9"
GOBP_REGULATION_OF_CILIUM_DEPENDENT_CELL_MOTILITY,0.195725534308211,0.359354368505252,0.0995791200495904,0.473461890320259,1.21440685852077,28,"Cfap45,Ttll6,Gas2l2,Cfap206,Catsper1,Semg1,Ccr6,Defb1,Prdm14,Tacr2"
GOBP_NEGATIVE_REGULATION_OF_AMINO_ACID_TRANSPORT,0.195913461538462,0.359568080012357,0.103576326612592,0.542781542589062,1.23322972361888,15,"Htr1b,Adora1,Grm7,Rgs4,Npy5r,Gabbr1,Tnf"
GOBP_VITAMIN_CATABOLIC_PROCESS,0.196859903381643,0.361173260693254,0.103576326612592,0.54152262310387,1.24124957318858,16,"Cyp4f14,Cyp26c1,Cyp4f18,Cyp26b1,Cyp2w1,Cyp4f15,Cyp4f40"
GOBP_CONSTITUTIVE_HETEROCHROMATIN_ASSEMBLY,0.197115384615385,0.361510046866669,0.222056046145248,-0.480698281446063,-1.27213675625276,10,"Hells,Ezh2,Cenpv,H3f3a,Smchd1,Rif1,Sirt6"
GOBP_BLASTOCYST_GROWTH,0.197471644365602,0.362031348003604,0.249246554383295,-0.373067349569076,-1.25561369115163,21,"Chek1,Gins1,Palb2,Brca2,Ncapg2,Rad51b,Zpr1,Nbn,Cops2,Pelo"
GOBP_PYRIMIDINE_NUCLEOSIDE_TRIPHOSPHATE_BIOSYNTHETIC_PROCESS,0.197604790419162,0.362143376389765,0.248911114434702,-0.397585690340888,-1.20075221874943,17,"Tyms,Cad,Nme7,Nme4,Uck2,Ctps2,Tbpl1,Nme1,Dtymk,Nme2"
GOBP_RETINAL_CONE_CELL_DIFFERENTIATION,0.197734118391385,0.362248328408708,0.249246554383295,-0.530337609668492,-1.44282099610344,11,"Pde6c,Thrb,Hcn1,Rorb"
GOBP_REGULATION_OF_PEPTIDYL_THREONINE_PHOSPHORYLATION,0.197837837837838,0.362306306306306,0.0965629554309422,0.447193216819175,1.20209829342067,41,"Irgm2,Cadm4,Tgfb1,Trim6,Stox1,Smad7,Irgm1,Wnt5a,Sirt2,Trpc5"
GOBP_DIOL_METABOLIC_PROCESS,0.197975253093363,0.362335208031575,0.0988903007520636,0.471844894220415,1.21025934170051,28,"Degs2,Sptlc3,Asah2,Acer2,Plpp3"
GOBP_REGULATION_OF_ENDOPLASMIC_RETICULUM_STRESS_INDUCED_INTRINSIC_APOPTOTIC_SIGNALING_PATHWAY,0.197997775305895,0.362335208031575,0.0982123351217438,0.466950060614601,1.20499972666413,31,"Hspa1a,Creb3l1,Bcl2l1,Rnf183,Serinc3,Lrrk2,Prkn,Pdx1,Wfs1,Tmbim6"
GOBP_RESPONSE_TO_ACID_CHEMICAL,0.198388721047331,0.36291852281839,0.0922597260527354,0.384505373412378,1.14883270609417,123,"Edn1,Col1a2,Hmgcs2,Pkd2l1,Col1a1,Klf2,Spaar,Col3a1,Pdgfd,Col16a1"
GOBP_NEGATIVE_REGULATION_OF_T_CELL_MEDIATED_CYTOTOXICITY,0.198511166253102,0.363010415698197,0.104732821580651,0.567180623589455,1.23164149629437,12,"Ceacam1,Klrd1,Fcgr2b,H2-M3,Il7r,Pirb,H2-Q10,Ptprc,Nckap1l,H2-Q7"
GOBP_CARDIAC_MUSCLE_CELL_FATE_COMMITMENT,0.198992443324937,0.363493827250893,0.105520936843198,0.592491868515177,1.24169008303673,10,"Tbx3,Dkk1,Tbx5,Tbx18,Wnt8a"
GOBP_MEMBRANE_DISASSEMBLY,0.198979591836735,0.363493827250893,0.227987202850442,-0.453850680458213,-1.25372824075233,12,"Plk1,Nek6,Vrk1,Prkcb"
GOBP_REGULATION_OF_FATTY_ACID_BIOSYNTHETIC_PROCESS,0.198918918918919,0.363493827250893,0.096240602328129,0.446568257860828,1.20041834375008,41,"Ceacam1,Pla2g3,Slc45a3,Ptgs2,Apoc1,Mid1ip1,Avpr1a,Elovl5,Abcd1,Il1b"
GOBP_IRON_COORDINATION_ENTITY_TRANSPORT,0.199757869249395,0.364759465570907,0.102821842840815,0.549430619650833,1.23204965607571,14,"Lcn2,Flvcr2,Hpx,Slc48a1,Hrg,Abcc5,Slc22a17"
GOBP_POSITIVE_REGULATION_OF_SIGNALING_RECEPTOR_ACTIVITY,0.2,0.364936479128857,0.0949751525905595,0.438754489398903,1.1969909741678,45,"Edn1,Tgfa,Adra2a,Adra2b,Adora1,Ncf1,Ccl2,Btc,Nlgn3,Arc"
GOBP_POSTSYNAPTIC_SPECIALIZATION_ORGANIZATION,0.2,0.364936479128857,0.09754492162472,0.460393868592203,1.19592548258212,33,"Lrrc4b,Ntrk3,Ptprd,Grid2,Lrrc4,Il1rap,Abi3,Nrxn2"
GOBP_WALKING_BEHAVIOR,0.200222469410456,0.365209852585763,0.09754492162472,0.465015034074428,1.2000062452436,31,"Efnb3,Cntn2,Kcnj10,Glrb,Npc1"
GOBP_MORPHOGENESIS_OF_AN_EPITHELIAL_BUD,0.200721153846154,0.365853966781949,0.102080107662747,0.538069693399176,1.2225241413206,15,"Sulf1,Wnt2,Trp63,Nog,Shh,Wnt5a,Fgfr2"
GOBP_REGULATION_OF_RETINOIC_ACID_RECEPTOR_SIGNALING_PATHWAY,0.200721153846154,0.365853966781949,0.102080107662747,0.539071227532922,1.22479968233672,15,"Klf2,Cyp26c1,Cyp26b1,Dhrs3,Zfp536,Cyp26a1,Trim16"
GOBP_HISTONE_SERINE_PHOSPHORYLATION,0.201002377128196,0.36593757303388,0.249246554383295,-0.528837887459455,-1.43874089570688,11,"Aurka,Aurkb,Prkaa2,Vrk1,Mst1"
GOBP_NEGATIVE_REGULATION_OF_NEURON_DEATH,0.201,0.36593757303388,0.0911073131586733,0.367656337579817,1.12284527253186,204,"Mag,Serpinf1,Cd34,Pla2g3,Foxq1,Adora2a,Ndnf,Csf3,Sult1a1,Faim2"
GOBP_POSITIVE_REGULATION_OF_GLUTAMATE_SECRETION,0.200992555831266,0.36593757303388,0.103958471559957,0.565588161897724,1.22818344110133,12,"Adora2a,Kmo,Gabbr1,Avpr1b,Avpr1a"
GOBP_UV_PROTECTION,0.201058201058201,0.36593757303388,0.231126709673834,-0.440583432181886,-1.23932703001264,13,"Fen1,Mfap4,Mc1r,Ercc3,Ercc1,Ercc5,Ercc2,Gpx1"
GOBP_CELL_PROLIFERATION_INVOLVED_IN_KIDNEY_DEVELOPMENT,0.201176470588235,0.366020310404292,0.100633389423036,0.516235917892763,1.23825425910612,21,"Pdgfd,Egr1,Shh,Myc,Pdgfa,Il6ra,Stat1,Pdgfb,Gata3,Osr1"
GOBP_DETECTION_OF_CELL_DENSITY,0.201511335012594,0.366496917911835,0.104732821580651,0.589949716325915,1.23636247378044,10,"Fap,Pak1,Cdhr2"
GOBP_ADULT_FEEDING_BEHAVIOR,0.201923076923077,0.367112950340798,0.219250346703755,-0.477204284524189,-1.26289012051032,10,"Cartpt,Lep,Usp46,Ghsr,Agrp,a,Dmbx1"
GOBP_GLYCEROPHOSPHOLIPID_BIOSYNTHETIC_PROCESS,0.202202202202202,0.367487516439071,0.0908241419007155,0.36735769474231,1.12220304186149,211,"Lcat,Bmx,Pigz,Htr2a,Pld1,Pld2,Cds1,Lpcat2,Socs3,Pcyt1b"
GOBP_MACROPHAGE_ACTIVATION_INVOLVED_IN_IMMUNE_RESPONSE,0.202395209580838,0.367705355461827,0.101350743797099,0.523024736413638,1.22464598238369,18,"Havcr2,Lbp,Dysf,Sucnr1,Cx3cr1,Fer1l5,Trem2,Ticam1"
GOBP_PURINE_NUCLEOTIDE_TRANSPORT,0.203409090909091,0.369413836705202,0.0978773277424561,0.473923681607847,1.20555299043399,27,"Gjb1,Abcc6,Slc17a9,Lrrc8e,Lrrc8c,Lrrc8d,Abcd1,Abcc5,Slc25a42,Slc25a41"
GOBP_REGULATION_OF_INTRINSIC_APOPTOTIC_SIGNALING_PATHWAY_IN_RESPONSE_TO_DNA_DAMAGE_BY_P53_CLASS_MEDIATOR,0.203592814371258,0.369480533517802,0.245041785430996,-0.396254573008207,-1.19673209898792,17,"Atad5,Zfp385a,Taf9,Mif,Ell3,Rpl26,Kdm1a,Triap1,Hnrnpk,Sirt1"
GOBP_SODIUM_ION_IMPORT_ACROSS_PLASMA_MEMBRANE,0.203529411764706,0.369480533517802,0.0999276973731092,0.512914102628881,1.23028648360678,21,"Slc6a1,Slc9a2,Hcn2,Slc9a9,Slc12a2,Slc5a2,Slc9a4,Slc9a3,Slc8a1"
GOBP_CELLULAR_ALDEHYDE_METABOLIC_PROCESS,0.203954214360042,0.369936296765565,0.0925528864684773,0.415968690553842,1.17574618376625,61,"Wnt4,Aldh1a2,Dab2,Aldh3b3,Bmp5,Aldh3b1,Cyp1b1,Akr1c20,Aldh1a7,Agxt"
GOBP_MYELOID_LEUKOCYTE_CYTOKINE_PRODUCTION,0.203991130820399,0.369936296765565,0.096240602328129,0.462408973203425,1.20115002091771,32,"Irak3,Sema7a,Gprc5b,Rigi,Tlr4,Tgfb1,Spon2,Wnt5a,Laptm5,Ticam1"
GOBP_EPHRIN_RECEPTOR_SIGNALING_PATHWAY,0.204210526315789,0.370200618748458,0.0931454575337804,0.428116724035715,1.18560833067033,51,"Epha2,Efnb3,Epha1,Epha10,Pak1,Anks1b,Ntrk3,Ephb1,Arhgef28,Efna2"
GOBP_DOPAMINE_BIOSYNTHETIC_PROCESS,0.204714640198511,0.370950976907159,0.102821842840815,0.564747336693734,1.22635757616644,12,"Gpr37,Dao,Slc6a3,Snca,Ddc"
GOBP_NEGATIVE_REGULATION_OF_INTRACELLULAR_STEROID_HORMONE_RECEPTOR_SIGNALING_PATHWAY,0.204845814977974,0.370950976907159,0.0956031492204301,0.452430241534569,1.18809804746977,35,"Lbh,Nodal,Dab2,Zfp366,Tcf21,Trp63,Heyl,Foxh1"
GOBP_RESPONSE_TO_HYDROPEROXIDE,0.204790419161677,0.370950976907159,0.100633389423036,0.535259003431615,1.24099909256375,17,"Rnf112,Cd38"
GOBP_ASTRAL_MICROTUBULE_ORGANIZATION,0.205289672544081,0.371487107227895,0.103576326612592,0.589039882402497,1.2344557273423,10,Tppp
GOBP_POSITIVE_REGULATION_OF_PROTEIN_KINASE_C_SIGNALING,0.205289672544081,0.371487107227895,0.103576326612592,0.589033443910522,1.2344422341417,10,"Flt4,Cd40,Wnt5a"
GOBP_NEUROPEPTIDE_SIGNALING_PATHWAY,0.205465587044534,0.371671646661704,0.0905428948469474,0.387402974114997,1.14852389425801,104,"Npb,Gpr37,Nppa,Cysltr1,Nppb,Sorcs1,Npy1r,Tac1,Cysltr2,Qrfpr"
GOBP_NEGATIVE_REGULATION_OF_PATHWAY_RESTRICTED_SMAD_PROTEIN_PHOSPHORYLATION,0.20573566084788,0.37202631909435,0.102821842840815,0.577363297315817,1.23676254220786,11,"Dkk1,Nog,Smad7,Ldlrad4,Lrp1,Pmepa1"
GOBP_PIGMENT_GRANULE_LOCALIZATION,0.205909236799416,0.372206304707178,0.249246554383295,-0.349957714018535,-1.19124590907449,26,"Rab17,Mreg,Rab27a,Bbs7,Myo7a"
GOBP_INTRACELLULAR_TRANSPORT_OF_VIRUS,0.206730769230769,0.373154605717442,0.216542836735348,-0.472386768558314,-1.25014087764723,10,"Kpna2,Nup153,Nmt2,Kpna3,Dynlt1b,Fmr1"
GOBP_MITOCHONDRIAL_FRAGMENTATION_INVOLVED_IN_APOPTOTIC_PROCESS,0.206730769230769,0.373154605717442,0.216542836735348,-0.475037090804017,-1.25715478319841,10,Nptx1
GOBP_POSITIVE_REGULATION_OF_MYOBLAST_FUSION,0.206521739130435,0.373154605717442,0.100633389423036,0.537920501993519,1.2329929813122,16,"Scgb3a1,Ehd2,Il4ra,Il4,Adgrb1,Ripor2,Cxcl9,Capn2,Flot1,Cd53"
GOBP_RESPONSE_TO_HISTAMINE,0.206730769230769,0.373154605717442,0.216542836735348,-0.476080822927234,-1.25991695241947,10,"Gabrg2,Gabrb3,Gabrb2,Drd4"
GOBP_POLARIZED_EPITHELIAL_CELL_DIFFERENTIATION,0.206857142857143,0.373248692441801,0.0972150808846466,0.486655619537944,1.21786635075903,25,"Foxf1,Ajap1,Trp63,Lama1,Wnt5a,Rap2a,Msn,Ophn1,Tcf15"
GOBP_HEART_VALVE_FORMATION,0.207021791767554,0.37341174998762,0.100633389423036,0.545664728573148,1.22360497781947,14,"Twist1,Gja5,Hey2,Dchs1,Efna1,Olfm1,Hey1,Zfpm1,Gata4"
GOBP_INSULIN_METABOLIC_PROCESS,0.207196029776675,0.373591980519134,0.102080107662747,0.56368158385334,1.2240432773903,12,"Ceacam1,Slc30a8,Cpe"
GOBP_HISTAMINE_PRODUCTION_INVOLVED_IN_INFLAMMATORY_RESPONSE,0.207808564231738,0.374562084041932,0.102821842840815,0.586570717406259,1.22928107794687,10,"Pla2g3,Btk,Lyn"
GOBP_KIDNEY_MORPHOGENESIS,0.208121827411168,0.374992267525426,0.0899860794997137,0.390455320263003,1.14729878423702,94,"Hoxb7,Fgf1,Wnt4,Agt,Wnt6,Sox8,Agtr2,Foxd1,Wnt7b,Gcnt3"
GOBP_CENTRAL_NERVOUS_SYSTEM_PROJECTION_NEURON_AXONOGENESIS,0.208333333333333,0.375194310519362,0.287857117255149,-0.332891629591745,-1.13315345263486,26,"Ephb2,Gli2,Nr2e1,Dcc,Slit2,Nfib,Adarb1,Ephb6,Chrnb2,Tsku"
GOBP_PULMONARY_VALVE_MORPHOGENESIS,0.208383233532934,0.375194310519362,0.0995791200495904,0.533167138250123,1.23614909886845,17,"Nos3,Gja5,Hey2,Heyl"
GOBP_ORGAN_INDUCTION,0.208574739281576,0.375404659637838,0.09754492162472,0.488534119158044,1.21067618911938,24,"Fgf1,Dkk1,Wnt2,Six1,Wnt5a,Ar,Fgf2,Gdnf,Wnt11"
GOBP_RECEPTOR_SIGNALING_PATHWAY_VIA_STAT,0.208791208791209,0.375659773297569,0.088894528862045,0.372048786208083,1.12985661086686,162,"Osm,Agt,Il6,Cd40,Csf2rb2,Il18,Socs3,Gbp7,Ptprd,Jak3"
GOBP_INSEMINATION,0.20910209102091,0.375681276469662,0.100990587455923,0.555474102425795,1.22423235783345,13,"Tac1,Slc6a4,Oxtr,Semg1,P2rx1,Avpr1a"
GOBP_MEMBRANE_RAFT_ASSEMBLY,0.209068010075567,0.375681276469662,0.102449405629826,0.584682589367617,1.22532411248343,10,"Emp2,Rftn1,Cav2,Cav1"
GOBP_POSITIVE_REGULATION_OF_NATURAL_KILLER_CELL_PROLIFERATION,0.209068010075567,0.375681276469662,0.102449405629826,0.584456491677245,1.2248502776937,10,"Il18,H2-T23,Il12b,Il15"
GOBP_POSITIVE_REGULATION_OF_TRIGLYCERIDE_LIPASE_ACTIVITY,0.209068010075567,0.375681276469662,0.102449405629826,0.584065494331884,1.22403086134045,10,"Gpihbp1,Pnlip,Apoh,Abhd5,Nr1h3"
GOBP_IMMUNOLOGICAL_MEMORY_PROCESS,0.209580838323353,0.37627245508982,0.0992333343771191,0.530885915713037,1.2308600797575,17,"Il12rb1,Fgl2,Tnfrsf14,Il12b,Ifnl2,Cd81,Bcl6,St3gal1"
GOBP_PROTEIN_ACTIVATION_CASCADE,0.209580838323353,0.37627245508982,0.0992333343771191,0.531946550175586,1.23331916292495,17,"Gp1bb,Fn1,Gp5,F13b,Apoh,Gp9,Fgg,F8"
GOBP_CYTOPLASMIC_TRANSLATIONAL_ELONGATION,0.21,0.376560636444424,0.219250346703755,-0.445103598321009,-1.21093583670255,11,"Dph1,Rplp2,Dph6,Dph2,Dph7,Dph3,Nemf"
GOBP_FATTY_ACID_BETA_OXIDATION_USING_ACYL_COA_DEHYDROGENASE,0.21,0.376560636444424,0.219250346703755,-0.446598512410649,-1.21500285627005,11,"Acadl,Etfa,Etfbkmt,Gcdh,Acadm,Acads,Etfdh,Etfb,Acadvl"
GOBP_MIDBRAIN_DEVELOPMENT,0.210040983606557,0.376560636444424,0.0899860794997137,0.394575931898286,1.15041528375249,87,"Plp1,Wnt3,Cnp,Mbp,Dkk1,Casp4,Foxb1,Wnt2,Shh,Gnb4"
GOBP_NUCLEOBASE_METABOLIC_PROCESS,0.209938343077425,0.376560636444424,0.249246554383295,-0.305554636295217,-1.11128013535304,35,"Crmp1,Tyms,Shmt1,Umps,Ada,Shmt2,Cad,Prps1,Ppat,Dpysl4"
GOBP_INTRINSIC_APOPTOTIC_SIGNALING_PATHWAY_IN_RESPONSE_TO_OXIDATIVE_STRESS,0.210356928227422,0.376858260227815,0.249246554383295,-0.291008452297471,-1.14038623191371,45,"Melk,Htra2,Nox1,Prodh,Ins2,Nono,Parp1,Sod2,Sfpq,Trap1"
GOBP_POSITIVE_REGULATION_OF_BLOOD_PRESSURE,0.210352422907489,0.376858260227815,0.0940503465727813,0.449552651203691,1.18054139201293,35,"Tbxa2r,Or51e2,Agt,Adra2b,Adora1"
GOBP_POSITIVE_REGULATION_OF_NUCLEOTIDE_BIOSYNTHETIC_PROCESS,0.210563558024763,0.37709405279319,0.249246554383295,-0.367014965146582,-1.23524349055977,21,"Rcvrn,Guca1a,Guca1b,Ppargc1a"
GOBP_POSITIVE_REGULATION_OF_NEUROTRANSMITTER_SECRETION,0.210778443113772,0.377127257670933,0.0988903007520636,0.530378104980212,1.22968271953639,17,"Adora2a,Kmo,Baiap3,Gper1,Stx1b,Snca,Slc4a8,Tacr2,Cdk5,Nlgn1"
GOBP_POSITIVE_REGULATION_OF_VASCULAR_ASSOCIATED_SMOOTH_MUSCLE_CELL_MIGRATION,0.21072319201995,0.377127257670933,0.101350743797099,0.57415113697958,1.22988181459338,11,"Agt,Igfbp5,Pdgfb,Adamts1"
GOBP_REGULATION_OF_PROTEIN_LOCALIZATION_TO_CILIUM,0.210807160146274,0.377127257670933,0.249246554383295,-0.51735213288422,-1.40749308760291,11,"Crocc,Efcab7,Gas8,Gdi2,Ccdc66,Inpp5e,Gsk3b,Dzip1"
GOBP_PROTEIN_AUTOPHOSPHORYLATION,0.211,0.377337958022056,0.0883594442500905,0.363111025387765,1.11355359203311,223,"Tek,Bmx,Flt1,Eng,Flt4,Epha1,Irak3,Aatk,Pak1,Mapk15"
GOBP_ESTABLISHMENT_OF_PIGMENT_GRANULE_LOCALIZATION,0.211168105066348,0.377470853254206,0.249246554383295,-0.357840589549881,-1.209052540201,24,"Rab17,Mreg,Rab27a,Bbs7,Myo7a"
GOBP_VACUOLAR_LOCALIZATION,0.211224489795918,0.377470853254206,0.0894366833718621,0.397584746032766,1.15812638871291,82,"Foxf1,Pla2g3,Ptgdr,Il13ra2,Lgals9,Gata2,S100a13,Adgre5,Btk,Gab2"
GOBP_POSITIVE_REGULATION_OF_BIOMINERALIZATION,0.211356466876972,0.377572480096139,0.0911073131586733,0.424438248235028,1.1797864648786,53,"Wnt4,Isg15,Wnt6,Cftr,Tgfb1,Ccn1,Amelx,Gpm6b,Tmem119,Kl"
GOBP_POSITIVE_REGULATION_OF_T_CELL_APOPTOTIC_PROCESS,0.211586901763224,0.377715680100756,0.101713902282311,0.583528488364956,1.22290545351783,10,"Pdcd1,Lgals9,Ccl5,Wnt5a"
GOBP_REGULATION_OF_PROTEIN_LOCALIZATION_TO_CENTROSOME,0.211538461538462,0.377715680100756,0.213927855492356,-0.467878257909988,-1.23820939727156,10,"Nup62,Pard6a,Cep72,Ubxn2b,Gsk3b,Nsfl1c,Bicd1"
GOBP_B_CELL_PROLIFERATION,0.211967545638945,0.378023806978153,0.088894528862045,0.38914703662694,1.14911291257442,97,"Tnfrsf13c,Mndal,Cd40,Cd38,Bst1,Ifi204,Tlr4,Inpp5d,Tlr9,Cd180"
GOBP_ERYTHROCYTE_HOMEOSTASIS,0.212060301507538,0.378023806978153,0.0883594442500905,0.380493136909218,1.14112648279899,129,"Adgrf5,Hoxa5,Hoxb6,Epas1,Zfp36,Klf2,Isg15,Hspa1a,Kcnq1,Hspa1b"
GOBP_NEGATIVE_REGULATION_OF_T_CELL_RECEPTOR_SIGNALING_PATHWAY,0.212050984936269,0.378023806978153,0.0965629554309422,0.487978278416239,1.20929871490692,24,"Ceacam1,Btn2a2,Thy1,Prnp,Ptprj,Dusp3,Laptm5,Ubash3a,Elf1"
GOBP_REGULATION_OF_GLIAL_CELL_PROLIFERATION,0.212018140589569,0.378023806978153,0.0952879846194844,0.481694583370552,1.21857456311649,26,"Sox10,Prkch,Il6,Plag1,Myc,Lyn,Tnf,Hes1,Cdkn2b,Il1b"
GOBP_HYPERSENSITIVITY,0.21256038647343,0.378780951010965,0.0988903007520636,0.533830604858622,1.2236183349789,16,"C3,Zp3,H2-T23,Btk,Ccr7,Gata3,Fcgr2b,Ighg1,Fcgr1"
GOBP_BILE_ACID_SECRETION,0.212846347607053,0.378844704577189,0.101350743797099,0.583114435242356,1.22203771898255,10,"Ces1d,Casr,Slc51a,Tnf,Slc51b,Ugt1a2,Slc10a1,Abcb11"
GOBP_NEGATIVE_REGULATION_OF_PHAGOCYTOSIS,0.212941176470588,0.378844704577189,0.0972150808846466,0.508835834468781,1.22050426438493,21,"Syt11,Dysf,Cd300lf,Cnn2,Plscr1,Tlr2,Fer1l5,Fcgr2b"
GOBP_NEURON_MATURATION,0.212765957446809,0.378844704577189,0.0913924325943768,0.435812567487946,1.18896495036814,45,"C3,Rnd1,Cntn2,Ednra,Myoc,Scarf1,Ret,Cdkn1c,Lgi4,Ntn4"
GOBP_POSITIVE_REGULATION_OF_B_CELL_MEDIATED_IMMUNITY,0.212972972972973,0.378844704577189,0.0922597260527354,0.441224999163865,1.18605515146686,41,"C3,Cd40,H2-T23,Tgfb1,Hpx,Btk,Nod2,Cd226,Il4,Trem2"
GOBP_RETINOIC_ACID_RECEPTOR_SIGNALING_PATHWAY,0.212931995540691,0.378844704577189,0.0940503465727813,0.46273106739613,1.19032122573079,30,"Aldh1a2,Klf2,Cyp26c1,Rarg,Cyp26b1,Dhrs3"
GOBP_REGULATION_OF_TUMOR_NECROSIS_FACTOR_MEDIATED_SIGNALING_PATHWAY,0.213305174234424,0.379301418774833,0.0908241419007155,0.42857576415322,1.18326155475562,49,"Hspa1a,Casp4,Hspa1b,Naip2,Ccdc3,Nr1h4,Rffl,Tnfaip3,Zfp458,Laptm5"
GOBP_POSITIVE_REGULATION_OF_BONE_RESORPTION,0.213768115942029,0.379977368272452,0.0985499803531691,0.533444695380189,1.22273377364211,16,"Trf,Dcstamp,Mc4r,Tnfsf11"
GOBP_POSITIVE_REGULATION_OF_MUSCLE_CELL_DIFFERENTIATION,0.213836477987421,0.379977368272452,0.0902635484340068,0.416448868436222,1.17100845391597,59,"Edn1,Eng,Hopx,Tgfb1,Shh,Nrg1,Gper1,Cyp26b1,Atp11a,Smyd1"
GOBP_INTRACELLULAR_STEROL_TRANSPORT,0.214046822742475,0.380216741316757,0.0937465422491719,0.462228420750795,1.1890282263773,30,"Pip4k2a,Ces1d,Npc1,Ldlrap1,Abca2,Abcg1,Ldlr"
GOBP_POSITIVE_REGULATION_OF_PROTEIN_SUMOYLATION,0.214285714285714,0.380506635716809,0.219250346703755,-0.441432057679391,-1.21942273288499,12,"Sae1,Gnl3,Rasd2,Uba2"
GOBP_CORONARY_VASCULATURE_DEVELOPMENT,0.214437367303609,0.380641470845778,0.0908241419007155,0.43356629333728,1.18590111085794,46,"Aplnr,Gata6,Apln,Hey2,Tbx5,Gper1,Prickle1,Apela,Myocd,Plxnd1"
GOBP_REGULATION_OF_NUCLEAR_TRANSCRIBED_MRNA_CATABOLIC_PROCESS_NONSENSE_MEDIATED_DECAY,0.215,0.38150547123191,0.216542836735348,-0.44136318096893,-1.20075976660799,11,"Magoh,Hnrnpab,Eif4a3,Pabpc1,Rbm8a"
GOBP_NEGATIVE_REGULATION_OF_TRANSMEMBRANE_TRANSPORT,0.215151515151515,0.381548861327823,0.0878312634480124,0.386826325011111,1.14847475643726,110,"Adra2a,Pln,Rem1,Gstm7,Twist1,Casq2,Kcne4,Slc6a9,Sln,Pea15a"
GOBP_PRIMARY_ALCOHOL_CATABOLIC_PROCESS,0.215252152521525,0.381548861327823,0.0992333343771191,0.553679041738038,1.22027614931062,13,"Sult1a1,Aldh3b3,Aldh3b1,Hao1,Sult2a1,Sult2a6"
GOBP_REGULATION_OF_T_CELL_RECEPTOR_SIGNALING_PATHWAY,0.215203426124197,0.381548861327823,0.0911073131586733,0.436887480533861,1.1813502387715,43,"Ceacam1,Btn2a2,Kcnn4,Thy1,Cd226,Prnp,Ccr7,Ptprj,Dusp3,Prkd2"
GOBP_NEGATIVE_REGULATION_OF_KERATINOCYTE_PROLIFERATION,0.215496368038741,0.381840969224342,0.0982123351217438,0.541967356459986,1.21531394729172,14,"Snai2,Eppk1,Fgfr2,Slurp1,Vdr"
GOBP_PYRIMIDINE_NUCLEOSIDE_METABOLIC_PROCESS,0.215568862275449,0.381840969224342,0.237793834423688,-0.37881721340007,-1.18212472615255,18,"Apobec2,Upb1,Tk1,Dhfr"
GOBP_REGULATION_OF_ANIMAL_ORGAN_FORMATION,0.215730337078652,0.3819923932703,0.0937465422491719,0.466462478216135,1.19520959787426,29,"Fgf1,Dkk1,Sulf1,Wnt2,Shh,Six1,Wnt5a"
GOBP_NEGATIVE_REGULATION_OF_RESPONSE_TO_OXIDATIVE_STRESS,0.21608643457383,0.382488206550226,0.09754492162472,0.517016377463843,1.21567860255591,19,"Gpr37,Pde8a,Ggt7,Mctp1,Pink1,Il10,Lrrk2,Gpr37l1"
GOBP_INTRINSIC_APOPTOTIC_SIGNALING_PATHWAY_IN_RESPONSE_TO_DNA_DAMAGE_BY_P53_CLASS_MEDIATOR,0.216543572979701,0.383027635949668,0.249246554383295,-0.301301621776837,-1.16226182012344,43,"Trp73,Brca2,Atad5,Chek2,Zfp385a,Dyrk2,Taf9,Usp28,Rps27l,Trp53"
GOBP_NEGATIVE_REGULATION_OF_EPIDERMIS_DEVELOPMENT,0.216482164821648,0.383027635949668,0.0988903007520636,0.553266018423427,1.21936587013815,13,"Hoxa7,Msx2,Trp63,Grhl2,Reg3b,Hes1"
GOBP_CILIUM_ORGANIZATION,0.216783216783217,0.383181867359083,0.086794975677172,0.347920892534385,1.08274459975907,399,"Drc7,Pla2g3,Gsn,Dcdc2a,Dnai2,Tekt4,Cfap46,Rsph4a,Dnah5,Ttc12"
GOBP_NEGATIVE_REGULATION_OF_ION_TRANSMEMBRANE_TRANSPORT,0.216768916155419,0.383181867359083,0.0880945010398517,0.394993880078504,1.14995409933098,84,"Adra2a,Pln,Rem1,Gstm7,Twist1,Casq2,Kcne4,Slc6a9,Sln,Rgs4"
GOBP_POLY_A_PLUS_MRNA_EXPORT_FROM_NUCLEUS,0.217105263157895,0.38351026820979,0.248911114434702,-0.348101532567814,-1.1715875181998,21,"Nxf3,Ddx25,Nup93,Nup133,Pcid2,Nxf1,Ddx19b,Iws1,Sarnp,Eny2"
GOBP_POSITIVE_REGULATION_OF_STRIATED_MUSCLE_CELL_APOPTOTIC_PROCESS,0.21712158808933,0.38351026820979,0.0992333343771191,0.558156574039717,1.21204563312871,12,"Gata6,Agt,Pou4f2"
GOBP_POSITIVE_REGULATION_OF_EXOSOMAL_SECRETION,0.217248348701712,0.383599384939764,0.249246554383295,-0.45306086256609,-1.30668661480358,15,"Sdc1,Ifng,Smpd3,Vps4b,Stam,Tsg101,Sdcbp,Atp13a2,Sdc4"
GOBP_DORSAL_SPINAL_CORD_DEVELOPMENT,0.217391304347826,0.383717024914509,0.241339976815091,-0.349733486371128,-1.15057285898427,20,"Lhx3,Lhx1,Gsx2,Wnt1,Ascl1,Uncx,Mdga1,Drgx"
GOBP_ANDROGEN_BIOSYNTHETIC_PROCESS,0.217884130982368,0.384451922235298,0.0999276973731092,0.580916482447976,1.21743145122971,10,Wnt4
GOBP_OOCYTE_MATURATION,0.218820861678005,0.385969288300115,0.0934449219410994,0.477361561559562,1.20761303200822,26,"Edn1,Ednra,Nppc,Insl3,Bnc1,Ptk2b,Dmc1,Sirt2,Wee2"
GOBP_CELL_CELL_ADHESION_MEDIATED_BY_INTEGRIN,0.219161676646707,0.386299350807501,0.0965629554309422,0.525270136622631,1.21783988446783,17,"Fermt3,Plpp3,Cd3e,Ccl5,Dpp4,Npnt,Itga5"
GOBP_NEGATIVE_REGULATION_OF_MYELOID_CELL_APOPTOTIC_PROCESS,0.219128329297821,0.386299350807501,0.0972150808846466,0.540877558530964,1.21287017165268,14,"Ccr5,Irf7,Apoh,Nod2,Kitl,St6gal1,Clec5a,Itpkb,Epo"
GOBP_HEME_TRANSPORT,0.219451371571072,0.386674393581416,0.0988903007520636,0.570002407559928,1.22099487431187,11,"Flvcr2,Hpx,Slc48a1,Hrg,Abcc5"
GOBP_REGULATION_OF_PHOSPHOLIPID_BIOSYNTHETIC_PROCESS,0.220359281437126,0.388138089623136,0.096240602328129,0.525147981346371,1.21755666721035,17,"Adgrf5,Htr2a,Nr1h4,Pdgfa,Abca2,Acsl3,Pdgfb,Htr2b,Htr2c"
GOBP_CELLULAR_RESPONSE_TO_GLUCAGON_STIMULUS,0.22069825436409,0.388326959988897,0.0985499803531691,0.569564568895277,1.22005698570259,11,"Gjb2,Cysltr2"
GOBP_NADH_REGENERATION,0.220611952317008,0.388326959988897,0.249246554383295,-0.509613585392034,-1.38643982153707,11,"Gck,Hk2,Pfkp,Eno1,Foxk2,Hk1,Pfkl"
GOBP_NEGATIVE_REGULATION_OF_LYASE_ACTIVITY,0.22067496390177,0.388326959988897,0.249246554383295,-0.348267483799631,-1.19180855597194,25,"Galr1,Hpca,Npr3,Akap5,Rd3,Ccr2"
GOBP_NEGATIVE_REGULATION_OF_CELL_DIVISION,0.22109335272613,0.388886033643897,0.249246554383295,-0.452853584685946,-1.30608879836453,15,"Aurkb,Blm,Aspm,E2f8,Tex14,Orc6,Intu"
GOBP_RESPONSE_TO_GLUCAGON,0.221176470588235,0.388896158673333,0.0949751525905595,0.504713861564085,1.21061721404951,21,"Gjb2,Hmgcs2,Cysltr2"
GOBP_REGULATION_OF_EXIT_FROM_MITOSIS,0.221556886227545,0.389428834638415,0.234392647294686,-0.389908280980008,-1.17756560376734,17,"Cdca5,Ube2c,Neurog1,Phb2,Kntc1,Cdc23,Cdc14b,Zw10"
GOBP_SOMITE_DEVELOPMENT,0.221881390593047,0.389862897766951,0.086794975677172,0.392961527798394,1.14403726883393,84,"Foxf1,Wnt4,Aldh1a2,Dkk1,Foxb1,Foxc2,Foxc1,Meox1,Nkx3-1,Frzb"
GOBP_CIRCADIAN_SLEEP_WAKE_CYCLE,0.222351571594878,0.390552533335937,0.0940503465727813,0.488035325892088,1.2003767336686,23,"Adora2a,Ghrh,Kcna2,Adora1,Nps"
GOBP_BRANCHING_INVOLVED_IN_PROSTATE_GLAND_MORPHOGENESIS,0.223325062034739,0.392104925739929,0.09754492162472,0.556426505581863,1.20828876271477,12,"Nkx3-1,Esr1,Shh,Fgfr2"
GOBP_POSITIVE_REGULATION_OF_REPRODUCTIVE_PROCESS,0.223469387755102,0.392104925739929,0.0862865626267245,0.394510252204575,1.14917068186074,82,"Wnt4,Msx2,Mapk15,Ccdc87,Inhba,Plat,Zp3,Meiosin,Lfng,Ovol1"
GOBP_REGULATION_OF_SYNAPTIC_VESICLE_EXOCYTOSIS,0.223393045310854,0.392104925739929,0.0880945010398517,0.419908950146072,1.16926802655013,55,"Adra2a,Adora2a,Htr2a,Htr1b,P2ry4,Apba1,Bace1,Grin3a,Prkcg,Chrnb3"
GOBP_THYROID_HORMONE_METABOLIC_PROCESS,0.223595505617978,0.392189325450654,0.0916795246008379,0.462803394546292,1.18583398434507,29,"Slco1c1,Ctsk,Cpq,Gata3,Sult2a1,Sult2a6,Tpo,Cga,Duox2,Gcnt4"
GOBP_INNER_EAR_RECEPTOR_CELL_DEVELOPMENT,0.223768736616702,0.392356274493255,0.088894528862045,0.43457980495771,1.17511024972544,43,"Pls1,Atp8b1,Kcnq1,Clrn2,Pdzd7,Clrn1,Ush1c,Cdh23"
GOBP_POSITIVE_REGULATION_OF_SMAD_PROTEIN_SIGNAL_TRANSDUCTION,0.223952095808383,0.392540859703188,0.0952879846194844,0.514331332608159,1.20429065059457,18,"Nodal,Dab2,Tgfb1,D130043K22Rik,Rbpms"
GOBP_NEGATIVE_REGULATION_OF_DIGESTIVE_SYSTEM_PROCESS,0.224137931034483,0.392592815090713,0.227987202850442,-0.410156572071085,-1.20024723445863,16,"Ptger3,Sct,Wnk4,Neurog1"
GOBP_NEUROTRANSMITTER_RECEPTOR_TRANSPORT_TO_PLASMA_MEMBRANE,0.224137931034483,0.392592815090713,0.227987202850442,-0.407402311485,-1.19218740102787,16,"Snap25,Cplx1,Grip1"
GOBP_REGULATION_OF_SMAD_PROTEIN_SIGNAL_TRANSDUCTION,0.225055432372506,0.394062576989406,0.0905428948469474,0.456759741167736,1.18647561888172,32,"Nodal,Dab2,Slc2a10,Tgfb1,D130043K22Rik,Gdf5,Rbpms,Ovol2,Ccn3,Lrp1"
GOBP_CALCIUM_ION_IMPORT,0.225409836065574,0.394545698433718,0.0860347242455604,0.393491298506376,1.14617088518901,85,"Pln,Cxcl12,Ccl3,Slc24a2,Sln,Ccl2,Grm6,Mcub,Casr,Orai1"
GOBP_L_GLUTAMATE_IMPORT_ACROSS_PLASMA_MEMBRANE,0.225845410628019,0.395033012953046,0.0952879846194844,0.526356170149275,1.20648583026539,16,"Kcnj10,Slc1a1,Tnf,Atp1a2,Ntsr1,Slc1a2,Arl6ip5,Slc7a11,Cln8,Per2"
GOBP_PROTEOGLYCAN_BIOSYNTHETIC_PROCESS,0.225840336134454,0.395033012953046,0.0873098257637931,0.416838112614528,1.16502171937329,56,"Cytl1,Dsel,Chsy3,Chst8,Csgalnact1,Slc2a10,Chst3,B3gat2,B3gat1,Hs3st3b1"
GOBP_NEGATIVE_REGULATION_OF_ION_TRANSMEMBRANE_TRANSPORTER_ACTIVITY,0.226041666666667,0.395238768115942,0.086794975677172,0.40752521410958,1.15638170257236,64,"Adra2a,Pln,Rem1,Gstm7,Casq2,Kcne4,Slc6a9,Sln,Tlr9,Hecw2"
GOBP_POSITIVE_REGULATION_OF_VASCULAR_PERMEABILITY,0.226347305389222,0.395576590156043,0.0946646223153342,0.523311985869248,1.21329990794717,17,"Pde2a,Ocln,Tgfb1,Tjp2,Tacr2,Tjp1,Apoe"
GOBP_REGULATION_OF_CELL_PROLIFERATION_INVOLVED_IN_KIDNEY_DEVELOPMENT,0.226392251815981,0.395576590156043,0.0952879846194844,0.5389085110634,1.20845475655123,14,"Pdgfd,Egr1,Myc,Pdgfa,Il6ra,Pdgfb,Gata3"
GOBP_INORGANIC_ION_IMPORT_ACROSS_PLASMA_MEMBRANE,0.226626016260163,0.395847457866517,0.0852884689790502,0.385487195348109,1.13828934919486,101,"Slc6a1,Kcnj8,Abcc9,Kcnj16,Kcnq1,Kcnj10,Slc9a2,Hcn2,Slc39a12,Kcnj15"
GOBP_SERINE_TRANSPORT,0.226932668329177,0.396245405936357,0.096887770327544,0.568582848494261,1.21795405497502,11,"Slc38a5,Slc7a10,Serinc3"
GOBP_ACTIVATION_OF_TRANSMEMBRANE_RECEPTOR_PROTEIN_TYROSINE_KINASE_ACTIVITY,0.227272727272727,0.396701388888889,0.224966093540314,-0.43013091579223,-1.22788420405774,14,"Chrna3,Pilrb2,Efna5"
GOBP_NEGATIVE_REGULATION_OF_PLASMA_MEMBRANE_BOUNDED_CELL_PROJECTION_ASSEMBLY,0.227777777777778,0.397444945813568,0.0899860794997137,0.448240309950675,1.16871106041688,34,"Ccl21a,Plxnb3,Stap1,Abi3,Kank1,Evi5l,Dnm2,Hrg"
GOBP_MALE_GENITALIA_DEVELOPMENT,0.228273464658169,0.398160817827012,0.0922597260527354,0.482052378164171,1.19461325886008,24,"Tbx3,Lhcgr,Bmp5,Shh,Wnt9b,Sycp2,Pdgfra,Dhcr24,Klhl10"
GOBP_REGULATION_OF_DENDRITE_EXTENSION,0.228346456692913,0.398160817827012,0.266350657088526,-0.334458829692932,-1.14455386560788,25,"Bcl11a,Syt1,Syt2,Cpne9,Unc13a,Syt4,Cpne6,Plaa"
GOBP_MULTICELLULAR_ORGANISM_AGING,0.228758169934641,0.398698704579502,0.0886261133285098,0.439423034299209,1.17287554287486,40,"Edn1,Ednra,Comp,Inpp5d,Trp63,Gna12,Tfcp2l1,Cryab,Avpr1b,Avpr1a"
GOBP_NEGATIVE_REGULATION_OF_ACTIVATED_T_CELL_PROLIFERATION,0.228813559322034,0.398698704579502,0.0946646223153342,0.538521567549669,1.20758706988441,14,"Lrrc32,Lgals9,Btn2a2"
GOBP_GLOMERULAR_EPITHELIUM_DEVELOPMENT,0.229024943310658,0.398928756071613,0.0908241419007155,0.474947420745847,1.20150582074006,26,"Pecam1,Cd34,Ednra,Foxc2,Foxc1,Foxj1,Klf15,Jag1,Ednrb,Myo1e"
GOBP_GLIAL_CELL_FATE_COMMITMENT,0.229528535980149,0.399252577983463,0.0959206777921745,0.555314215032162,1.20587340658311,12,"Nkx2-2,Sox8,Tal1,Nrg1,Olig2,Gcm1"
GOBP_NEGATIVE_REGULATION_OF_HEART_RATE,0.229426433915212,0.399252577983463,0.096240602328129,0.566554225148064,1.21360856682486,11,"Pln,Agtr2,Rnls,Tnf,Trpv1"
GOBP_NEGATIVE_REGULATION_OF_MYELINATION,0.229426433915212,0.399252577983463,0.096240602328129,0.566411499967253,1.21330283703864,11,"Tmem98,Klk8,Jam2,Tnf"
GOBP_REGULATION_OF_CHOLESTEROL_ESTERIFICATION,0.229528535980149,0.399252577983463,0.0959206777921745,0.555317610764419,1.20588078046822,12,"Agt,Apoc1,Abca2,Abcg1"
GOBP_DENDRITE_SELF_AVOIDANCE,0.229940119760479,0.399415681422228,0.0937465422491719,0.522324192957084,1.21100970806304,17,"Robo4,Cntn2,Dscaml1,Cntn6,Robo3"
GOBP_NEUTRAL_LIPID_CATABOLIC_PROCESS,0.229847494553377,0.399415681422228,0.0883594442500905,0.43875763288836,1.1710995025218,40,"Lipc,Gpld1,Gpihbp1,Pnpla1,Faah,Plin5,Lipe,Lipg,Abhd12,Pnliprp2"
GOBP_POSITIVE_REGULATION_OF_NEUROTRANSMITTER_TRANSPORT,0.229871645274212,0.399415681422228,0.0922597260527354,0.49345752131672,1.20191198774049,22,"Adora2a,Kmo,Baiap3,Gper1,Stx1b,Snca,Rab3b,Slc4a8,Prkn,Tacr2"
GOBP_POST_EMBRYONIC_ANIMAL_ORGAN_DEVELOPMENT,0.229940119760479,0.399415681422228,0.0937465422491719,0.521901916621595,1.21003065951684,17,"Klf4,Efemp1,Kdr,Cdh23"
GOBP_PHOSPHATIDYLCHOLINE_BIOSYNTHETIC_PROCESS,0.230337078651685,0.399967010149231,0.0899860794997137,0.459669841888172,1.17780493080415,29,"Lcat,Cds1,Pcyt1b,Abhd3,Slc44a1,Slc44a5,Acsl3"
GOBP_ENGULFMENT_OF_APOPTOTIC_CELL,0.230492196878752,0.400098160811286,0.0937465422491719,0.511293455445473,1.20222209683368,19,"Rhog,Xkr4,Rhoh,Thbs1,Trem2,Xkr9,Megf10,Adgrb1"
GOBP_NEUTRAL_LIPID_METABOLIC_PROCESS,0.230846774193548,0.400160942714127,0.0838361057159929,0.377790166143085,1.12995029962585,125,"C3,Agmo,Cyp2e1,Lipc,Gpld1,Mogat2,Gpihbp1,Pnpla1,Nkx2-3,Tnxb"
GOBP_POSITIVE_REGULATION_OF_GONAD_DEVELOPMENT,0.230769230769231,0.400160942714127,0.204294756516886,-0.449188390314422,-1.1887478775293,10,"Wt1,Sema3a"
GOBP_PROTEIN_INSERTION_INTO_ER_MEMBRANE,0.230773753057383,0.400160942714127,0.249246554383295,-0.349710836236744,-1.18861985703751,23,"Get3,Get1,Emc6,Tram1,Tram1l1,Mmgt1,Wdr83os,Emc8,Sec61a1,Bag6"
GOBP_REGULATION_OF_GLIAL_CELL_APOPTOTIC_PROCESS,0.230673316708229,0.400160942714127,0.0959206777921745,0.564848663778405,1.20995510560687,11,"Prkch,Ccl2,Trem2,Cdk5,Akap12,Gas6"
GOBP_DNA_CATABOLIC_PROCESS_ENDONUCLEOLYTIC,0.231749710312862,0.401587657270858,0.0913924325943768,0.480780482824886,1.19146127143088,24,"Cidea,Foxl2,Il6"
GOBP_REGULATION_OF_TAU_PROTEIN_KINASE_ACTIVITY,0.231920199501247,0.40174460471839,0.0956031492204301,0.564312701365327,1.20880702736981,11,"Dkk1,Egr1,C5ar1"
GOBP_INFLAMMATORY_CELL_APOPTOTIC_PROCESS,0.23220536756126,0.401961564301121,0.0916795246008379,0.491633505920748,1.19746924267017,22,"Hcar2,Il6,Ccr5,Irf7,Nod2,Plekho2,St6gal1,Pik3cd,Itpkb,Anxa1"
GOBP_RECEPTOR_CLUSTERING,0.232142857142857,0.401961564301121,0.0857844408075645,0.415092430029816,1.1601427074385,56,"Gsn,Tnfaip6,Dlg2,Colq,Glrb,Shisa6,Thy1,Nrxn2,Itgb7,Cdk5"
GOBP_ANATOMICAL_STRUCTURE_ARRANGEMENT,0.232335329341317,0.402048089706989,0.0931454575337804,0.520032327196517,1.20569601261671,17,"Hoxb2,Kcna2,Egr2,Hoxb1"
GOBP_ADAPTATION_OF_SIGNALING_PATHWAY,0.232828870779977,0.402763500829643,0.0913924325943768,0.484966440109087,1.19282847046559,23,"Aplnr,Htr1b,Apln,Gipr,Arrb1,Apela,Dnm2,Htr2b,Grk3"
GOBP_LIPID_HOMEOSTASIS,0.233233233233233,0.403185510131865,0.0828962134571565,0.370608842119068,1.12119632111494,153,"Lcat,Lipc,Apoc4,Il18,Gpihbp1,Mall,C1qtnf3,Pnpla1,Adora1,Ces1d"
GOBP_POSITIVE_REGULATION_OF_FATTY_ACID_METABOLIC_PROCESS,0.233223322332233,0.403185510131865,0.0880945010398517,0.442997227907232,1.16877778583466,37,"Pla2g3,Slc45a3,Ptgs2,Twist1,Plin5,Mid1ip1,Avpr1a,Elovl5,Fabp1,Abcd1"
GOBP_POSITIVE_REGULATION_OF_OSTEOBLAST_DIFFERENTIATION,0.233471074380165,0.403196443083125,0.0845557442441281,0.404989557604098,1.15541222325337,66,"Wnt4,Msx2,Il6,Ifitm1,Dnai3,Wnt7b,Nppc,Trp63,Ccn1,Npnt"
GOBP_REGULATION_OF_ENDOCRINE_PROCESS,0.233480176211454,0.403196443083125,0.0880945010398517,0.443518070967418,1.16469436779169,35,"Or51e2,Agt,Foxl2,Inhba,Dab2,Ren1,Nkx3-1,C1qtnf1"
GOBP_REGULATION_OF_NEUROTRANSMITTER_LEVELS,0.233466933867736,0.403196443083125,0.0828962134571565,0.361988771287959,1.10584970956259,213,"Adra2a,Itgb3,Sncg,Slc6a1,Prima1,Adora2a,Mctp2,Sv2a,Htr2a,Kcnj10"
GOBP_PEROXISOME_PROLIFERATOR_ACTIVATED_RECEPTOR_SIGNALING_PATHWAY,0.234117647058824,0.404158451842275,0.0916795246008379,0.500433840382284,1.20035106581429,21,"Ptgis,Twist1,Plin5"
GOBP_REGULATION_OF_GLOMERULAR_FILTRATION,0.234256926952141,0.404260065838796,0.0956031492204301,0.575155943572247,1.20535904251823,10,"Gja5,Emp2,Adora1,Coro2b,Pdgfb"
GOBP_REGULATION_OF_INTRACELLULAR_STEROID_HORMONE_RECEPTOR_SIGNALING_PATHWAY,0.234504132231405,0.404409012942461,0.0843144320642653,0.400232984709881,1.14933458645414,70,"Srarp,Lbh,Pak1,Nodal,Dab2,Zfp366,Tcf21,Trp63,Foxa1,Heyl"
GOBP_REGULATION_OF_RECEPTOR_CLUSTERING,0.234491315136476,0.404409012942461,0.0946646223153342,0.553388127049901,1.20169087674023,12,"Gsn,Tnfaip6,Shisa6"
GOBP_CELLULAR_RESPONSE_TO_MANGANESE_ION,0.234932349323493,0.405008545970233,0.0940503465727813,0.543701680996393,1.19828663114523,13,"Bace1,Slfn14,Lrrk2,Prkn,App"
GOBP_DORSAL_VENTRAL_PATTERN_FORMATION,0.235173824130879,0.405113918303367,0.0835990603684159,0.388393701086467,1.13444282139598,88,"Edn1,Wnt3,Acvrl1,Hoxb2,Nkx2-2,Grem2,Hhip,Hoxa2,Dscaml1,Dll4"
GOBP_ENTEROENDOCRINE_CELL_DIFFERENTIATION,0.235228539576366,0.405113918303367,0.0883594442500905,0.455959127658415,1.172901207545,30,"Nkx6-1,Nkx2-2,Gata6,Percc1,Bmp5"
GOBP_REGULATION_OF_CELL_PROJECTION_ASSEMBLY,0.235235235235235,0.405113918303367,0.0824344091527096,0.360212793858722,1.10348047420603,220,"Ccl21a,Ccl19,Ppp1r16b,Epha2,Cdc42ep2,Daam2,Plxnb3,Atp8b1,Dcdc2a,Icam1"
GOBP_CARDIOBLAST_DIFFERENTIATION,0.235434007134364,0.405317381460427,0.0919686140000427,0.50595727951912,1.19949810417735,20,"Gata6,Tbx2,Tbx5,Nrg1,Prickle1,Myocd"
GOBP_CLATHRIN_COAT_ASSEMBLY,0.235928143712575,0.405612441328014,0.0922597260527354,0.51124849658476,1.19707228693496,18,"Dab2,Fcho1,Sgip1,Hip1r,Cltb,Hip1"
GOBP_CORTICOSTEROID_HORMONE_SECRETION,0.235928143712575,0.405612441328014,0.0922597260527354,0.519608556937999,1.20471350040691,17,"Agt,Kcnq1,Dab2,Ren1,C1qtnf1"
GOBP_DENDRITIC_CELL_CYTOKINE_PRODUCTION,0.235928143712575,0.405612441328014,0.0922597260527354,0.519774337727719,1.20509786350644,17,"Jak3,Tlr3,Rigi,Tlr4,Nod2,Slamf9,Ticam1"
GOBP_EMBRYONIC_DIGESTIVE_TRACT_MORPHOGENESIS,0.235928143712575,0.405612441328014,0.0922597260527354,0.519570027406039,1.20462416960838,17,"Foxf1,Tcf21,Hlx,Shh,Ovol2,Pdgfra,Fgfr2"
GOBP_MODIFICATION_OF_SYNAPTIC_STRUCTURE,0.236024844720497,0.405639963900834,0.231126709673834,-0.342360333154742,-1.12631624557292,20,"Camkv,Dlgap3,Baiap2,Pfn1,Pgrmc1,Arhgap44,Epha4,Cyfip1,Cdc42,Wasf3"
GOBP_LONG_TERM_SYNAPTIC_POTENTIATION,0.236196319018405,0.405795931546658,0.0833634065110386,0.38932348335406,1.13344575252618,84,"Fam107a,Adora2a,Ager,Prkcz,Adora1,Slc24a2,Mpp2,Tnr,Slc1a1,Crhr2"
GOBP_GLIAL_CELL_DERIVED_NEUROTROPHIC_FACTOR_RECEPTOR_SIGNALING_PATHWAY,0.236775818639799,0.406652559037331,0.0949751525905595,0.574124495666049,1.20319742865591,10,"Sulf1,Ret,Gfral"
GOBP_NEGATIVE_REGULATION_OF_ANTIGEN_RECEPTOR_MEDIATED_SIGNALING_PATHWAY,0.237458193979933,0.407546036578055,0.0878312634480124,0.45467532183044,1.1695987681057,30,"Ceacam1,Btn2a2,Thy1,Prnp,Cd22,Ptprj,Dusp3,Laptm5,Fcgr2b,Ubash3a"
GOBP_POSITIVE_REGULATION_OF_OXIDOREDUCTASE_ACTIVITY,0.23744769874477,0.407546036578055,0.0843144320642653,0.409866070698275,1.15136734697758,58,"Edn1,Edn3,Agt,Agtr2,Ripk3,Nod1,Cdh3,Ptk2b,Nod2,S100a1"
GOBP_CELL_PROLIFERATION_IN_FOREBRAIN,0.237762237762238,0.40778941290712,0.245041785430996,-0.339257793235728,-1.15309137696187,23,"Kif14,Gli3,Pou3f2,Dct,Numbl,Arx,Fgf8,Igf2bp1"
GOBP_REGULATION_OF_B_CELL_RECEPTOR_SIGNALING_PATHWAY,0.237695078031213,0.40778941290712,0.0919686140000427,0.507573916999959,1.19347621663202,19,"Prkch,Nfam1,Gcsam,Stap1,Lyn,Cd22,Fcgr2b,Lpxn,Cd81,Blk"
GOBP_HEMATOPOIETIC_PROGENITOR_CELL_DIFFERENTIATION,0.237903225806452,0.407892058707037,0.0822054920415869,0.377916085583177,1.12789191605775,122,"Flt1,Hoxb3,Hoxb4,Flt4,Sp7,Osm,Inhba,Batf,Kdr,Tal1"
GOBP_CELLULAR_RESPONSE_TO_INORGANIC_SUBSTANCE,0.238238238238238,0.407909953550281,0.0817515582532145,0.36261182086048,1.10758363379331,205,"Edn1,Trf,Serpinf1,Fosb,Kcna1,Slc13a5,Mmp3,Ptgs2,Chp2,Gpld1"
GOBP_INNATE_IMMUNE_RESPONSE_ACTIVATING_SIGNAL_TRANSDUCTION,0.238202247191011,0.407909953550281,0.0880945010398517,0.457941451457275,1.1733763027186,29,"Pak1,Pira13,Lilra6,Klrd1,Lyn,Fyn,Ffar2,Klrc2,Klrc3,Src"
GOBP_POSITIVE_REGULATION_OF_T_CELL_MIGRATION,0.238202247191011,0.407909953550281,0.0880945010398517,0.458167060077102,1.17395437619797,29,"Ccl21a,Cxcl12,Ccl5,Cxcl10,Tnfrsf14,Wnt5a"
GOBP_REGULATION_OF_DEFENSE_RESPONSE_TO_BACTERIUM,0.238095238095238,0.407909953550281,0.287857117255149,-0.317334541835279,-1.12420257710348,30,"Pgc,Klk1b3,Klk1,Klk1b16,Klk1b4,Arg2,Cyba,F2rl1"
GOBP_ASPARTATE_FAMILY_AMINO_ACID_BIOSYNTHETIC_PROCESS,0.238674795376049,0.4085182827223,0.249246554383295,-0.361782491812856,-1.21763282277015,21,"Asns,Mthfd2l,Mtap,Mthfr,Mtr,Got1,Mri1,Mthfd1,Asnsd1,Got2"
GOBP_GAMMA_DELTA_T_CELL_ACTIVATION,0.238895558223289,0.408756967729229,0.0916795246008379,0.507119018285364,1.19240659745211,19,"Mill2,Egr3,Sox13,Jaml,Itk,Nod2"
GOBP_GENITALIA_DEVELOPMENT,0.23936170212766,0.409343986971347,0.0847985102819124,0.427718227242003,1.16688232226898,45,"Tbx3,Lhcgr,Bmp5,Cyp19a1,Trp63,Esr1,Shh,Wnt9b,Sycp2,Wnt5a"
GOBP_NUCLEOSIDE_MONOPHOSPHATE_PHOSPHORYLATION,0.239401496259352,0.409343986971347,0.0937465422491719,0.56305077389961,1.20610386866915,11,"Ak7,Cmpk2,Ak9,Ak8"
GOBP_IMMUNE_RESPONSE_INHIBITING_SIGNAL_TRANSDUCTION,0.239852398523985,0.409557747072036,0.0928481214159878,0.540661081635993,1.1915853284059,13,"Ceacam1,Kir3dl2,Kir3dl1,Lyn,H2-M3,Pirb,H2-Q10,Cd33,H2-Q7,Lilrb4b"
GOBP_PROTEIN_CHROMOPHORE_LINKAGE,0.239795918367347,0.409557747072036,0.206587922696891,-0.427439792987667,-1.18077015803727,12,"Opn3,Rgr,Opn4,Rho"
GOBP_REGULATION_OF_LYMPHOCYTE_APOPTOTIC_PROCESS,0.239747634069401,0.409557747072036,0.0840745577910723,0.416048338308811,1.1564655172174,53,"Gimap8,Pdcd1,Lgals9,Jak3,Ripk3,Ccl5,Btk,Wnt5a,Lyn,Rag1"
GOBP_STEM_CELL_PROLIFERATION,0.239626556016598,0.409557747072036,0.0833634065110386,0.402316074721723,1.14272942207725,63,"Sox17,Cd34,Wnt3,Snai2,Tbx3,Abcb1a,Wnt7b,Rnf43,Sox18,Ovol1"
GOBP_MAMMARY_GLAND_EPITHELIAL_CELL_PROLIFERATION,0.240362811791383,0.410170795441781,0.0880945010398517,0.469781706002525,1.18843777139127,26,"Hoxa5,Epha2,Rtn4,Esr1,Tnfsf11,Wnt5a"
GOBP_RESPONSE_TO_FUNGUS,0.240374609781478,0.410170795441781,0.0833634065110386,0.406127479850802,1.14792974904292,61,"Rarres2,S100a8,Zbp1,Il25,S100a9,Tlr4,Btk,Il17ra,Spon2,Ctsg"
GOBP_RESPONSE_TO_HYPEROXIA,0.240718562874252,0.410618329001989,0.0911073131586733,0.509723909168801,1.19350251341612,18,"Kcna5,Col1a1,Fas,Foxo1,Cav1"
GOBP_DNA_CATABOLIC_PROCESS,0.240802675585284,0.410622472919683,0.0870515867946735,0.453622621605041,1.16689082063705,30,"Cidea,Foxl2,Il6,Isg20"
GOBP_CELLULAR_RESPONSE_TO_ARSENIC_CONTAINING_SUBSTANCE,0.241176470588235,0.411120419683641,0.0899860794997137,0.4979683471941,1.19443728233807,21,"Gsto2,Atf3,Zc3h12a,Myc,Cpeb2"
GOBP_ODONTOGENESIS_OF_DENTIN_CONTAINING_TOOTH,0.241379310344828,0.411326709526593,0.0817515582532145,0.38666427804384,1.1344820971911,90,"Dmp1,Gata6,Msx2,Fam20a,Wnt6,Csf1,Nkx2-3,Apcdd1,Klk4,Foxc1"
GOBP_NEUROMUSCULAR_SYNAPTIC_TRANSMISSION,0.241666666666667,0.411676832712075,0.266350657088526,-0.327482479758005,-1.11474086347652,26,"Chrna3,Chrnb4,Erc2,Chat,Stxbp1,Adarb1,Rapsn,Chrnb2"
GOBP_POSITIVE_REGULATION_OF_NECROTIC_CELL_DEATH,0.242312423124231,0.412637043037097,0.0922597260527354,0.538430997310866,1.18667035328898,13,"Zbp1,Ripk3,Slc6a13,Slc6a6,Mt3,Atg9a"
GOBP_RESPONSE_TO_CORTICOSTERONE,0.24311377245509,0.413861474477391,0.0905428948469474,0.517214467022338,1.19916279804824,17,"Fosb,Fos,Ntrk3"
GOBP_PURINE_NUCLEOSIDE_MONOPHOSPHATE_METABOLIC_PROCESS,0.243366576556426,0.414151584410681,0.249246554383295,-0.294340504797108,-1.12196065039877,41,"Ada,Dck,Ak2,Prps2,Adsl,Ppat,Aprt,Gmps,Ak4,Impdh2"
GOBP_NEGATIVE_REGULATION_OF_CD4_POSITIVE_ALPHA_BETA_T_CELL_DIFFERENTIATION,0.243529411764706,0.414288444311735,0.0894366833718621,0.496565894176378,1.19107332922633,21,"Jak3,Zc3h12a,Hlx,Smad7,Il4ra,Il4"
GOBP_NEGATIVE_REGULATION_OF_MIRNA_TRANSCRIPTION,0.243697478991597,0.414434109232326,0.0905428948469474,0.504147105261136,1.18541863492385,19,"Gata6,Tgfb1,Nfatc4,Pdgfb,Pou5f1"
GOBP_FILOPODIUM_ASSEMBLY,0.243801652892562,0.414453851391279,0.0822054920415869,0.402835171626513,1.14926588232835,66,"Ccl21a,Ppp1r16b,Daam2,Itgb4,Fgd5,Dnm3,Spag6l,Vstm5,Pik3r1,Ccr7"
GOBP_NEGATIVE_REGULATION_OF_RHO_PROTEIN_SIGNAL_TRANSDUCTION,0.243873978996499,0.414453851391279,0.088894528862045,0.486554753554962,1.18509895123168,22,"Myoc,Rasip1,Dlc1,Kctd13,Kank1,Ripor2,Bcl6,Heg1"
GOBP_REGULATION_OF_LONG_TERM_NEURONAL_SYNAPTIC_PLASTICITY,0.244755244755245,0.415810954844412,0.241339976815091,-0.334770137393301,-1.137838441413,23,"Syp,Ephb2,Camk2b,Kit,Dlg4,Neurl1a"
GOBP_MYELOID_DENDRITIC_CELL_DIFFERENTIATION,0.244946492271106,0.415945626477541,0.0897104652742981,0.503285461529882,1.19316389229321,20,"Batf2,Batf,Dcstamp,Tgfbr2,Ubd,Il4,Relb,Itgb8"
GOBP_PEPTIDYL_ARGININE_N_METHYLATION,0.245,0.415945626477541,0.20207170902116,-0.431953285072966,-1.17515947893778,11,"Carm1,Prmt7,Ndufaf7,Prmt5,Prmt8,Prmt9,Prmt3,Prmt6,Prmt1"
GOBP_MYELOID_CELL_DEVELOPMENT,0.245128205128205,0.416022784327984,0.0815265143256594,0.396393788336238,1.14444302657993,73,"Adgrf5,Klf2,Tspan2,Fli1,Pip4k2a,Slc9b2,Tal1,Cldn18,Tnfsf11,Mpig6b"
GOBP_CORTISOL_METABOLIC_PROCESS,0.245635910224439,0.41674374643883,0.0922597260527354,0.559294110137906,1.19805676722411,11,"Wnt4,Bmp5"
GOBP_CALCIUM_ION_REGULATED_EXOCYTOSIS,0.245833333333333,0.416937977957715,0.0822054920415869,0.402505288418394,1.14213730733845,64,"Adra2a,Cltrn,Unc13c,Zp3,Syt15,Syt11,Syt10,Syt5,Scamp5,Baiap3"
GOBP_REGULATION_OF_HORMONE_BIOSYNTHETIC_PROCESS,0.246207701283547,0.417432079039593,0.0883594442500905,0.484850080452651,1.18094688758215,22,"Wnt4,Dab2,Bmp5,Egr1"
GOBP_CELLULAR_RESPONSE_TO_EPINEPHRINE_STIMULUS,0.246882793017456,0.418038924970769,0.0919686140000427,0.55779169668119,1.19483846655481,11,"Kcnq1,Pde4b,Atp2b4,Sirt2,Snca"
GOBP_IRON_IMPORT_INTO_CELL,0.246882793017456,0.418038924970769,0.0919686140000427,0.558001724427261,1.19528836430615,11,"Slc6a9,Slc39a8,Tfr2"
GOBP_POSITIVE_REGULATION_OF_PROTEIN_CONTAINING_COMPLEX_DISASSEMBLY,0.246666666666667,0.418038924970769,0.0855356947987884,0.444169074221805,1.15809599943225,34,"Irgm2,Calcoco2,Vil1,Sln,Sema5a,Irgm1,Plek"
GOBP_REGULATION_OF_MYOBLAST_PROLIFERATION,0.246898263027295,0.418038924970769,0.0916795246008379,0.549534646150955,1.19332298336918,12,"Kcna5,Gata6"
GOBP_HISTONE_H3_K14_ACETYLATION,0.248275862068966,0.420229885057471,0.237793834423688,-0.336149506751341,-1.13346655431999,22,"Wdr5,Tada2a,Yeats2,Piwil2,Dr1,Brpf1,Zzz3,Sirt1,Ing5,Kat2a"
GOBP_POSITIVE_REGULATION_OF_SUBSTRATE_ADHESION_DEPENDENT_CELL_SPREADING,0.248387096774194,0.420276652805073,0.0833634065110386,0.425290145789429,1.14610258955132,42,"Lims2,Myoc,Dab2,Mdk"
GOBP_NEUROTRANSMITTER_METABOLIC_PROCESS,0.24859392575928,0.42048508236605,0.0857844408075645,0.453876217360616,1.16417055427493,28,"Prima1,Moxd1,Slc5a7,Hnmt,Colq,Dbh,Moxd2,Bche,Gad1"
GOBP_RESPONSE_TO_ACIDIC_PH,0.248863636363636,0.420799697275479,0.0862865626267245,0.460583008283671,1.17161738171783,27,"Serpinf1,Pkd2l1,Gpr4"
GOBP_LYMPHOCYTE_APOPTOTIC_PROCESS,0.24896694214876,0.420832823867457,0.0810802057550866,0.395838704911839,1.13671569209163,70,"Gimap8,Il2ra,Pdcd1,Lgals9,Jak3,Ripk3,Ccl5,Fas,Btk,Wnt5a"
GOBP_REGULATION_OF_NEUROTRANSMITTER_UPTAKE,0.249101796407186,0.42091923715594,0.0891647117820678,0.513915706970129,1.19151461613045,17,"Itgb3,Gpm6b,Snca,Rab3b,Prkn,Atp1a2,Gdnf,Gfap,Flot1,Nos1"
GOBP_CARDIAC_MUSCLE_CELL_MYOBLAST_DIFFERENTIATION,0.249376558603491,0.420962508166484,0.0913924325943768,0.556735523912792,1.19257605236235,11,"Tbx2,Nrg1,Prickle1,Myocd"
GOBP_CELLULAR_RESPONSE_TO_OXIDISED_LOW_DENSITY_LIPOPROTEIN_PARTICLE_STIMULUS,0.249376558603491,0.420962508166484,0.0913924325943768,0.556729913729216,1.19256403485979,11,"Tlr4,Trem2,Tlr6,Ticam1,Myd88"
GOBP_GLUCOCORTICOID_BIOSYNTHETIC_PROCESS,0.249394673123487,0.420962508166484,0.0897104652742981,0.529866261986178,1.18817831132358,14,"Wnt4,Bmp5,Cyp21a1"
GOBP_NEGATIVE_REGULATION_OF_PROTEIN_KINASE_B_SIGNALING,0.249462365591398,0.420962508166484,0.083129129135339,0.424648085578771,1.14437231934081,42,"Epha2,Xdh,Btn2a2,Phlpp1,Gper1,Pkhd1,Ptprj,Phlda3,Mtm1,H2-M3"
GOBP_CELLULAR_RESPONSE_TO_CHEMICAL_STRESS,0.24975024975025,0.421165550316842,0.0791316651768349,0.347106311937537,1.0756893060761,315,"Edn1,Gjb2,Epas1,Prr5l,Klf2,Gpr37,Nos3,Rnf112,Hspa1a,Mmp3"
GOBP_CELLULAR_RESPONSE_TO_EXTERNAL_STIMULUS,0.24975024975025,0.421165550316842,0.0791316651768349,0.347665547878856,1.07644914353942,301,"Mag,Bglap3,Bglap2,Bglap,Eng,Wnt4,Col1a1,Fam107a,Snai2,Pde2a"
GOBP_NEGATIVE_REGULATION_OF_CELLULAR_RESPIRATION,0.25,0.421304056319142,0.195789002148949,-0.442825728450214,-1.17190950648142,10,"Ppif,Mlxipl,Actn3,Dnajc15,Trap1"
GOBP_RETINAL_GANGLION_CELL_AXON_GUIDANCE,0.25,0.421304056319142,0.231126709673834,-0.340468872100177,-1.14589866337467,21,"Isl2,Isl1,Efna5,Ephb2,Epha7,Slit2"
GOBP_NEGATIVE_REGULATION_OF_B_CELL_ACTIVATION,0.250274423710209,0.421370742939305,0.0840745577910723,0.437948037969962,1.15385542415445,36,"Mndal,Inhba,Ifi204,Inpp5d,Ctla4,Tnfaip3,Btk,Foxj1,Lyn,Laptm5"
GOBP_NEGATIVE_REGULATION_OF_T_CELL_MEDIATED_IMMUNITY,0.250272034820457,0.421370742939305,0.0835990603684159,0.431671606018448,1.14846693565859,39,"Ceacam1,Smad7,Nod2,Klrd1,H2-Q2,Ahr,Hfe,Fcgr2b,Xcl1,Clec4g"
GOBP_RESPONSE_TO_PLATELET_DERIVED_GROWTH_FACTOR,0.250291036088475,0.421370742939305,0.0873098257637931,0.478531258138706,1.17700043035384,23,"Pdgfd,Tlr4,Errfi1,Myc,Pdgfb,Fyn,Has1"
GOBP_GRANULOCYTE_MACROPHAGE_COLONY_STIMULATING_FACTOR_PRODUCTION,0.250900360144058,0.421831475064942,0.088894528862045,0.501987514198916,1.1803407132969,19,"Il18,Rigi,Pira13,Tlr9,Il12b,Il17f,Lilra6,Rasgrp1,Cd84,Il1b"
GOBP_MITOCHONDRIAL_DEPOLARIZATION,0.250900360144058,0.421831475064942,0.088894528862045,0.5021581844165,1.18074201611951,19,"Dcn,Myoc,Kdr"
GOBP_PHOSPHATIDIC_ACID_METABOLIC_PROCESS,0.250825082508251,0.421831475064942,0.0840745577910723,0.439390460558046,1.15926190336218,37,"Pla2g3,Pld1,Pld2,Agpat4,Nr1h4,Dgkb,Pla2g2a,Abhd4,Dgkg"
GOBP_SIALYLATION,0.25089179548157,0.421831475064942,0.0883594442500905,0.500144375449195,1.18571716318908,20,"St8sia6,St6galnac3,St8sia5,St6gal2,St8sia4,St8sia1"
GOBP_POSITIVE_REGULATION_OF_EXTRACELLULAR_MATRIX_ORGANIZATION,0.251136363636364,0.422087094617185,0.0857844408075645,0.460084546217538,1.17034940871339,27,"Agt,Il6,Tnxb,Tgfb1,Phldb1,Phldb2,Fscn1,Rgcc,Efemp2,Clasp2"
GOBP_KERATAN_SULFATE_METABOLIC_PROCESS,0.251497005988024,0.42220093036649,0.0886261133285098,0.513324691571707,1.19014434572224,17,"B3gnt3,Chst5,Slc35d2,B4galt4,B3gnt2,St3gal1,B3gnt4,Chst2,St3gal4,Chst1"
GOBP_LAMELLIPODIUM_MORPHOGENESIS,0.251497005988024,0.42220093036649,0.0886261133285098,0.512603219676156,1.18847161165901,17,"Enpp2,Vil1,Kank1"
GOBP_PHOSPHATIDYLINOSITOL_BIOSYNTHETIC_PROCESS,0.251509054325956,0.42220093036649,0.0791316651768349,0.371973218742477,1.11716195613698,131,"Bmx,Pigz,Htr2a,Cds1,Socs3,Pik3r6,Inpp5j,Pip4k2a,Synj2,Inpp5d"
GOBP_TRANSMISSION_OF_NERVE_IMPULSE,0.251540041067762,0.42220093036649,0.0802023444698144,0.395323065711823,1.13870112994626,72,"Mag,Kcna1,S1pr1,Agt,Kcna2,Nfasc,Myh14,Tnr,Cacng8,Gper1"
GOBP_MODULATION_OF_PROCESS_OF_ANOTHER_ORGANISM,0.251685393258427,0.422303895831146,0.0850427463764322,0.452479402271445,1.15938097851604,29,"Slpi,S100a9,Nos2,Bcl2l1,Reg3b,Defa34"
GOBP_INTERLEUKIN_2_PRODUCTION,0.251821019771072,0.422390479275668,0.0808589150280032,0.403598464530331,1.14078142230763,61,"Cd34,Zfp36,Il1a,Havcr2,Cd83,Nr1h4,Cd3e,Pde4b,Tnfaip3,Il17f"
GOBP_INSULIN_SECRETION_INVOLVED_IN_CELLULAR_RESPONSE_TO_GLUCOSE_STIMULUS,0.252092050209205,0.422563099833836,0.0810802057550866,0.408007605957534,1.14614667668801,58,"Adra2a,Cltrn,Gpld1,Adcy5,Slc9b2,Cftr,Nr1h4,Ptprn,Baiap3"
GOBP_POSITIVE_REGULATION_OF_NEURON_DIFFERENTIATION,0.252049180327869,0.422563099833836,0.0799858801499946,0.386015564187598,1.1254568991862,87,"Nkx6-1,Nkx2-2,Rnf112,Dkk1,Cxcl12,Mmd2,Adra2b,Hoxd3,Gprc5b,Gata2"
GOBP_DETECTION_OF_TEMPERATURE_STIMULUS_INVOLVED_IN_SENSORY_PERCEPTION_OF_PAIN,0.253623188405797,0.42461286870362,0.0886261133285098,0.514452988707554,1.17920198605693,16,"Cxcl12,Htr2a,Adora1,Ephb1"
GOBP_METANEPHRIC_MESENCHYME_DEVELOPMENT,0.253605769230769,0.42461286870362,0.0883594442500905,0.520548325998372,1.18271462426508,15,"Wnt4,Tcf21,Shh,Six1,Myc,Stat1,Osr1"
GOBP_POSITIVE_REGULATION_OF_MEIOTIC_NUCLEAR_DIVISION,0.253605769230769,0.42461286870362,0.0883594442500905,0.520213551850244,1.18195399886098,15,"Wnt4,Msx2,Meiosin,Wnt5a,Sirt2,Stra8"
GOBP_REGULATION_OF_SIGNAL_TRANSDUCTION_BY_P53_CLASS_MEDIATOR,0.253652764017698,0.42461286870362,0.203508959461977,-0.229511758420942,-1.04866088420254,100,"Aurka,Chek1,Aurkb,Dyrk3,Atad5,Chek2,Zfp385a,Nop2,Dyrk2,Taf9"
GOBP_PEPTIDE_TRANSPORT,0.253746253746254,0.42462796856938,0.0782955249944794,0.35243639517737,1.08652504755673,245,"Edn1,Edn3,Kcna5,Adra2a,Nkx6-1,Slc13a3,S100a8,Cltrn,Il6,Cd38"
GOBP_CELLULAR_RESPONSE_TO_OXYGEN_LEVELS,0.254,0.424911148086522,0.0782955249944794,0.366332118255713,1.10874853972889,152,"Edn1,Cd34,Ptgis,Epas1,Gata6,Ndnf,Angpt4,Ptgs2,Twist1,Mpl"
GOBP_RIBONUCLEOSIDE_MONOPHOSPHATE_METABOLIC_PROCESS,0.254111263924779,0.424955862857573,0.203508959461977,-0.264505998643704,-1.10564279348556,56,"Upb1,Umps,Ada,Cad,Ak2,Prps2,Adsl,Prps1,Ppat,Aprt"
GOBP_BONE_MATURATION,0.25421822272216,0.424993350723078,0.0845557442441281,0.452542153736744,1.1607487455768,28,"Sema4d,Zbtb16,Fgfr3,Phospho1,Ccdc154,Rflna,Dchs1,Adamts7,Igf1"
GOBP_POSITIVE_REGULATION_OF_ACROSOME_REACTION,0.254408060453401,0.425028022565385,0.0908241419007155,0.567945535577738,1.19024813116705,10,"Ccdc87,Zp3"
GOBP_POSITIVE_REGULATION_OF_PODOSOME_ASSEMBLY,0.254342431761787,0.425028022565385,0.0899860794997137,0.545481534008065,1.18452158766436,12,"Arhgef5,Capg,Lcp1,Tnf,Fscn1,Msn,Src"
GOBP_TEMPERATURE_HOMEOSTASIS,0.254745254745255,0.425449965317075,0.0780892306943345,0.362597485512731,1.10211275704431,176,"Epas1,Lama4,Lcn2,Cidea,Plcl1,Htr2a,Ptgs2,Scd1,Il18,Foxc2"
GOBP_NEGATIVE_REGULATION_OF_PROTEIN_CONTAINING_COMPLEX_ASSEMBLY,0.255255255255255,0.426160135559006,0.0780892306943345,0.369675590874488,1.11272237779192,138,"Tubb4a,Gsn,Cdh5,Dkk1,Eml2,Iapp,Inpp5j,Vil1,Prkcz,Kank4"
GOBP_ORGANIC_HYDROXY_COMPOUND_BIOSYNTHETIC_PROCESS,0.255744255744256,0.426834785400522,0.0778840111977068,0.35477384073425,1.09073235678276,233,"Fgf1,Hmgcs2,Wnt4,Sptlc3,Gpr37,Snai2,Hrh1,Asah2,Ch25h,Acer2"
GOBP_NEGATIVE_REGULATION_OF_ACUTE_INFLAMMATORY_RESPONSE,0.255842558425584,0.426857132826224,0.0891647117820678,0.530855571631933,1.16997455919163,13,"Adora1,Npy5r,Nlrp3,Il4,Fcgr2b,Gstp2,Gstp1,Apcs"
GOBP_NEGATIVE_REGULATION_OF_ALPHA_BETA_T_CELL_DIFFERENTIATION,0.256,0.426978102189781,0.0850427463764322,0.469432549541499,1.17476524072694,25,"Jak3,Zc3h12a,Hlx,Shh,Smad7,Il4ra,Il4,Bcl6,Ihh,Anxa1"
GOBP_REGULATION_OF_RESPONSE_TO_OSMOTIC_STRESS,0.256658595641647,0.427934580527548,0.0880945010398517,0.52586319574244,1.17920178869734,14,"Ptgs2,Abcb1a,Mlc1"
GOBP_AMMONIUM_ION_METABOLIC_PROCESS,0.257275902211874,0.428537428899633,0.0857844408075645,0.475542901917664,1.16965023849407,23,"Enpp6,Slc22a3,Hnmt,Hdc,Slc44a1,Htr1a,Bche,Dmgdh,Ddc"
GOBP_EMBRYONIC_HEMOPOIESIS,0.257242178447277,0.428537428899633,0.0855356947987884,0.474130198330068,1.17498065979495,24,"Kdr,Gata2,Tal1,Flt3l,Tgfbr2,Gata3,Tpo,Kitl"
GOBP_NODAL_SIGNALING_PATHWAY,0.257246376811594,0.428537428899633,0.0878312634480124,0.512862070729306,1.17555536784149,16,"Nodal,Shh,Foxh1,Cfc1,Dact1"
GOBP_REGULATION_OF_SYNAPTIC_PLASTICITY,0.257742257742258,0.429172020427403,0.0774767547848578,0.360858443677136,1.0976963841424,183,"S100b,Fam107a,Hrh1,Adora2a,Agt,Ptgs2,Cntn2,Cd38,Kcnj10,Ager"
GOBP_POSITIVE_REGULATION_OF_PHOSPHOLIPID_BIOSYNTHETIC_PROCESS,0.258186397984887,0.429501958316607,0.0899860794997137,0.565327255580468,1.18476098023725,10,"Adgrf5,Htr2a,Nr1h4,Acsl3,Htr2b,Htr2c"
GOBP_POSITIVE_REGULATION_OF_PLASMA_MEMBRANE_BOUNDED_CELL_PROJECTION_ASSEMBLY,0.258097165991903,0.429501958316607,0.0780892306943345,0.379516876155882,1.12330308764213,106,"Ccl21a,Ccl19,Cdc42ep2,Dnm3,Ocln,Cdc42ep1,Eps8l2,Cdc42ep5,Clrn1,Saxo1"
GOBP_RESPONSE_TO_DOPAMINE,0.258196721311475,0.429501958316607,0.0787113806986485,0.386407583618128,1.12553727068544,85,"Hrh1,Sult1a1,Tgm2,Htr2a,Htr1b,Adcy5,Gnao1,Rgs4,Or10j5,Htr1a"
GOBP_NEURAL_CREST_FORMATION,0.258413461538462,0.429720301407161,0.0873098257637931,0.518895897603417,1.17896021544143,15,"Edn1,Ednra"
GOBP_DEOXYRIBONUCLEOSIDE_TRIPHOSPHATE_METABOLIC_PROCESS,0.258823529411765,0.43025988173047,0.213927855492356,-0.419817271497068,-1.21080776260729,15,"Tyms,Ada,Dut,Dctpp1,Nudt15,Tbpl1,Dtymk,Itpa"
GOBP_LENS_MORPHOGENESIS_IN_CAMERA_TYPE_EYE,0.25904317386231,0.430482656200276,0.0855356947987884,0.482895442504609,1.17618598582271,22,"Epha2,Bcar3,Prox1,Lctl,Shroom2,Crygb,Tdrd7,Pitx3,Hipk2"
GOBP_PARASYMPATHETIC_NERVOUS_SYSTEM_DEVELOPMENT,0.259303721488595,0.430773234607789,0.0870515867946735,0.498327073264915,1.17173379113089,19,"Hoxb2,Ackr3,Egr2,Six1,Hoxb1,Hes1,Nrp1"
GOBP_EXOCYTOSIS,0.25974025974026,0.431355892208221,0.0770736734944102,0.343910109599509,1.06812420081057,359,"Foxf1,Ceacam1,Adra2a,Pla2g3,Cltrn,Adora2a,Sv2a,Sytl5,Htr2a,Septin4"
GOBP_PHOSPHATIDYLINOSITOL_3_PHOSPHATE_BIOSYNTHETIC_PROCESS,0.26,0.431502145922747,0.0857844408075645,0.488593048493367,1.17194949498309,21,"Synj2,Pik3c2b,Inpp4b,Pik3r3"
GOBP_POSITIVE_REGULATION_OF_PHOSPHOPROTEIN_PHOSPHATASE_ACTIVITY,0.26,0.431502145922747,0.0857844408075645,0.488811836765011,1.17247428510291,21,"Agtr2,Ppp1r15a,Gna12,Itga1"
GOBP_REGULATION_OF_T_HELPER_17_TYPE_IMMUNE_RESPONSE,0.260571428571429,0.432307779349364,0.0840745577910723,0.468350342837868,1.17205699473942,25,"Arid5a,Il12rb1,Nfkbiz,Zc3h12a,Il27ra,Smad7,Il12b,Il4"
GOBP_REGULATION_OF_NUCLEASE_ACTIVITY,0.261376896149358,0.433501041551575,0.0850427463764322,0.482436996544224,1.17506935131677,22,"Hspa1a,Oas1a,Oas2,Oas3,Oas1g,Gzma,Oasl1"
GOBP_VIRAL_TRANSCRIPTION,0.262105263157895,0.434565685321483,0.0793434960134973,0.413518882060399,1.14518168512237,51,"Zfp36,Ccl3,Jun,Ccl4,Pou2f3,Ccl5,Trim21,Trim13"
GOBP_RESPONSE_TO_HYDROGEN_PEROXIDE,0.262575452716298,0.435201714739475,0.0768736734126542,0.374355977142686,1.11657035291764,118,"Edn1,Kcna5,Col1a1,Klf2,Gpr37,Rnf112,Il6,Pdgfd,Pde8a,Ripk3"
GOBP_REGULATION_OF_TYPE_B_PANCREATIC_CELL_PROLIFERATION,0.26302729528536,0.43580692597215,0.0880945010398517,0.542359888517121,1.17774288620056,12,"Errfi1,Nr4a1,Ptprn"
GOBP_NEURAL_NUCLEUS_DEVELOPMENT,0.263267429760666,0.436061077234553,0.0785029047348687,0.401753202651721,1.135565742231,61,"Plp1,Hoxb2,Cnp,Mbp,Casp4,Gnb4,Hoxb1,Kirrel3,Aldh1a3,S100a1"
GOBP_CELLULAR_RESPONSE_TO_LEPTIN_STIMULUS,0.263473053892216,0.436124354393474,0.213927855492356,-0.365320649152703,-1.14000778491928,18,"Ccna2,Lep,Gck,Inhbb"
GOBP_SKIN_EPIDERMIS_DEVELOPMENT,0.263479145473042,0.436124354393474,0.077274697304471,0.381163593698541,1.11841517149024,92,"Foxq1,Gata6,Msx2,Dkk1,Inhba,Foxn1,Apcdd1,Ldb2,Snai1,Alx4"
GOBP_DIACYLGLYCEROL_METABOLIC_PROCESS,0.264172335600907,0.437020929538251,0.0828962134571565,0.461138382409395,1.16657218553047,26,"Mogat2,Lipe,Dgki,Dgkb,Dgkg,Dgkk,Plce1,Dgka,Pla2g15"
GOBP_POSITIVE_REGULATION_OF_OSTEOCLAST_DIFFERENTIATION,0.264194669756663,0.437020929538251,0.0840745577910723,0.470493159150716,1.16596741678763,24,"Fos,Csf1,Slc9b2,Pou4f2,Ccr1,Il12b,Tnfsf11,Trem2,Tnf,Il20"
GOBP_REGULATION_OF_KERATINOCYTE_PROLIFERATION,0.26431718061674,0.437079758868537,0.0813027345384498,0.435289513466559,1.14308588055374,35,"Zfp36,Snai2,Mdk,Trp63,Fgf7,Cdh3,Reg3b,Eppk1,Ovol2,Fgfr2"
GOBP_MICROTUBULE_ORGANIZING_CENTER_LOCALIZATION,0.264705882352941,0.437578582896493,0.276500599254472,-0.299127988063585,-1.08247463611583,33,"Dlgap5,Aurka,Mad2l1,Aspm,Ezr,Cep83,Nubp1,Spout1,Ints13,Kif5b"
GOBP_REGULATION_OF_RELAXATION_OF_MUSCLE,0.265682656826568,0.439048887530296,0.0870515867946735,0.5266601760064,1.16072815318231,13,"Pln,Hrc,Sln,Pde4b"
GOBP_ACTIN_NUCLEATION,0.26610348468849,0.439599808586605,0.0787113806986485,0.413616209706822,1.14195948605916,49,"Gsn,Dnai3,Vil1,Ctnna2,Lmod1"
GOBP_REGULATION_OF_CAMP_DEPENDENT_PROTEIN_KINASE_ACTIVITY,0.266272189349112,0.439661567712384,0.211400189384923,-0.348433631677752,-1.12210622053832,19,"Prkar2b,Adipoq,Prkar1b,Mst1,Prkar2a,Pkib,Ppp1r1b"
GOBP_RESPONSE_TO_AMYLOID_BETA,0.266315789473684,0.439661567712384,0.0785029047348687,0.411713740098406,1.14018260139584,51,"Mmp3,Casp4,Icam1,Ager,Tlr4,Bace1,Vcam1,Mmp13,Cacnb1,Prnp"
GOBP_REGULATION_OF_LAMELLIPODIUM_ASSEMBLY,0.266594124047878,0.439976579641721,0.0802023444698144,0.427608157075229,1.1376560861819,39,"Epha2,Plxnb3,Ocln,Clrn1,Abi3,Pik3r1,Dnm2,Hrg,Fscn1,Plce1"
GOBP_BASE_CONVERSION_OR_SUBSTITUTION_EDITING,0.267045454545455,0.439999180596526,0.206587922696891,-0.419218672583409,-1.19673329028938,14,"Apobec2,Rbm47,Adarb1,Adat2,Mettl3"
GOBP_OLIGOPEPTIDE_TRANSPORT,0.266826923076923,0.439999180596526,0.0855356947987884,0.515527665073989,1.17130740460425,15,"Slc13a3,Car2,Slc15a1,Slc15a3,Abcc5,Abcb9,Slc15a4"
GOBP_POSITIVE_REGULATION_OF_VASCULAR_ENDOTHELIAL_GROWTH_FACTOR_RECEPTOR_SIGNALING_PATHWAY,0.266912669126691,0.439999180596526,0.086794975677172,0.525905501968065,1.15906489584356,13,"Itgb3,Vtn,Itga5,Prkd2,Mt3,Il1b"
GOBP_STRESS_RESPONSE_TO_METAL_ION,0.267002518891688,0.439999180596526,0.0880945010398517,0.56061555879594,1.1748866385247,10,"Mt4,Slc30a1,Mt3"
GOBP_XENOPHAGY,0.266912669126691,0.439999180596526,0.086794975677172,0.525862150340564,1.15896935139798,13,"Calcoco2,Nod1,Nod2,Optn,Lrsam1"
GOBP_DEOXYRIBOSE_PHOSPHATE_CATABOLIC_PROCESS,0.267857142857143,0.441047447475551,0.261663521711573,-0.309537436530225,-1.10709135613647,29,"Upb1,Ung,Ada,Dut,Dctpp1,Tdg,Dera,Nudt15"
GOBP_POSITIVE_REGULATION_OF_LAMELLIPODIUM_ORGANIZATION,0.267837541163557,0.441047447475551,0.080419996876154,0.433688643505005,1.14263325855283,36,"Enpp2,Ocln,Vil1,Clrn1,Pik3r1,Dnm2,Fscn1,Plce1,Src"
GOBP_BILE_ACID_METABOLIC_PROCESS,0.268008474576271,0.441152128911236,0.0785029047348687,0.413370652698432,1.13959990880732,50,"Atp8b1,Cyp27a1,Akr1d1,Ces1d,Nr1h4,Malrd1,Npc1,Osbpl1a,Akr1c20,Nr5a2"
GOBP_REGULATION_OF_CARDIAC_MUSCLE_CELL_DIFFERENTIATION,0.268115942028986,0.441184563201215,0.0855356947987884,0.509246436089969,1.16726780096726,16,"Dkk1,Tgfb1,Myocd"
GOBP_NEGATIVE_REGULATION_OF_SMALL_MOLECULE_METABOLIC_PROCESS,0.268292682926829,0.44133092836164,0.0762797180809272,0.381305345366698,1.11923057827437,91,"Ceacam1,Wnt4,Snai2,Atcay,C1qtnf3,Cda,Lepr,Bmp5,Plin5,Snai1"
GOBP_XENOBIOTIC_CATABOLIC_PROCESS,0.268917345750873,0.442213770719542,0.0833634065110386,0.471642878364217,1.16005770023721,23,"Cyp2d22,Gstm7,Fmo4,Cyp1a2,Cyp2b19,Cyp2c66,Gstm2,Cyp2b10,Acaa1a"
GOBP_NEGATIVE_REGULATION_OF_COLD_INDUCED_THERMOGENESIS,0.269148936170213,0.442438725490196,0.0785029047348687,0.418264691540292,1.14109159606029,45,"Lama4,Cidea,Plcl1,Foxc2,Tlr4,Il18r1,Acot11,Aldh1a7,Arrdc3,Il15"
GOBP_NEGATIVE_REGULATION_OF_PEPTIDYL_SERINE_PHOSPHORYLATION,0.269318181818182,0.442438725490196,0.0819778796501272,0.453091636585827,1.15256105281241,27,"Dkk1,Inpp5j,Smad7,Ppm1f,Cav1,Rassf2"
GOBP_NEGATIVE_REGULATION_OF_TRANSCRIPTION_FROM_RNA_POLYMERASE_II_PROMOTER_IN_RESPONSE_TO_STRESS,0.269230769230769,0.442438725490196,0.086794975677172,0.539447734221466,1.17141909810737,12,"Hspa1a,Jun,Sirt2,Tmbim6,Dnajb1"
GOBP_POSITIVE_REGULATION_OF_PLATELET_AGGREGATION,0.269521410579345,0.442627942169999,0.0875697115548511,0.559682714758632,1.17293166960158,10,"Il6,F11r,Ctsg,Il6st,Emilin2"
GOBP_N_GLYCAN_PROCESSING,0.270108043217287,0.443446483753528,0.0847985102819124,0.494217281623387,1.16207029500708,19,"St8sia6,St8sia5,St8sia4,St8sia1,Mgat4a"
GOBP_REGULATION_OF_ASPARTIC_TYPE_PEPTIDASE_ACTIVITY,0.270471464019851,0.443851616402417,0.0865399737444125,0.538615784791499,1.16961250705304,12,"Ager,Lyn,Nlrp2,Efna1,Bin1,Efna3,Picalm"
GOBP_REGULATION_OF_WNT_SIGNALING_PATHWAY_PLANAR_CELL_POLARITY_PATHWAY,0.270531400966184,0.443851616402417,0.0850427463764322,0.508751508262316,1.16613335352477,16,"Dkk1,Dab2,Rspo3,Nkd1,Dact1"
GOBP_NEGATIVE_REGULATION_OF_PROTEIN_LOCALIZATION_TO_NUCLEUS,0.271111111111111,0.444367641198421,0.080419996876154,0.440109131364191,1.14751038270609,34,"Apod,Tmem98,Otud7b,Cldn18"
GOBP_POSITIVE_REGULATION_OF_CARBOHYDRATE_METABOLIC_PROCESS,0.271047227926078,0.444367641198421,0.0762797180809272,0.391579164291999,1.13076386719762,74,"Slc45a3,Nnmt,Hrh1,Htr2a,Gpld1,Gpd1,Lhcgr,Gper1,Myc,Foxo1"
GOBP_STEROID_HORMONE_BIOSYNTHETIC_PROCESS,0.27103825136612,0.444367641198421,0.0795564677235957,0.432096907177083,1.14483605732474,38,"Wnt4,Dab2,Bmp5,Hsd17b11,Cyp19a1,Egr1,Cyp21a1,Lhb,Hsd17b7,Clcn2"
GOBP_CALCIUM_MEDIATED_SIGNALING_USING_INTRACELLULAR_CALCIUM_SOURCE,0.271764705882353,0.445169340837814,0.0833634065110386,0.484747508480356,1.16272550235757,21,"Selp,Kdr,Ptgfr,Vcam1,Prnp,Ptprj,Defb1"
GOBP_POSITIVE_REGULATION_OF_BONE_MINERALIZATION,0.272043010752688,0.445169340837814,0.0785029047348687,0.418968061675913,1.12906538084663,42,"Wnt4,Isg15,Tgfb1,Ccn1,Gpm6b,Tmem119,Kl,Alox5,Osr1,Slc8a1"
GOBP_PROTEIN_DEPOLYMERIZATION,0.27190332326284,0.445169340837814,0.0751181635276302,0.373126208684529,1.11238319083297,119,"Stmn4,Stmnd1,Gsn,Nostrin,Map6d1,Vil1,Sln,Map1a,Sema5a,Kif19a"
GOBP_REGULATION_OF_NEURON_DIFFERENTIATION,0.272,0.445169340837814,0.0747385227439092,0.357442730341756,1.08834345228309,188,"Mag,Nkx6-1,Id4,S1pr5,Nkx2-2,Rnf112,Dkk1,Cxcl12,Cntn2,Sox8"
GOBP_REGULATION_OF_NITRIC_OXIDE_MEDIATED_SIGNAL_TRANSDUCTION,0.272040302267003,0.445169340837814,0.0870515867946735,0.558453297770225,1.17035517030507,10,"Gucy1a2,Thbs1,Atp2b4,Pde5a,Gucy1a1"
GOBP_REGULATION_OF_POSTSYNAPTIC_MEMBRANE_POTENTIAL,0.272361809045226,0.445545985704638,0.0749278818393739,0.369964215503778,1.10954948472577,129,"Kcna1,Adora2a,Gabra2,Gabrg1,Gabra3,Prkcz,Adora1,Chrne,Cux2,Grid2"
GOBP_INTRINSIC_APOPTOTIC_SIGNALING_PATHWAY_IN_RESPONSE_TO_ENDOPLASMIC_RETICULUM_STRESS,0.273104880581516,0.446616211673156,0.0764767053228531,0.398404098743357,1.12796839610004,62,"Hspa1a,Casp4,Tmem117,Atp2a3,Creb3l1,Bcl2l1,Rnf186,Ppp1r15a,Rnf183,Serinc3"
GOBP_REGULATION_OF_GLUCOCORTICOID_METABOLIC_PROCESS,0.273299748110831,0.446789539431918,0.086794975677172,0.557522549205168,1.16840459288039,10,"Wnt4,Bmp5"
GOBP_PURINE_NUCLEOSIDE_METABOLIC_PROCESS,0.273573923166473,0.447092364030513,0.0824344091527096,0.470316955530586,1.15679644672606,23,"Ptgdr,Xdh,Enpp4,Gda"
GOBP_CARDIOBLAST_PROLIFERATION,0.274038461538462,0.447560541310541,0.186432558434075,-0.423730010446146,-1.12137393001351,10,"Hand2,Isl1"
GOBP_SYNAPTIC_VESICLE_DOCKING,0.274038461538462,0.447560541310541,0.186432558434075,-0.423266770016117,-1.12014799432626,10,"Snap25,Ppfia3,Unc13a,Ctbp2"
GOBP_NEGATIVE_REGULATION_OF_CYTOKINE_PRODUCTION_INVOLVED_IN_IMMUNE_RESPONSE,0.27431693989071,0.447869846323677,0.0789209638180035,0.430634756133501,1.14096210403291,38,"Irak3,Jak3,Tgfb1,Smad7,H2-Q2,Hfe,Tnf,Xcl1,Il10,H2-M3"
GOBP_3_PHOSPHOADENOSINE_5_PHOSPHOSULFATE_METABOLIC_PROCESS,0.274909963985594,0.448548020765737,0.0838361057159929,0.492014906008786,1.15689177257304,19,"Sult1a1,Slc26a1,Enpp1,Sult2a1,Sult2a6"
GOBP_SECONDARY_HEART_FIELD_SPECIFICATION,0.275,0.448548020765737,0.190023305279108,-0.417986967168311,-1.13716312276065,11,"Isl1,Lrp2,Mesp1"
GOBP_SEROTONIN_METABOLIC_PROCESS,0.275,0.448548020765737,0.190023305279108,-0.413304441903892,-1.1244239814229,11,"Tph1,Tph2"
GOBP_INDOLE_CONTAINING_COMPOUND_METABOLIC_PROCESS,0.275590551181102,0.44907413315637,0.241339976815091,-0.324156544245007,-1.10929834359088,25,"Tph1,Asmt,Tph2,Haao"
GOBP_REGULATION_OF_CYSTEINE_TYPE_ENDOPEPTIDASE_ACTIVITY_INVOLVED_IN_APOPTOTIC_SIGNALING_PATHWAY,0.275449101796407,0.44907413315637,0.0835990603684159,0.505793951017136,1.17268430836716,17,"Gsn,Lgals9,Plaur,Fas,Mmp9"
GOBP_SYNAPSE_MATURATION,0.275590551181102,0.44907413315637,0.241339976815091,-0.326065707704591,-1.1158317050206,25,"Igsf21,Neurod2,Cdc20,Camk2b,Nefl,Neurl1a"
GOBP_POSITIVE_REGULATION_OF_METAPHASE_ANAPHASE_TRANSITION_OF_CELL_CYCLE,0.275862068965517,0.449370907546875,0.204294756516886,-0.390372208726872,-1.14235195980898,16,"Dlgap5,Cdt1,Espl1,Cdc23,Cdc16,Cdc27,Anapc5,Anapc4,Cul3,Nsmce2"
GOBP_REGULATION_OF_REPRODUCTIVE_PROCESS,0.276,0.449449951409135,0.0739901439101342,0.359808706355786,1.09288829853573,170,"Serpinf1,Wnt4,Msx2,Sulf1,Mapk15,Ccdc87,Inhba,Dusp1,Plat,Nodal"
GOBP_APOPTOTIC_PROCESS_INVOLVED_IN_MORPHOGENESIS,0.276136363636364,0.449526392487047,0.0806388495950661,0.450522212164618,1.1460250272562,27,"Foxc2,Tnfrsf1b,Foxc1,Ccn1,Fgf4,Cryab,Jag2,Hnf1b,Pax2,Tnfrsf1a"
GOBP_ESTROGEN_METABOLIC_PROCESS,0.276619099890231,0.450020781601356,0.0787113806986485,0.429557974688688,1.13175024457431,36,"Cyp2d22,Sult1a1,Cyp3a13,Hsd17b11,Cyp19a1,Cyp1b1,Pdgfra,Hsd17b7,Cyp1a2,Cyp2c66"
GOBP_REGULATION_OF_CELL_FATE_COMMITMENT,0.276571428571429,0.450020781601356,0.0808589150280032,0.463183863465104,1.15912776690896,25,"Sox17,Nkx6-2,Dkk1,Il12rb1,Il12b,Wnt5a"
GOBP_GERMINAL_CENTER_FORMATION,0.277239709443099,0.450884509663688,0.0838361057159929,0.520302156410872,1.16673164897299,14,"Klhl6,Tnfsf13b,Tnfaip3,Foxj1,Bcl3"
GOBP_METENCEPHALON_DEVELOPMENT,0.277510037166464,0.451178187851169,0.203508959461977,-0.243482940830309,-1.12320863436,102,"Sstr2,Lmx1a,Trnp1,Lhx1,Neurod1,Wnt1,Neurod2,Kif14,Ascl1,Ezh2"
GOBP_REGULATED_EXOCYTOSIS,0.277722277722278,0.4513772680601,0.0736212741014394,0.35253760811147,1.08457987507623,236,"Foxf1,Ceacam1,Adra2a,Pla2g3,Cltrn,Adora2a,Sv2a,Htr2a,Ptgdr,Il13ra2"
GOBP_ASPARTATE_TRANSMEMBRANE_TRANSPORT,0.278054862842893,0.45147990811086,0.0852884689790502,0.542461845676945,1.16200058858817,11,"Slc25a18,Lrrc8e,Lrrc8c,Lrrc8d,Slc7a13,Slc3a1"
GOBP_OLIGOSACCHARIDE_CATABOLIC_PROCESS,0.277915632754342,0.45147990811086,0.0850427463764322,0.534983051331354,1.16172397015949,12,"Neu4,Mgam,Treh,Sis,Hexb"
GOBP_RIBONUCLEOSIDE_CATABOLIC_PROCESS,0.277982779827798,0.45147990811086,0.0845557442441281,0.522087879275387,1.15065107923183,13,"Xdh,Enpp4,Cda"
GOBP_COCHLEA_MORPHOGENESIS,0.278230500582072,0.45161922067358,0.0815265143256594,0.468824923907547,1.15312663031898,23,"Tbx2,Frzb,Hoxa1,Six1,Tbx18,Wnt5a,Pax2,Tifab,Myo3b"
GOBP_FUCOSYLATION,0.278409090909091,0.451684406514013,0.20207170902116,-0.406186971160218,-1.15953201099965,14,"Fut1,Fuom,B3glct,Fut4,Fut9"
GOBP_PHOSPHATIDYLCHOLINE_ACYL_CHAIN_REMODELING,0.278450363196126,0.451684406514013,0.0835990603684159,0.519729987036061,1.16544860966604,14,"Lpcat2,Pla2g2f,Pla2g4a"
GOBP_SNARE_COMPLEX_ASSEMBLY,0.278846153846154,0.452180521091811,0.083129129135339,0.511806485567337,1.16285267868886,15,"Cltrn,Septin8,Stxbp6,Snca,E130112N10Rik,Stx4a"
GOBP_FATTY_ACID_DERIVATIVE_CATABOLIC_PROCESS,0.279041916167665,0.452352051781635,0.0828962134571565,0.503393272004431,1.16711832917353,17,"Cyp4f14,Cyp4f18,Cyp4f15,Cyp4f40,Acot7,Abcd1"
GOBP_COLLATERAL_SPROUTING,0.279258400926999,0.452396407160405,0.0810802057550866,0.466827544257834,1.15688335797728,24,"Wnt3,Lpar3,Sema4d"
GOBP_DIOL_BIOSYNTHETIC_PROCESS,0.279429250891796,0.452396407160405,0.0824344091527096,0.49299986594749,1.16877931892935,20,"Sptlc3,Asah2,Acer2"
GOBP_HAIR_CELL_DIFFERENTIATION,0.279193205944798,0.452396407160405,0.0764767053228531,0.416848327577649,1.14017372275075,46,"Pls1,Kcnq1,Clrn2,Pdzd7,Clrn1,Hey2,Ush1c,Mcoln3,Cdh23,Myo6"
GOBP_LABYRINTHINE_LAYER_BLOOD_VESSEL_DEVELOPMENT,0.279429250891796,0.452396407160405,0.0824344091527096,0.492946248824018,1.1686522061462,20,"Wnt2,Junb,Ccn1,Hey2,Ovol2,Plg,Hes1"
GOBP_INNATE_IMMUNE_RESPONSE_IN_MUCOSA,0.280487804878049,0.453964003580796,0.0785029047348687,0.438438784205063,1.1388852408523,32,"Nos2,Ear6,Bpifb1,Nod2,Il4,Defa34,Defb1,H2bc6"
GOBP_BRANCHED_CHAIN_AMINO_ACID_TRANSPORT,0.280612244897959,0.454019232411342,0.190023305279108,-0.405733432416203,-1.12080797570691,12,"Slc6a15,Slc6a17,Slc7a8,Llgl2"
GOBP_IMMUNOLOGICAL_MEMORY_FORMATION_PROCESS,0.280871670702179,0.454212434410882,0.083129129135339,0.518957033568639,1.16371532975837,14,"Il12rb1,Fgl2,Il12b,Ifnl2,Bcl6,St3gal1"
GOBP_MUSCLE_CELL_FATE_COMMITMENT,0.280912364945978,0.454212434410882,0.0826646449123753,0.490801782798919,1.15403931374817,19,"Tbx3,Dkk1,Tbx2,Tbx5,Tbx18,Wnt8a"
GOBP_REGULATION_OF_MIRNA_TRANSCRIPTION,0.281086729362591,0.454348227815353,0.0753093764172773,0.397543421297952,1.12156631986184,60,"Gata6,Klf4,Fos,Jun,Gata2,Apln,Tgfb1,Egr1,Myc,Nfatc4"
GOBP_HEPATOCYTE_GROWTH_FACTOR_RECEPTOR_SIGNALING_PATHWAY,0.281672816728167,0.455002972266227,0.0838361057159929,0.52142053613795,1.149180294079,13,"Pak1,Esm1,Sirt2,Nrp1"
GOBP_REGULATION_OF_MEMBRANE_DEPOLARIZATION,0.281584582441114,0.455002972266227,0.0764767053228531,0.415977452311336,1.12480921177019,43,"Dcn,Gja5,Myoc,Hcn2,Kdr,Tbx5,Smad7,Scn1b"
GOBP_REGULATION_OF_CALCIUM_ION_DEPENDENT_EXOCYTOSIS,0.28322440087146,0.45736237172529,0.0770736734944102,0.42136652299168,1.12468043508763,40,"Adra2a,Zp3,Syt15,Syt11,Syt10,Syt5,Scamp5,Baiap3,Stxbp3,Doc2b"
GOBP_CELLULAR_RESPONSE_TO_ATP,0.283832335329341,0.458196900995697,0.0819778796501272,0.499719308782002,1.15860023793935,17,"Ptgs2,P2ry4,P2ry12,P2rx4,Trpv1,Ssh1,P2ry1,P2rx7"
GOBP_DNA_METHYLATION,0.284602162139306,0.459292157006194,0.203508959461977,-0.252152856581677,-1.11206765332107,70,"Wt1,Hells,Morc1,Tdrd1,Ezh2,Brca1,Dnmt3b,Tex15,Dnmt3l,Mis18a"
GOBP_INOSITOL_METABOLIC_PROCESS,0.285,0.459639076034649,0.186432558434075,-0.408293928775767,-1.1107925258921,11,"Impa2,Isyna1,Itpka"
GOBP_REGULATION_OF_PERK_MEDIATED_UNFOLDED_PROTEIN_RESPONSE,0.285,0.459639076034649,0.186432558434075,-0.405009045424979,-1.10185576828362,11,"Agr2,Bok,Ptpn2"
GOBP_PHOSPHATIDYLINOSITOL_METABOLIC_PROCESS,0.285285285285285,0.459804145280259,0.0723570851036907,0.361301701166886,1.09519695112006,157,"Bmx,Pla2g3,Pigz,Htr2a,Cds1,Gpld1,Socs3,Pik3r6,Inpp5j,Pip4k2a"
GOBP_REGULATION_OF_PROTEIN_LOCALIZATION_TO_CELL_PERIPHERY,0.285282258064516,0.459804145280259,0.0727141077934447,0.370988439512796,1.10721633145533,122,"Epha2,Pls1,Prkch,Vil1,Dab2,Prkcz,Mrap,Rhog,Lypd1,Tgfb1"
GOBP_NUCLEOTIDE_TRANSPORT,0.285555555555556,0.460092236467237,0.0776798560117236,0.436662391354348,1.13852358905442,34,"Gjb1,Abcc6,Slc17a9,Lrrc8e,Lrrc8c,Lrrc8d,Abcd1,Abcc5,Slc25a42,Slc25a41"
GOBP_CELLULAR_RESPONSE_TO_REACTIVE_OXYGEN_SPECIES,0.285857572718155,0.460195381467313,0.0723570851036907,0.364718465054988,1.0962779421317,136,"Edn1,Klf2,Gpr37,Nos3,Rnf112,Il6,Fos,Pdgfd,Jun,Pde8a"
GOBP_MAINTENANCE_OF_PROTEIN_LOCALIZATION_IN_ENDOPLASMIC_RETICULUM,0.285714285714286,0.460195381467313,0.191892240384838,-0.409749745972589,-1.15259426168118,13,Pdia2
GOBP_PROTEIN_LOCALIZATION_TO_PRESYNAPSE,0.285894206549118,0.460195381467313,0.0843144320642653,0.553667989407926,1.16032656020341,10,"Map1a,Dlg2,Wnt7a,Rab27b,Hspb1"
GOBP_NEGATIVE_REGULATION_OF_ASTROCYTE_DIFFERENTIATION,0.286592865928659,0.461172322990836,0.0828962134571565,0.520699815560024,1.14759186817652,13,"Id4,Ntrk3,Nog,Ldlr,Trem2,Gpr37l1,Nr1d1"
GOBP_LIMB_BUD_FORMATION,0.288029925187032,0.463336458852868,0.0833634065110386,0.538612277627065,1.15375447805446,11,"Wnt3,Shh,Col2a1,Fgfr2,Plxna2,Sema3c"
GOBP_CELL_MIGRATION_INVOLVED_IN_GASTRULATION,0.288461538461538,0.463544970664664,0.0813027345384498,0.507293721932319,1.15259942979645,15,"Sox17,Nodal,Apela,Wnt5a"
GOBP_EMBRYONIC_SKELETAL_JOINT_DEVELOPMENT,0.288461538461538,0.463544970664664,0.0813027345384498,0.507507567567112,1.15308529892132,15,"Slc2a10,Nog,Col2a1,Osr1,Wnt9a,Osr2,Ihh"
GOBP_POSITIVE_REGULATION_OF_COAGULATION,0.288528389339513,0.463544970664664,0.0793434960134973,0.463313060782167,1.14817383024076,24,"Tbxa2r,Thbd,Enpp4,Thbs1,Serpine1,Apoh"
GOBP_PRESYNAPSE_ORGANIZATION,0.288278775079198,0.463544970664664,0.0745500777420554,0.407449647717662,1.12493412826459,49,"Lrrc4b,Dkk1,Ntrk3,Ptprd,Il1rap,C5ar1,Farp1,Nlgn3,Wnt5a,Slitrk2"
GOBP_CELL_COMMUNICATION_BY_ELECTRICAL_COUPLING_INVOLVED_IN_CARDIAC_CONDUCTION,0.288636363636364,0.463570287539936,0.0782955249944794,0.447100340379125,1.13732057140397,27,"Gjc3,Gja5,Hrc,Gjc1,Tbx5,Cav1,Atp1b2"
GOBP_DEVELOPMENT_OF_PRIMARY_FEMALE_SEXUAL_CHARACTERISTICS,0.289473684210526,0.464766595505051,0.0721797965581253,0.375114143260625,1.11232414994581,108,"A2m,Wnt4,Nos3,Foxl2,Inhba,Kdr,Pcyt1b,Tnfaip6,Zp3,Foxc1"
GOBP_PROTEIN_TARGETING_TO_PEROXISOME,0.289820359281437,0.465174631579752,0.0808589150280032,0.489661485959712,1.14652698000567,18,"Pex5l,Hacl1"
GOBP_EMBRYONIC_DIGESTIVE_TRACT_DEVELOPMENT,0.290465631929047,0.465764188742366,0.0766746872490091,0.436514274052168,1.13388614796189,32,"Foxf1,Rarres2,Aldh1a2,Tcf21,Hlx,Shh,Ovol2,Pdgfra,Fgfr2,Tnf"
GOBP_MEMBRANE_INVAGINATION,0.29029029029029,0.465764188742366,0.0714786287425507,0.358630264400422,1.08855463750068,167,"C3,Gsn,Gata2,Rhog,Arhgap25,Xkr4,Rhoh,Thbs1,Trbc2,Ighv1-74"
GOBP_POTASSIUM_ION_HOMEOSTASIS,0.290465631929047,0.465764188742366,0.0766746872490091,0.436043118028961,1.13266227667061,32,"Kcna5,Kcnq1,Kcnj10,Kcnj2,Slc12a4,Slc12a2,Slc12a3,Atp1b2,Kctd7,Atp4b"
GOBP_CEREBELLAR_PURKINJE_CELL_LAYER_DEVELOPMENT,0.291338582677165,0.46693766232452,0.234392647294686,-0.319116952368338,-1.09205232150553,25,"Lhx1,Kif14,Sptbn2,Dll1,Ttc21b,Ttll1,Sez6,Uqcrq,Herc1,B4galt2"
GOBP_REGULATION_OF_ACTIVIN_RECEPTOR_SIGNALING_PATHWAY,0.291383219954649,0.46693766232452,0.0776798560117236,0.451096664648794,1.14116898969746,26,"Igsf1,Nodal,Shh,Smad7,Dact1"
GOBP_CALCINEURIN_MEDIATED_SIGNALING,0.291932059447983,0.467668088860743,0.0741758965588009,0.412517418937429,1.12832771570087,46,"Sult1a1,Chp2,Erbb3,Nrg1,Efhb,Nr5a2,Nfatc4,Atp2b4,Prnp,Akap6"
GOBP_MITRAL_VALVE_DEVELOPMENT,0.293017456359102,0.468946860115455,0.0824344091527096,0.535621590286222,1.14734816491366,11,"Twist1,Gja5,Dchs1,Efna1,Zfpm1"
GOBP_NEGATIVE_REGULATION_OF_RECEPTOR_BINDING,0.293017456359102,0.468946860115455,0.0824344091527096,0.535592046901445,1.14728488040661,11,"Atp2a3,Rgma,Nog,Adam15,Hfe,Il10"
GOBP_PROTEIN_LOCALIZATION_TO_NUCLEOLUS,0.293103448275862,0.468946860115455,0.197822021315103,-0.380863840557515,-1.11452748160579,16,"Tert,Nmd3,Ran,Nvl,Utp25,Polr1a,Rpf2,Bysl,Mcrs1,Pinx1"
GOBP_REGULATION_OF_METALLOPEPTIDASE_ACTIVITY,0.292978208232446,0.468946860115455,0.0808589150280032,0.513759613888167,1.15206057499811,14,"Mbp,Reck,Timp3,Cldn4,Timp2,Lrp1,Stat3,Ddrgk1"
GOBP_ACTIVATION_OF_ADENYLATE_CYCLASE_ACTIVITY,0.293199554069119,0.468951370762158,0.0764767053228531,0.436613419226456,1.12313664882855,30,"Ednra,Rxfp2,Lhcgr,Gipr,Adora3,Tmigd3,Adora2b,Ghrhr,Fshr"
GOBP_PROXIMAL_DISTAL_PATTERN_FORMATION,0.293333333333333,0.469016115351993,0.0762797180809272,0.434047193635947,1.13170490177704,34,"Aldh1a2,Nodal,Hoxb9,Hoxd9,Trp63,Cyp26b1,Hoxa9,Dlx2,Hoxd10,Osr1"
GOBP_POSITIVE_REGULATION_OF_CELL_KILLING,0.293444328824142,0.469044400953564,0.0728938564822936,0.394105991212354,1.11395070275695,61,"Azgp1,Il12rb1,Nos2,H2-T23,Stap1,Il12b,Mr1,Cd226,Klrd1,Vav1"
GOBP_POSITIVE_REGULATION_OF_CYCLIN_DEPENDENT_PROTEIN_KINASE_ACTIVITY,0.294117647058824,0.469821865829268,0.261663521711573,-0.294290219876649,-1.06496787791622,33,"Cdc6,Ccnb1,Cks2,Cks1b,Psrc1,Cdk5r1,Ccnd2"
GOBP_PROTEIN_TRIMERIZATION,0.294117647058824,0.469821865829268,0.0802023444698144,0.486969369055786,1.14502802593071,19,"Col1a2,Scara5,Mlkl,Alox5ap,Itln1"
GOBP_NUCLEAR_ENVELOPE_ORGANIZATION,0.294499259252394,0.470282012789639,0.203508959461977,-0.256989902088188,-1.07422529053909,56,"Plk1,Nup93,Lmnb1,Rcc1,Nek6,Reep4,Nemp1,Vrk1,Nup155,Banf1"
GOBP_PROTEIN_LOCALIZATION_TO_EARLY_ENDOSOME,0.294710327455919,0.470469614519183,0.0826646449123753,0.551503138860214,1.15578966510123,10,"Mgat3,Dtx3l,Nrp1,Msn"
GOBP_OLIGOSACCHARIDE_METABOLIC_PROCESS,0.294979079497908,0.470599756469687,0.0728938564822936,0.399837446577952,1.12319563145212,58,"B3galt5,St8sia6,St6galnac3,Neu4,St8sia5,Fut2,Amy1,St6gal2,Amy2a5,St8sia4"
GOBP_PHOSPHATIDYLINOSITOL_PHOSPHATE_BIOSYNTHETIC_PROCESS,0.294911734164071,0.470599756469687,0.0725351864394589,0.391928816439153,1.11463318403693,65,"Socs3,Pik3r6,Pip4k2a,Synj2,Pik3c2b,Pip5kl1,Inpp4b,Pik3r3,Efr3b,Pik3r1"
GOBP_PLASMA_LIPOPROTEIN_PARTICLE_CLEARANCE,0.295135135135135,0.470699341473453,0.0745500777420554,0.415263306946529,1.11626763069283,41,"Lipc,Gpld1,Gpihbp1,Nr1h4,Apoc1,Vldlr,Ldlrap1,Ces3a,Lipg,Ldlr"
GOBP_MITOCHONDRIAL_ELECTRON_TRANSPORT_CYTOCHROME_C_TO_OXYGEN,0.295454545454545,0.470909955611921,0.195789002148949,-0.399258367522623,-1.13975309567312,14,"Cox7a1,Cycs,Cox7a2,Cox15,Cox5a,Cox5b,Cox7a2l,Cox7c,Cox6a1,Cox4i1"
GOBP_REGULATION_OF_HAIR_CYCLE,0.295454545454545,0.470909955611921,0.0770736734944102,0.444656105272491,1.13110299870929,27,"Fa2h,Msx2,Foxn1,Cdh3,Eps8l3,Wnt5a,Trpv3,Tnf"
GOBP_NEURON_DEATH,0.295704295704296,0.471158635342471,0.0704500850658419,0.342327506775352,1.06167498878252,344,"Mag,Serpinf1,Cd34,Pla2g3,Foxq1,Sncg,Adora2a,Ndnf,Csf3,Dkk1"
GOBP_POSITIVE_REGULATION_OF_TOLL_LIKE_RECEPTOR_SIGNALING_PATHWAY,0.295838020247469,0.471222347206599,0.0764767053228531,0.44340710829541,1.13731779566581,28,"Tlr3,Tlr1,Lbp,Rsad2,Rtn4,Tlr9,Tlr2,Cav1"
GOBP_CELLULAR_RESPONSE_TO_STEROL,0.296076099881094,0.471313789832874,0.0793434960134973,0.486461203956157,1.15327778751564,20,"Inhba,Gpld1,Ces1d,Mlc1"
GOBP_FATTY_ACID_TRANSPORT,0.296446700507614,0.471313789832874,0.0711327399327894,0.37224732481528,1.09857223007449,100,"Edn1,Pla2g3,Cyp4f14,Il1a,Pla2g2d,Rbp1,Thbs1,Fabp4,Pla2g2f,Pla2g2c"
GOBP_POSITIVE_REGULATION_OF_PRODUCTION_OF_MIRNAS_INVOLVED_IN_GENE_SILENCING_BY_MIRNA,0.296526054590571,0.471313789832874,0.0815265143256594,0.526408223443121,1.14310359877957,12,"Il6,Tgfb1,Myocd"
GOBP_REGULATION_OF_CELL_FATE_SPECIFICATION,0.296432964329643,0.471313789832874,0.0810802057550866,0.51677851024145,1.13894954113556,13,"Sox17,Dkk1"
GOBP_REGULATION_OF_OXIDATIVE_PHOSPHORYLATION,0.296551724137931,0.471313789832874,0.216542836735348,-0.323488658814257,-1.09077528927931,22,"Ppif,Shmt2,Cox7a1,Mlxipl,Ak4,Actn3,Dnajc15,Slc25a33,Cox7a2,Cox7a2l"
GOBP_TUBE_FORMATION,0.296296296296296,0.471313789832874,0.0704500850658419,0.359771176499977,1.08838136187123,151,"Mmrn2,Wnt4,Tgm2,Wnt6,Twist1,Sox8,Nodal,Ret,Bmp5,Tgfb1"
GOBP_TYPE_B_PANCREATIC_CELL_DEVELOPMENT,0.296470588235294,0.471313789832874,0.0787113806986485,0.47523844111268,1.13991685468304,21,"Nkx6-1,Nkx2-2,Bmp5,Wnt5a"
GOBP_FC_RECEPTOR_MEDIATED_STIMULATORY_SIGNALING_PATHWAY,0.297777777777778,0.472697330268217,0.0755015292281669,0.433317710761401,1.12559208040349,33,"Pak1,Pld2,Plscr1,Cd226,Lyn,Ptprj,Plpp4,Vav1,Fyn,Fcgr2b"
GOBP_NEGATIVE_REGULATION_OF_ATP_DEPENDENT_ACTIVITY,0.297647058823529,0.472697330268217,0.0785029047348687,0.474474823138612,1.13808522465509,21,"Pln,Sln,Tnnt2,Tlr9"
GOBP_POSITIVE_REGULATION_OF_LEUKOCYTE_APOPTOTIC_PROCESS,0.297798377752028,0.472697330268217,0.0776798560117236,0.460852919418402,1.14207715356215,24,"Hcar2,Pdcd1,Lgals9,Ccl5,Wnt5a,Lyn,Il10,Cd274,Pik3cd,Blk"
GOBP_REGULATION_OF_BEHAVIOR,0.297520661157025,0.472697330268217,0.0718276293603809,0.387766109908069,1.11353391299115,70,"Adora2a,Htr1b,Ghrh,Ccl3,Kcna2,Adora1,Lepr,Mdk,Zfhx3,Hoxa1"
GOBP_CELL_AGGREGATION,0.29802095459837,0.472901306428664,0.0778840111977068,0.462433574909838,1.13740640224004,23,"Mgp,Ccn2,Col2a1,Fgf4,Barx2,Wnt7a"
GOBP_POSITIVE_REGULATION_OF_TRIGLYCERIDE_BIOSYNTHETIC_PROCESS,0.298892988929889,0.474135391401248,0.0806388495950661,0.51553480267235,1.13620848256393,13,"Gpld1,Plin5,Ldlr,Mfsd2a,Nr1h3"
GOBP_GLUCOCORTICOID_SECRETION,0.3,0.475441361916772,0.181383128498408,-0.400919544291523,-1.09072999105913,11,"Galr1,Gal"
GOBP_LACTATE_METABOLIC_PROCESS,0.3,0.475441361916772,0.197822021315103,-0.397373744260031,-1.14607770302211,15,"Tigar,Ldha,Actn3,Trp53,Hif1a"
GOBP_REGULATION_OF_LOW_DENSITY_LIPOPROTEIN_PARTICLE_CLEARANCE,0.3,0.475441361916772,0.197822021315103,-0.397002214389988,-1.14500616242283,15,"Fgf21,Pcsk9,Abcc8"
GOBP_PLASMA_MEMBRANE_FUSION,0.300115874855156,0.475475103339701,0.077274697304471,0.460402178245085,1.14096013515015,24,"Tie1,Mymx,Ropn1,Crisp4,Llcfc1,Serpina5"
GOBP_INFLAMMATORY_RESPONSE_TO_WOUNDING,0.300480769230769,0.475753331314355,0.0791316651768349,0.503708621175844,1.1444538823374,15,"Mdk,Tlr4,Il1a,Tgfb1,Alox5,Siglecg,Git1"
GOBP_PROGESTERONE_METABOLIC_PROCESS,0.300480769230769,0.475753331314355,0.0791316651768349,0.504014322618558,1.14514845294477,15,"Egr1,Akr1c20,Lhb,Stard3,Cyp46a1,Akr1c6,Cyp17a1,Fshb,Srd5a1,Dgkq"
GOBP_GLUTAMINE_FAMILY_AMINO_ACID_CATABOLIC_PROCESS,0.301274623406721,0.476860054113849,0.0770736734944102,0.45918678739899,1.1379481761075,24,"Nos3,Fah,Nos2,Dao,Glul,Atp2b4,Gad1"
GOBP_NEGATIVE_REGULATION_OF_CARDIOCYTE_DIFFERENTIATION,0.301745635910224,0.477455244482436,0.0808589150280032,0.530066582061711,1.13544885277229,11,"Dkk1,Hey2,Prickle1"
GOBP_STABILIZATION_OF_MEMBRANE_POTENTIAL,0.301932367149758,0.477600380636198,0.0791316651768349,0.4980468792293,1.14159676788368,16,"Kcnk13,Kcnk6,Kcnk2,Kcnn4"
GOBP_TRIGLYCERIDE_CATABOLIC_PROCESS,0.302118171683389,0.477743960066812,0.0749278818393739,0.434888295632346,1.11869897136152,30,"Lipc,Gpld1,Gpihbp1,Pnpla1,Plin5,Lipe,Lipg,Pnliprp2"
GOBP_REGULATION_OF_ASPARTIC_TYPE_ENDOPEPTIDASE_ACTIVITY_INVOLVED_IN_AMYLOID_PRECURSOR_PROTEIN_CATABOLIC_PROCESS,0.302267002518892,0.477829000522789,0.0813027345384498,0.549009386476137,1.15056348771483,10,"Ager,Lyn,Efna1,Bin1,Efna3,Picalm"
GOBP_REGULATION_OF_CELLULAR_KETONE_METABOLIC_PROCESS,0.30241935483871,0.477919552585411,0.0697792517076235,0.366977518887375,1.09705979350835,124,"Ceacam1,Wnt4,Pla2g3,Slc45a3,Ptgs2,Twist1,Atcay,Dab2,Ces1d,Bmp5"
GOBP_CELLULAR_RESPONSE_TO_GAMMA_RADIATION,0.303571428571429,0.479589431624315,0.245041785430996,-0.305828246445797,-1.09382506974873,29,"Rad51,Chek2,Cyba,Trp53,Xrcc5,Rpl26,Kdm1a,Map3k20,Atm,Hsf1"
GOBP_NEGATIVE_REGULATION_OF_ANOIKIS,0.303874092009685,0.479916764226418,0.0789209638180035,0.510182877950778,1.14404006044373,14,"Snai2,Itga5,Cav1,Ntrk2,Src,Pdk4,Bcl2,Notch1,Itgb1,Ptk2"
GOBP_EPITHELIAL_CELL_CELL_ADHESION,0.304191616766467,0.480267354737761,0.0782955249944794,0.491323415614548,1.13913434248449,17,"Dsp,Ctnna3,Jup,Cyp1b1"
GOBP_VESICLE_TARGETING_TO_FROM_OR_WITHIN_GOLGI,0.304550758459743,0.480683410605064,0.0768736734126542,0.467603288093764,1.13893896270362,22,"Mapk15,Wipi1,Arfgap3"
GOBP_GROWTH_HORMONE_SECRETION,0.305084745762712,0.481375083788184,0.0787113806986485,0.509170089409035,1.14176897155661,14,"Ghrh,Gabbr1,Kiss1,Ghrhr"
GOBP_PURINE_NUCLEOBASE_METABOLIC_PROCESS,0.305389221556886,0.481553204757361,0.197822021315103,-0.371216068509073,-1.12111308008982,17,"Shmt1,Ada,Shmt2,Prps1,Ppat,Aprt,Gmps"
GOBP_REGULATION_OF_AUTOPHAGOSOME_MATURATION,0.305389221556886,0.481553204757361,0.0780892306943345,0.490170586648778,1.13646150617304,17,"Irgm2,Calcoco2,Irgm1"
GOBP_CALCIUM_ION_EXPORT,0.306122448979592,0.482558027914835,0.181383128498408,-0.400737124073455,-1.10700605111249,12,"Atp2b3,Slc35g1"
GOBP_ADULT_HEART_DEVELOPMENT,0.306295399515739,0.482679301995491,0.0785029047348687,0.508666208555186,1.14063906322882,14,"Aplnr,Scube1,Apela,Myh6"
GOBP_SENSORY_PERCEPTION_OF_BITTER_TASTE,0.306666666666667,0.483112921759114,0.0739901439101342,0.430070440331975,1.11715692581018,33,"Rtp4,Rtp3,Azgp1,Lpo,Tas2r138,Tas2r131,Tas2r140,Tas2r130,Tas2r119,Tas2r108"
GOBP_REGULATION_OF_PROTEIN_LOCALIZATION_TO_MEMBRANE,0.307,0.483486528822055,0.0686325631836726,0.355995698859234,1.08116645279743,171,"Epha2,Pls1,Gsn,Prkch,Gpc5,Tnfaip6,Vil1,Dab2,Prkcz,Mrap"
GOBP_ACROSOME_REACTION,0.307103825136612,0.483498568418963,0.0730744399126987,0.420419103107687,1.11389584241703,38,"Ccdc87,Zp3,Glrb,Ropn1,Crisp4,Trim36,Prnd,Spink13,Zp2"
GOBP_PROTEIN_ADP_RIBOSYLATION,0.307354555433589,0.483590406937294,0.0732558655828455,0.421787228236382,1.11127677017473,36,"Art3,Parp8,Art4,Parp12,Zc3hav1,Kat2b,Art5,Sirt2,Art1,Parp9"
GOBP_PROTEIN_K11_LINKED_DEUBIQUITINATION,0.307304785894207,0.483590406937294,0.080419996876154,0.548322062598631,1.14912305741041,10,"Otud7b,Tnfaip3,Otud7a"
GOBP_POSITIVE_REGULATION_OF_NUCLEAR_DIVISION,0.307531380753138,0.483717224983112,0.0707899094502623,0.397465545317002,1.11653265089005,58,"Edn1,Edn3,Tgfa,Wnt4,Msx2,Il1a,Meiosin,Btc,Wnt5a,Sirt2"
GOBP_NEGATIVE_REGULATION_OF_CALCIUM_ION_TRANSPORT_INTO_CYTOSOL,0.307971014492754,0.48380321557971,0.0780892306943345,0.493976702636584,1.13226732393626,16,"Gstm7,Casq2,Tmbim6,Ntsr1,Epo,Nos1,Bcl2,Sri,Trdn,Fkbp1b"
GOBP_NEGATIVE_REGULATION_OF_PROTEIN_POLYUBIQUITINATION,0.307692307692308,0.48380321557971,0.175204047558551,-0.409816426058835,-1.08455253332143,10,"Plaa,Ppia,Ubr5,Gps2,Ttc36,Otub1,Trip12"
GOBP_POSITIVE_REGULATION_OF_BROWN_FAT_CELL_DIFFERENTIATION,0.307971014492754,0.48380321557971,0.0780892306943345,0.494117369733049,1.13258975362986,16,"Ptgs2,Sox13,Six1"
GOBP_REGULATION_OF_FERTILIZATION,0.307971014492754,0.48380321557971,0.0780892306943345,0.493386962378423,1.13091555244509,16,"Ccdc87,Plat,Zp1,Wee2,Zp2,Plcb1,Rnase10,Nlrp5,Prss37,Lhfpl2"
GOBP_NEGATIVE_REGULATION_OF_OXIDOREDUCTASE_ACTIVITY,0.308227114716107,0.484054266066188,0.0758886900606117,0.455618489826496,1.12910528727477,24,"Aoc3,Hp,Gzma,Atp2b4,Cav1,Snca,Il13,Mt3,Lrrk2,Cnr2"
GOBP_POSITIVE_REGULATION_OF_ANTIGEN_RECEPTOR_MEDIATED_SIGNALING_PATHWAY,0.309385863267671,0.485722278153211,0.0756946307932749,0.454459607199051,1.12623336585104,24,"Prkch,Nfam1,Kcnn4,Stap1,Cd226,Ccr7,Prkd2,Nectin2,Card11,Cd81"
GOBP_REGULATION_OF_NEUTROPHIL_ACTIVATION,0.309927360774818,0.486420494103969,0.0778840111977068,0.507744690109169,1.13857263947325,14,"Pla2g2a,Ptafr,Tnf,Fcgr2b,Itgam,Itgb2,Bcr,Spi1"
GOBP_REGULATION_OF_EXTRACELLULAR_MATRIX_DISASSEMBLY,0.310096153846154,0.486533509795448,0.0774767547848578,0.501509635533912,1.13945766518067,15,"Fap,Il6,Tgfb1,Dpp4,Fscn1,Lrp1,Clasp2"
GOBP_SECRETORY_GRANULE_ORGANIZATION,0.310382513661202,0.486830856840831,0.0725351864394589,0.420163652051023,1.11321902761994,38,"Pla2g3,Srgn,F2rl3,Ptprn,Baiap3,Actl7a"
GOBP_MANNOSYLATION,0.311111111111111,0.487821445900049,0.0732558655828455,0.428879990992607,1.11406459813643,33,"Pigz,Dpy19l2,Tmtc1,Tmtc2"
GOBP_POSITIVE_REGULATION_OF_PHOSPHOLIPID_METABOLIC_PROCESS,0.311298076923077,0.487962404955506,0.077274697304471,0.500897175450173,1.13806612195281,15,"Adgrf5,Htr2a,Nr1h4,Acsl3,Htr2b,Htr2c,Enpp7,Capn2"
GOBP_REGULATION_OF_STEM_CELL_DIFFERENTIATION,0.311526479750779,0.488168208761585,0.0697792517076235,0.391201836687449,1.10757723043403,62,"Hoxb4,Sp7,Osm,Gata6,Lbh,Foxc1,Trim6,Tbx5"
GOBP_NEGATIVE_REGULATION_OF_TOR_SIGNALING,0.311827956989247,0.488336180618363,0.0714786287425507,0.410917463343694,1.10737004723182,42,"Spaar,Castor1,Rnf152,Epm2a"
GOBP_SENSORY_PERCEPTION_OF_TEMPERATURE_STIMULUS,0.311791383219955,0.488336180618363,0.0741758965588009,0.44535499392441,1.12664390650975,26,"Adra2a,Cxcl12,Htr2a,Adora1,Ephb1"
GOBP_AMMONIUM_TRANSMEMBRANE_TRANSPORT,0.312342569269521,0.488665632439103,0.0795564677235957,0.546041594655376,1.14434386198124,10,"Rhbg,Rhcg,Slc12a4,Slc12a2,Rhag"
GOBP_CORTICAL_ACTIN_CYTOSKELETON_ORGANIZATION,0.312636165577342,0.488665632439103,0.072003313661988,0.414015225369084,1.1050588938462,40,"Pls1,Vil1,Epb41l3,Ehd2,Plek,Lcp1,Rtkn,Anln,Fmnl1,Fmnl3"
GOBP_FUCOSE_METABOLIC_PROCESS,0.3125,0.488665632439103,0.190023305279108,-0.391090299658645,-1.11643591213755,14,"Fut1,Fuom,B3glct,Fut4,Fut9"
GOBP_NEGATIVE_REGULATION_OF_FATTY_ACID_BIOSYNTHETIC_PROCESS,0.3125,0.488665632439103,0.0770736734944102,0.500371831980341,1.1368725124962,15,"Ceacam1,Apoc1"
GOBP_POSITIVE_REGULATION_OF_CELLULAR_CARBOHYDRATE_METABOLIC_PROCESS,0.312302839116719,0.488665632439103,0.0702812841717392,0.398954444107558,1.10895060758197,53,"Slc45a3,Nnmt,Hrh1,Gpld1,Lhcgr,Gper1,Foxo1,Kat2b,Avpr1b,Ptafr"
GOBP_REGULATION_OF_SKELETAL_MUSCLE_CELL_DIFFERENTIATION,0.312574850299401,0.488665632439103,0.0768736734126542,0.484012165423446,1.13329927352017,18,"Ephb1,Six1,Cyp26b1,Myocd"
GOBP_VASCULAR_ASSOCIATED_SMOOTH_MUSCLE_CELL_MIGRATION,0.312718786464411,0.488665632439103,0.0755015292281669,0.464898759388412,1.13235155582111,22,"Agt,Gna12,Igfbp5,Myocd,Pdgfb,Adamts1"
GOBP_POSITIVE_REGULATION_OF_TRANSCRIPTION_FROM_RNA_POLYMERASE_II_PROMOTER_IN_RESPONSE_TO_STRESS,0.312862108922364,0.488737669842363,0.0751181635276302,0.452149660142946,1.12050889791874,24,"Klf2,Atf3,Creb3l1,Creb3l3"
GOBP_GLOMERULAR_BASEMENT_MEMBRANE_DEVELOPMENT,0.312967581047382,0.488750552943519,0.0789209638180035,0.526574371183589,1.12796823247025,11,"Sulf1,Col4a3,Nid1,Col4a4"
GOBP_HISTONE_H3_K4_METHYLATION,0.313624335852299,0.489624079605436,0.203508959461977,-0.268971361972716,-1.18598752411784,69,"Myb,Brca1,Dnmt3b,Macroh2a1,Bend3,Nfyb,Wdr5,Nfyc,Paxip1,H1f4"
GOBP_METANEPHRIC_GLOMERULUS_DEVELOPMENT,0.314009661835749,0.490047855370436,0.0770736734944102,0.491330394328658,1.12620159571439,16,"Cd34,Agtr2,Ret,Tcf21,Egr1,Pdgfra,Pdgfb,Osr1,Pax2,Lamb2"
GOBP_NEUROMUSCULAR_PROCESS_CONTROLLING_BALANCE,0.314225053078556,0.490047855370436,0.0704500850658419,0.406191748531228,1.11264377960965,47,"Nkx6-2,Adcy5,Foxs1,Clrn1,Tnr,Pou4f2,Ush1c,Cdh23,Aldh1a3,Jph4"
GOBP_REGULATION_OF_INTRINSIC_APOPTOTIC_SIGNALING_PATHWAY_BY_P53_CLASS_MEDIATOR,0.314285714285714,0.490047855370436,0.248911114434702,-0.30169160019449,-1.06878523991621,30,"Atad5,Zfp385a,Taf9,Armc10,Rps7,Eif5a,Trp53,Mif,Ell3,Rpl26"
GOBP_REGULATION_OF_RESPONSE_TO_TUMOR_CELL,0.314117647058824,0.490047855370436,0.0756946307932749,0.469897027765138,1.12710482902191,21,"Ceacam1,Havcr2,Il12b,Mr1,Cd226,Ahr,Hrg,Nectin2,Cd274"
GOBP_NEURONAL_STEM_CELL_POPULATION_MAINTENANCE,0.314685314685315,0.490518783542039,0.211400189384923,-0.318160302260873,-1.08138385718285,23,"Fancd2,Hes5,Aspm,Mcph1,Dll1,Srrt,Igf2bp1,Prrx1,Foxo3"
GOBP_INNER_EAR_RECEPTOR_CELL_STEREOCILIUM_ORGANIZATION,0.314794215795328,0.490536429883172,0.0727141077934447,0.429016641236729,1.10710968694209,31,"Pls1,Clrn2,Pdzd7,Clrn1,Ush1c,Cdh23,Tprn,Hes1"
GOBP_ERYTHROCYTE_MATURATION,0.314903846153846,0.490555201306286,0.0766746872490091,0.497580314981587,1.1305300312828,15,"Klf2,Tal1"
GOBP_ALCOHOL_CATABOLIC_PROCESS,0.315457413249211,0.491265308675274,0.0697792517076235,0.398233791344957,1.10694745075356,53,"Sult1a1,Cyp27a1,Inpp5j,Scarf1,Synj2,Aldh3b3,Akr1d1,Aldh3b1,Inpp4b,Miox"
GOBP_SPHINGOMYELIN_METABOLIC_PROCESS,0.315726290516206,0.491531762906463,0.0764767053228531,0.479137443705297,1.12661254727197,19,"Sgms2,Abca8b,Sgms1,Abca2,Smpdl3a,Smpd1,Enpp7,Samd8,Sptlc2"
GOBP_NEGATIVE_REGULATION_OF_NEUROTRANSMITTER_SECRETION,0.316120906801008,0.491841472760342,0.0789209638180035,0.543888948004011,1.13983254268503,10,"Syt11,Slc30a1,Rap1a,Prkn"
GOBP_NETRIN_ACTIVATED_SIGNALING_PATHWAY,0.316120906801008,0.491841472760342,0.0789209638180035,0.544091012830064,1.1402560116033,10,"Unc5b,Unc5cl,Shtn1,Unc5d"
GOBP_NEUROTRANSMITTER_RECEPTOR_TRANSPORT,0.316546762589928,0.492351663223876,0.213927855492356,-0.314826140239189,-1.06371763207932,24,"Snap25,Cacng2,Cplx1,Grip1"
GOBP_POSITIVE_REGULATION_OF_INSULIN_SECRETION,0.316770186335404,0.492546775969092,0.0687943095604775,0.386201549999971,1.10280535536794,67,"Nkx6-1,Cd38,Gpld1,Cftr,Gipr,Nr1h4,Baiap3,Casr,Gper1,Glul"
GOBP_IMP_METABOLIC_PROCESS,0.317647058823529,0.492797593328455,0.191892240384838,-0.390099816303957,-1.12509874614772,15,"Adsl,Ppat,Aprt,Pfas,Atic,Gart,Nt5c,Paics,Ampd2"
GOBP_POSITIVE_REGULATION_OF_CELL_ADHESION_MEDIATED_BY_INTEGRIN,0.317647058823529,0.492797593328455,0.0751181635276302,0.469031453709091,1.12502864500541,21,"Ccl21a,Foxc2,Ret,Cd3e,Ccl5,P2ry12"
GOBP_POSITIVE_REGULATION_OF_HUMORAL_IMMUNE_RESPONSE,0.317073170731707,0.492797593328455,0.0721797965581253,0.430098286007485,1.11722002636677,32,"C3,Zp3,Hpx,Klk5,Acod1,Il17f,Klk1b27,Nod2,Ccr7,Trem2"
GOBP_POSITIVE_REGULATION_OF_ORGANELLE_ORGANIZATION,0.317682317682318,0.492797593328455,0.0668966276500666,0.335584473554326,1.04558008969086,481,"Edn1,Dcn,Ccl21a,Ccl11,Tek,Edn3,Tgfa,Cdc42ep2,Wnt4,Gsn"
GOBP_PYRIMIDINE_NUCLEOSIDE_CATABOLIC_PROCESS,0.317307692307692,0.492797593328455,0.172324344900946,-0.408963147189668,-1.08229438625768,10,"Apobec2,Upb1"
GOBP_REGULATION_OF_BINDING,0.317682317682318,0.492797593328455,0.0668966276500666,0.338778339046878,1.05218582573153,359,"Cldn5,Pln,Cyp2d22,Sp100,Larp6,Grem2,Csf3,Msx2,Dkk1,Plcl1"
GOBP_REGULATION_OF_OXIDOREDUCTASE_ACTIVITY,0.317766497461929,0.492797593328455,0.0676760401641789,0.371764578234868,1.09237863206463,94,"Edn1,Edn3,Agt,Agtr2,Aoc3,Ripk3,Il1a,Nod1,Cdh3,Hp"
GOBP_REGULATION_OF_STEROID_HORMONE_SECRETION,0.317365269461078,0.492797593328455,0.0760837160951725,0.482912566249257,1.13072459661266,18,"Agt,Dab2,Ren1,Nkx3-1,C1qtnf1"
GOBP_VITAMIN_METABOLIC_PROCESS,0.317813765182186,0.492797593328455,0.0675188953767744,0.369237633352976,1.09287834001013,106,"Slc52a3,Aldh1a2,Nnmt,Snai2,Cyp4f14,Slc19a3,Cyp26c1,Gsto2,Cyp27a1,Pltp"
GOBP_REGULATION_OF_AUTOPHAGY_OF_MITOCHONDRION,0.318681318681319,0.493838159374534,0.266350657088526,-0.290424743774127,-1.07189683967119,36,"Tigar,Htra2,Trp53,Vdac1,Slc25a5,Fbxw7,Hdac6,Hif1a,Vps13c,Slc25a4"
GOBP_RESPONSE_TO_MURAMYL_DIPEPTIDE,0.318668252080856,0.493838159374534,0.0755015292281669,0.475930805616423,1.12831284807105,20,"Nod1,Nfkbia,Tnfaip3,Nod2,Jag1,Ldoc1,Nlrp1a,Arhgef2"
GOBP_ACUTE_INFLAMMATORY_RESPONSE_TO_ANTIGENIC_STIMULUS,0.319460067491564,0.494892375741168,0.0725351864394589,0.43708661545931,1.12110603711393,28,"C3,A2m,Zp3,H2-T23,Pla2g2d,Npy5r,Btk,Ccr7,Gata3,Fcgr2b"
GOBP_MEMBRANE_REPOLARIZATION_DURING_CARDIAC_MUSCLE_CELL_ACTION_POTENTIAL,0.319857312722949,0.495270935960591,0.0753093764172773,0.475727534075092,1.12783094211114,20,"Kcna5,Kcnj8,Kcnq1,Kcne4"
GOBP_RESPONSE_TO_INCREASED_OXYGEN_LEVELS,0.32,0.495270935960591,0.0732558655828455,0.448753617544905,1.12301576031984,25,"Kcna5,Col1a1,Fas,Foxo1,Cav1"
GOBP_VENTRICULAR_CARDIAC_MUSCLE_CELL_MEMBRANE_REPOLARIZATION,0.32,0.495270935960591,0.0732558655828455,0.44833642434113,1.12197172518648,25,"Kcnj8,Kcnq1,Gja5,Kcne4,Scn4b,Scn1b"
GOBP_RESPIRATORY_BURST,0.320484581497797,0.495868264447346,0.0713052987340038,0.42184794537052,1.10778784045,35,"Cd55,Lbp,Ncf1,Cd55b,Ncf2,Dusp10,Noxo1,Trem2,Cd52,Slc11a1"
GOBP_FEMALE_SEX_DIFFERENTIATION,0.321248741188318,0.496897668293439,0.0667426134241917,0.362902404360301,1.0842869308934,123,"A2m,Wnt4,Tbx3,Nos3,Foxl2,Inhba,Kdr,Pcyt1b,Tnfaip6,Zp3"
GOBP_RADIAL_GLIAL_CELL_DIFFERENTIATION,0.321428571428571,0.497022894054577,0.176694268938498,-0.398279397916781,-1.10021676815372,12,"Fgf10,Hes5,Gli3,Emx1"
GOBP_ESTABLISHMENT_OF_PLANAR_POLARITY_INVOLVED_IN_NEURAL_TUBE_CLOSURE,0.322751322751323,0.498761420064832,0.179782316298324,-0.391643945382572,-1.10166404862232,13,"Sfrp2,Fzd2,Cthrc1,Ptk7,Dvl2,Dvl1,Sfrp1"
GOBP_MEIOTIC_CELL_CYCLE_PHASE_TRANSITION,0.322751322751323,0.498761420064832,0.179782316298324,-0.393774898738322,-1.10765825516885,13,"Ttk,Ccnb2,Cdc25c,Ndc80,Cdc25b,Usp17ld,Cdc25a"
GOBP_POSITIVE_REGULATION_OF_LYMPHOCYTE_APOPTOTIC_PROCESS,0.323244552058111,0.499370117761563,0.0756946307932749,0.504897203076498,1.13218740120329,14,"Pdcd1,Lgals9,Ccl5,Wnt5a,Il10,Cd274"
GOBP_POLYOL_METABOLIC_PROCESS,0.324596774193548,0.501305064169268,0.0662842187012672,0.364904951401766,1.08476688315619,111,"Degs2,Sptlc3,Hrh1,Asah2,Acer2,Mogat2,Cyp27a1,Inpp5j,Synj2,Lhcgr"
GOBP_SEROTONIN_RECEPTOR_SIGNALING_PATHWAY,0.32488986784141,0.50160361352542,0.0706196247122591,0.420669644281704,1.10469357951331,35,"Hrh1,Htr2a,Htr1b,Or10j5,Htr1a,Chrm5,Hrh2,Or10h28,Or11h4b,Gnaz"
GOBP_SYNAPTIC_TRANSMISSION_CHOLINERGIC,0.325084364454443,0.50174980046438,0.0716527366829457,0.436083438877603,1.11853293768177,28,"Adora2a,Slc5a7,Chrne,Lypd1,Colq,Chrng,Chrnb1,Lama2,Chrna10,Chrnb3"
GOBP_CELL_DIFFERENTIATION_IN_HINDBRAIN,0.325554259043174,0.502320828793749,0.0734381410838857,0.461433548867856,1.12391136009041,22,"Kndc1,Faim2,Gata2,Grid2,Nog,Prox1,Wnt7a"
GOBP_POSITIVE_REGULATION_OF_ENDOTHELIAL_CELL_CHEMOTAXIS,0.326923076923077,0.504158921420962,0.0747385227439092,0.494001301833977,1.12239831520822,15,"Kdr,Sema5a,Prkd2,P2rx4,Fgf2,Hspb1,Tmsb4x"
GOBP_RESPONSE_TO_HEPATOCYTE_GROWTH_FACTOR,0.326946107784431,0.504158921420962,0.0745500777420554,0.479706441896457,1.12321755720454,18,"Vil1,Casr,Sirt2,Nrp1,Il10,Gab1"
GOBP_NEURON_RECOGNITION,0.327349524815206,0.50462620706717,0.0681513438679483,0.398594694596859,1.10048634919404,49,"Robo4,Efnb3,Ncam2,Cntn2,Crtac1,Sema5a,Rtn4,Dscaml1,Pcdh12"
GOBP_PRODUCTION_OF_MOLECULAR_MEDIATOR_OF_IMMUNE_RESPONSE,0.327672327672328,0.504968973393253,0.0653834195468773,0.339427976205518,1.04995988821508,287,"Tril,Cd55,Irak3,Il6,Cd40,Il13ra2,Batf,Il18,Il1r1,Arid5a"
GOBP_OTIC_VESICLE_DEVELOPMENT,0.328125,0.505511607416488,0.0745500777420554,0.492805910043299,1.11968231885986,15,"Stox1,Six1,Col2a1,Prox1,Fgfr2,Gata3"
GOBP_NEUTRAL_LIPID_BIOSYNTHETIC_PROCESS,0.328342245989305,0.505691320645905,0.0686325631836726,0.403614027467909,1.09540898722471,44,"C3,Agmo,Gpld1,Mogat2,Plin5,Pla2g4a,Ldlr,Sik1,Mfsd2a,Gpat2"
GOBP_REGULATION_OF_STEM_CELL_POPULATION_MAINTENANCE,0.328888888888889,0.506378084056491,0.0704500850658419,0.423951316192137,1.10538160293207,34,"Lbh,Nodal,Tal1,Trp63,Myc,Wnt9b,Loxl2"
GOBP_CELLULAR_CARBOHYDRATE_CATABOLIC_PROCESS,0.32967032967033,0.506495338402429,0.261663521711573,-0.28765993046228,-1.0616924933998,36,"Gk2,Tigar,Aoah,Stbd1,Sord,Ins2,Trp53,Tpi1,Pgam1,Gk"
GOBP_POSITIVE_REGULATION_OF_CHROMATIN_ORGANIZATION,0.329411764705882,0.506495338402429,0.188204146308491,-0.38002988888449,-1.09605576217305,15,"Cdk2,Dnmt1,Tpr,Trim28,Setdb1,Pphln1,Sin3a,Mphosph8,Resf1"
GOBP_POSITIVE_REGULATION_OF_MYELOID_LEUKOCYTE_CYTOKINE_PRODUCTION_INVOLVED_IN_IMMUNE_RESPONSE,0.329142857142857,0.506495338402429,0.0718276293603809,0.44295220174077,1.1084975901581,25,"Sema7a,Gprc5b,Rigi,Tlr4,Spon2,Wnt5a,Laptm5,Ticam1,H2-M3,Pirb"
GOBP_RECEPTOR_METABOLIC_PROCESS,0.32967032967033,0.506495338402429,0.0650877566917313,0.353151982408799,1.07391397201297,165,"Sele,Ceacam1,Itgb3,Calcrl,Dkk1,Cntn2,Dnm3,Htr1b,Apln,Ackr3"
GOBP_REGULATION_OF_PROTEIN_KINASE_C_SIGNALING,0.329341317365269,0.506495338402429,0.0741758965588009,0.48238204459243,1.11840375550962,17,"Flt4,Cd40,Wnt5a,Dgkg,Akap12,Myadm,Wnt11"
GOBP_STRIATUM_DEVELOPMENT,0.329341317365269,0.506495338402429,0.190023305279108,-0.362344655211446,-1.09432044278078,17,"Cntnap2,Rarb,Foxp2,Bcl11b"
GOBP_TRIGLYCERIDE_METABOLIC_PROCESS,0.329614604462475,0.506495338402429,0.0658311958368866,0.36758983166357,1.08476371935732,96,"C3,Agmo,Cyp2e1,Lipc,Gpld1,Mogat2,Gpihbp1,Pnpla1,Nkx2-3,Tnxb"
GOBP_EXIT_FROM_MITOSIS,0.330357142857143,0.507343050437437,0.234392647294686,-0.301462661648546,-1.07821112253868,29,"Cdca5,Ube2c,Neurog1,Phb2,Kntc1,Ube2s,Rpl24,Cdc23,Cdc14b,Zw10"
GOBP_MESENCHYMAL_STEM_CELL_DIFFERENTIATION,0.330423940149626,0.507343050437437,0.0760837160951725,0.521637183183917,1.11739234513862,11,"Wnt3,Pdgfra"
GOBP_REGULATION_OF_CD8_POSITIVE_ALPHA_BETA_T_CELL_ACTIVATION,0.330558858501784,0.507395231049913,0.0736212741014394,0.471933345760619,1.11883587103631,20,"H2-T23,Irf1,Vsir,Mapk8ip1,Hfe,Xcl1,Cd274,Pirb,H2-Q10,Zbtb7b"
GOBP_REGULATION_OF_STEROL_TRANSPORT,0.330912863070539,0.507783566134189,0.0667426134241917,0.383773722199376,1.09006214598974,63,"Pltp,Ces1d,Pon1,Apoc1,Ldlrap1,Shh,Nfkbia,Eepd1,Abca8b,Lipg"
GOBP_DICARBOXYLIC_ACID_CATABOLIC_PROCESS,0.331736526946108,0.508892133340886,0.0738052724171275,0.477874663523794,1.11892850571515,18,"Aspa,Aldh1l1,Glul,Gad1"
GOBP_NEGATIVE_REGULATION_OF_I_KAPPAB_KINASE_NF_KAPPAB_SIGNALING,0.332271762208068,0.509557702446601,0.0676760401641789,0.401412884073631,1.0979543208293,46,"Otud7b,Nr1h4,Rhoh,Zc3h12a,Esr1,Tnfaip3,Otud7a,Nlrx1,Trem2,Stat1"
GOBP_ENERGY_HOMEOSTASIS,0.333333333333333,0.511029785503711,0.271288554688953,-0.272498555025345,-1.04388989363365,40,"Ppargc1a,Prkaa2,Slc35d3,Suv39h1,Mlxipl,Dll1,Rrp8,Pask"
GOBP_GASTRIC_ACID_SECRETION,0.334131736526946,0.511785569628567,0.0734381410838857,0.477105334646907,1.11712714632884,18,"Kcnq1,Sgk1,Oprl1,Oxtr,Chrm5,Hrh2,Tff2,Hip1r,Slc9a4,Trpv1"
GOBP_NEUROTRANSMITTER_UPTAKE,0.334047109207709,0.511785569628567,0.0678338263479455,0.403978585660342,1.09236409806307,43,"Itgb3,Slc6a1,Kcnj10,Slc22a3,Slc6a12,Slc6a4,Gpm6b,Slc6a3,Slc6a13,Slc22a2"
GOBP_PURINE_RIBONUCLEOSIDE_METABOLIC_PROCESS,0.334131736526946,0.511785569628567,0.0734381410838857,0.477174186484666,1.11728836074304,18,"Ptgdr,Xdh,Enpp4"
GOBP_NEGATIVE_REGULATION_OF_PROTEIN_LOCALIZATION_TO_MEMBRANE,0.334444444444444,0.51210850509358,0.0696133438850965,0.421618723200905,1.09520262846141,33,"Dab2,Mrap,Lypd1,Tgfb1,Bcl2l1,Abi3,Tmbim1"
GOBP_CELLULAR_RESPONSE_TO_POTASSIUM_ION,0.335,0.512334955886827,0.170932335370056,-0.39275270438021,-1.06851152515922,11,"Nptx1,Crhbp,Dlg4"
GOBP_NEGATIVE_REGULATION_OF_HEMATOPOIETIC_PROGENITOR_CELL_DIFFERENTIATION,0.335,0.512334955886827,0.170932335370056,-0.391956729481902,-1.06634601912172,11,"Hes5,Myb,Hspa9"
GOBP_PROTEIN_LOCALIZATION_TO_CELL_CORTEX,0.335,0.512334955886827,0.170932335370056,-0.39149553923873,-1.06509131842934,11,"Plk1,Sapcd2,Ezr,Nubp1,Epb41"
GOBP_REGULATION_OF_DENDRITIC_SPINE_DEVELOPMENT,0.334797168359714,0.512334955886827,0.203508959461977,-0.267592630690614,-1.10897404013833,54,"Fstl4,Ephb2,Camk2b,Foxo6,Itpka,Bhlhb9,Neurl1a,Ppfia2,Caprin2,Hdac2"
GOBP_GLYCINE_METABOLIC_PROCESS,0.335227272727273,0.512370781392521,0.183023938384487,-0.381105272834025,-1.08793190030092,14,"Shmt1,Dhfr,Shmt2,Gcat,Gcsh"
GOBP_POSTTRANSLATIONAL_PROTEIN_TARGETING_TO_ENDOPLASMIC_RETICULUM_MEMBRANE,0.335227272727273,0.512370781392521,0.183023938384487,-0.383759221663623,-1.09550806310762,14,"Get3,Sec61b,Sec61g,Sec61a1,Bag6,Sec61a2,Sgta,Sgtb"
GOBP_CELLULAR_RESPONSE_TO_AMYLOID_BETA,0.335483870967742,0.512607118344936,0.0678338263479455,0.405614121164073,1.09307821784072,42,"Casp4,Icam1,Ager,Tlr4,Bace1,Vcam1,Cacnb1,Prnp,Trem2,Fyn"
GOBP_POSITIVE_REGULATION_OF_BEHAVIOR,0.336,0.513239744758432,0.0707899094502623,0.441145555847389,1.10397641922541,25,"Adora2a,Ghrh,Nps,Sgip1,Npas2,Ghrhr,Oprk1"
GOBP_NEGATIVE_REGULATION_OF_JUN_KINASE_ACTIVITY,0.336526946107784,0.513750029199468,0.0730744399126987,0.476022600243761,1.11459195775269,18,"Nppa,Serpinb3b,Dusp10,Mapk8ip1,Zfp458,Serpinb3c,Gstp2,Gstp1,Serpinb3d"
GOBP_REGULATION_OF_GRANULOCYTE_DIFFERENTIATION,0.336538461538462,0.513750029199468,0.0732558655828455,0.489569805718916,1.1123297106217,15,"Ceacam1,Inpp5d"
GOBP_MATING_BEHAVIOR,0.337278106508876,0.514722841961177,0.186432558434075,-0.335411752191782,-1.08017016544528,19,"Nhlh2,Thrb,Mapk8ip2,Hdac2"
GOBP_CELLULAR_RESPONSE_TO_CAFFEINE,0.337531486146096,0.514796960211294,0.0755015292281669,0.535650860420142,1.12256791476412,10,"Gstm7,Casq2"
GOBP_RESPONSE_TO_INTERLEUKIN_17,0.337531486146096,0.514796960211294,0.0755015292281669,0.536907926333493,1.1252023581401,10,"Il17f,Il17ra,Ikbke,Traf5"
GOBP_AMINO_SUGAR_METABOLIC_PROCESS,0.337704918032787,0.514905254155541,0.0683110858318647,0.412876170211683,1.09391092372427,38,"Csgalnact1,Chst4,Mgat3,Chia1,Chst3,Chst5,Aldh1a7,Uap1,Gfpt2,Chst7"
GOBP_GDP_METABOLIC_PROCESS,0.337905236907731,0.515054465110722,0.0749278818393739,0.518929009195129,1.11159120023958,11,"Dlg2,Tjp2,Card11"
GOBP_MEDIUM_CHAIN_FATTY_ACID_METABOLIC_PROCESS,0.338253382533825,0.515428843285099,0.0741758965588009,0.503767076616247,1.1102731042032,13,"Ces1d,Abhd3,Olah"
GOBP_MICROTUBULE_DEPOLYMERIZATION,0.33864118895966,0.515863411181883,0.0667426134241917,0.399162146620621,1.09338823621851,47,"Stmn4,Stmnd1,Map6d1,Map1a,Kif19a,Bmerb1,Apc2,Mid1ip1"
GOBP_NEGATIVE_REGULATION_OF_NUCLEOCYTOPLASMIC_TRANSPORT,0.339556592765461,0.517101178985754,0.0713052987340038,0.458083683153341,1.11575210912012,22,"Apod,Sp100"
GOBP_AXONAL_FASCICULATION,0.340723453908985,0.518567553446036,0.0711327399327894,0.457976395938132,1.11549079019292,22,"Ncam2,Cntn2,Crtac1,Sema5a,Rtn4"
GOBP_RECEPTOR_INTERNALIZATION,0.340725806451613,0.518567553446036,0.0639271933359996,0.361116772197387,1.07436798764207,112,"Sele,Ceacam1,Itgb3,Calcrl,Dkk1,Cntn2,Dnm3,Htr1b,Apln,Ackr3"
GOBP_POSITIVE_REGULATION_OF_RELEASE_OF_CYTOCHROME_C_FROM_MITOCHONDRIA,0.341269841269841,0.519238345055536,0.0696133438850965,0.435608589551001,1.10198778443302,26,"Tnfsf10,Plaur,Gper1,Cideb,Mmp9,Pink1"
GOBP_ALDITOL_METABOLIC_PROCESS,0.341614906832298,0.519527626537608,0.190023305279108,-0.321706982646256,-1.05836969350345,20,"Lep,Gk2,Sord,Coq3,Got1,Tpi1,Gk,Galk1"
GOBP_REGULATION_OF_TELOMERE_CAPPING,0.341666666666667,0.519527626537608,0.222056046145248,-0.308617863878513,-1.05052625813276,26,"Aurkb,Nek2,Hnrnpd,Usp7,Rtel1,Pkib,Atm,Rad50,Nabp2,Nbn"
GOBP_PEPTIDYL_TYROSINE_DEPHOSPHORYLATION,0.341784989858012,0.519550391296107,0.0640703750499722,0.365217259179623,1.07723294554957,98,"Ptprb,Dusp15,Ptprr,Tns2,Dusp1,Ptpre,Ptprd,Ptprm,Dusp23,Ptpdc1"
GOBP_LYMPHOCYTE_ANERGY,0.342569269521411,0.520182925357766,0.0747385227439092,0.532916192961714,1.1168368496745,10,"Cd3e,Phlpp1,H2-D1,H2-Q10,H2-Q7,Lilrb4b,Foxp3,Itch"
GOBP_NEGATIVE_REGULATION_OF_GLUCOSE_IMPORT,0.342615012106538,0.520182925357766,0.0727141077934447,0.493920417782081,1.10757292930618,14,"Pea15a,Enpp1,Myc,Stxbp3,Tnf,Pid1"
GOBP_RESPONSE_TO_AUDITORY_STIMULUS,0.342403628117914,0.520182925357766,0.0694481442003175,0.435173047489733,1.10088596494957,26,"Mdk,Slc26a5,D130043K22Rik,Cxcl10,Chrna10,Nrxn2,Abhd12,Tifab,Atp1a2,Usp53"
GOBP_SERTOLI_CELL_DIFFERENTIATION,0.34251497005988,0.520182925357766,0.0721797965581253,0.473483685959266,1.10864716975004,18,"Sox8,Il1a,Tcf21"
GOBP_MITOCHONDRIAL_FUSION,0.342857142857143,0.520393374741201,0.237793834423688,-0.295595334011303,-1.04718835319152,30,"Thg1l,Gdap1,Stoml2,Zdhhc6,Mtch2,Afg3l2,Chchd3,Miga1,Mief1,Bax"
GOBP_NEGATIVE_REGULATION_OF_MACROPHAGE_DERIVED_FOAM_CELL_DIFFERENTIATION,0.343672456575682,0.521119194813028,0.0738052724171275,0.509096003044582,1.10550984442863,12,"Itgb3,Nfkbia,Abcg1,Itgav,Nr1h3"
GOBP_PROTEIN_LOCALIZATION_TO_SYNAPSE,0.343583249244146,0.521119194813028,0.203508959461977,-0.254624289012128,-1.12881931687415,67,"Mpp4,Nptx1,Clstn3,Snap25,Cacng2,Cplx1,Grip1,Bsn,Dlg4"
GOBP_REGULATION_OF_AMYLOID_FIBRIL_FORMATION,0.34375,0.521119194813028,0.0721797965581253,0.487689146163171,1.10805674796145,15,"Iapp,Ldlr,Cryab,Trem2,Clu,Apoe,App"
GOBP_REGULATION_OF_CELL_COMMUNICATION_BY_ELECTRICAL_COUPLING_INVOLVED_IN_CARDIAC_CONDUCTION,0.343672456575682,0.521119194813028,0.0738052724171275,0.508107673244713,1.10336367098244,12,"Hrc,Tbx5,Cav1"
GOBP_MYELOID_CELL_APOPTOTIC_PROCESS,0.344789356984479,0.522537261851364,0.0679922591544058,0.418986190626765,1.08835533218377,32,"Hcar2,Il6,Ccr5,Irf7,Apoh,Nod2,Plekho2,Kitl,St6gal1,Clec5a"
GOBP_MIDBRAIN_DOPAMINERGIC_NEURON_DIFFERENTIATION,0.344910179640719,0.522541428141006,0.0718276293603809,0.475932861753307,1.10345131192657,17,"Wnt3,Dkk1,Wnt2,Wnt9b,Wnt5a"
GOBP_SINGLE_STRAND_BREAK_REPAIR,0.345,0.522541428141006,0.16823816568964,-0.3888682088855,-1.05794348028203,11,"Tdp1,Ercc8,Parp1,Ercc6,Sirt1"
GOBP_REGULATION_OF_HORMONE_METABOLIC_PROCESS,0.345773874862788,0.523555803896155,0.0673623868166279,0.413113914433986,1.08842531450279,36,"Slco1c1,Wnt4,Dab2,Bmp5,Egr1"
GOBP_HISTONE_H3_K36_DEMETHYLATION,0.346153846153846,0.523973316656243,0.16440575583821,-0.394635582671,-1.04437741805685,10,"Riox1,Kdm2b,Riox2"
GOBP_REGULATION_OF_PROTEIN_SECRETION,0.346653346653347,0.524571455035031,0.0626618230932492,0.341781586237124,1.05312450704691,242,"Kcna5,Adra2a,Nkx6-1,Or51e2,Adora2a,Hcar2,Il6,Cd38,Gpld1,C1qtnf3"
GOBP_EPITHELIAL_CELL_DIFFERENTIATION_INVOLVED_IN_KIDNEY_DEVELOPMENT,0.347457627118644,0.525630301391942,0.0653834195468773,0.395751921848447,1.08857769647107,48,"Cd34,Gpr4,Ednra,Foxc2,Wnt9b,Foxj1,Mmp9,Stat1,Klf15,Pdgfb"
GOBP_LEFT_RIGHT_PATTERN_FORMATION,0.347826086956522,0.526029404070528,0.188204146308491,-0.31965934227637,-1.05163325125139,20,"Pitx2,Mns1,Epb41l5,Dll1,Nkx2-5,Smo,Notch2,Cited2"
GOBP_EMBRYONIC_DIGIT_MORPHOGENESIS,0.348326359832636,0.526144491410009,0.0646484568421928,0.387814898946626,1.08942272425195,58,"Tbx3,Msx2,Twist1,Tbx2,Zbtb16,Alx4,Nog,Shh,Gna12,Grhl2"
GOBP_FATTY_ACID_DERIVATIVE_BIOSYNTHETIC_PROCESS,0.348663101604278,0.526144491410009,0.0656813601934011,0.399478585582283,1.08418539265324,44,"Hmgcs2,Elovl7,Alox12,Ggt7,Elovl1,Ggt5,Far2,Pam,Acsl3,Alox5"
GOBP_GLUTATHIONE_METABOLIC_PROCESS,0.348739495798319,0.526144491410009,0.0647943366000727,0.389606803292995,1.08891287556443,56,"Clic5,Gstm7,Dpep1,Gsto2,Gstk1,Ggt7,Slc1a1,Gstt2,Ggt5"
GOBP_LEARNING,0.348348348348348,0.526144491410009,0.0625237414724762,0.35401389423435,1.06831129256362,143,"Cldn5,Slc6a1,Hrh1,Dkk1,Agt,Foxb1,Ptgs2,Cntn2,Fos,Lrrn4"
GOBP_NEUTROPHIL_DEGRANULATION,0.348668280871671,0.526144491410009,0.0718276293603809,0.4917239877459,1.10264762886991,14,"Stxbp3,Ptafr,Anxa3,Itgam,Itgb2,Bcr,Spi1"
GOBP_NOTOCHORD_DEVELOPMENT,0.348502994011976,0.526144491410009,0.0713052987340038,0.470625956828882,1.10195588680563,18,"Epha2,Nog,Col2a1,Wnt5a,Col13a1,Id3,Efna1,Wnt11"
GOBP_POSITIVE_REGULATION_OF_CATION_CHANNEL_ACTIVITY,0.348140495867769,0.526144491410009,0.0640703750499722,0.378138789142853,1.08588748415327,70,"Edn1,Kcna1,Nppa,Gstm7,Ednra,Lrrc52,Jph2,Ccl2,Lrrc55,Nlgn3"
GOBP_REGULATION_OF_STRIATED_MUSCLE_CELL_DIFFERENTIATION,0.348314606741573,0.526144491410009,0.0635007968065945,0.36990448292013,1.07802551491656,83,"Edn1,Pi16,Dkk1,Hopx,Tgfb1,Rgs4,Shh,Nrg1,Cyp26b1,Atp11a"
GOBP_STEROID_HORMONE_MEDIATED_SIGNALING_PATHWAY,0.349047141424273,0.526450639045851,0.0625237414724762,0.355514820274517,1.06898332933878,135,"Srarp,Or51e2,Lbh,Pak1,Nodal,Dab2,Zfp366,Paqr7,Tcf21,Nkx3-1"
GOBP_REGULATION_OF_DENDRITE_DEVELOPMENT,0.34955505122544,0.526900522491841,0.203508959461977,-0.226256798630824,-1.01901790720105,97,"Chrna3,Rab17,Bcl11a,Ephb2,Cdc20,Elavl4,Camk2b,Ezh2,Itpka,Cobl"
GOBP_REGULATION_OF_PROTEIN_AUTOPHOSPHORYLATION,0.349462365591398,0.526900522491841,0.0658311958368866,0.401757497038128,1.08268510870938,42,"Eng,Pdgfd,Jun,Errfi1,Enpp1,Vegfc,Pdgfa,Cav1,Rassf2,Pdgfb"
GOBP_NEGATIVE_REGULATION_OF_CARDIAC_MUSCLE_CELL_PROLIFERATION,0.349875930521092,0.527226109930914,0.0728938564822936,0.505040580469911,1.09670343158547,12,"Kcnk2,Nog,Tbx5,Tgfbr2"
GOBP_CATECHOL_CONTAINING_COMPOUND_BIOSYNTHETIC_PROCESS,0.350058343057176,0.527342909963568,0.0697792517076235,0.45354292836086,1.10469221564862,22,"Gpr37,Moxd1,Hdc,Dao,Dbh,Moxd2,Kl,Slc6a3,Snca,Gata3"
GOBP_PHOSPHATE_ION_TRANSPORT,0.350340136054422,0.527609306155056,0.0683110858318647,0.433097197375636,1.09563454997999,26,"Slc34a3,Slc17a3,Adamts8,Slc34a2,Ank"
GOBP_FEMALE_GENITALIA_DEVELOPMENT,0.350898203592814,0.528291485313291,0.0709609456938284,0.469581656542592,1.09951069050617,18,"Tbx3,Cyp19a1,Trp63,Esr1,Wnt5a,Axl,Rbp4,Tyro3"
GOBP_CELLULAR_COMPONENT_DISASSEMBLY_INVOLVED_IN_EXECUTION_PHASE_OF_APOPTOSIS,0.351136363636364,0.528309126725589,0.0683110858318647,0.431435100177221,1.09747179848086,27,"Cidea,Foxl2,Il6,Gper1"
GOBP_DENDRITE_EXTENSION,0.351063829787234,0.528309126725589,0.248911114434702,-0.285635583294173,-1.03883597877438,35,"Bcl11a,Syt1,Syt2,Cpne9,Unc13a,Syt4,Cpne6,Plaa,Llph,Sh3gl2"
GOBP_RESPONSE_TO_MANGANESE_ION,0.3512252042007,0.528309126725589,0.0696133438850965,0.453174921707821,1.10379586370596,22,"Ptgs2,Fibin,Bace1,Slfn14,Lrrk2,Prkn,App"
GOBP_NEGATIVE_REGULATION_OF_CATECHOLAMINE_SECRETION,0.351783517835178,0.528990650361185,0.0721797965581253,0.498674710611519,1.0990498280618,13,"Adra2a,Adra2b,Syt11,Gabbr1,Abat,P2ry1,Adra2c"
GOBP_EMBRYONIC_EYE_MORPHOGENESIS,0.352422907488987,0.529689529270504,0.0665892104103933,0.413554033376841,1.08600772996898,35,"Mfap5,Foxl2,Twist1,Tbx2,Efemp1,Rarg,Wnt5a,Prox1,Aldh1a3,Vax2"
GOBP_PROTEIN_QUALITY_CONTROL_FOR_MISFOLDED_OR_INCOMPLETELY_SYNTHESIZED_PROTEINS,0.352459016393443,0.529689529270504,0.216542836735348,-0.305094791679262,-1.06614905725965,27,"Stub1,Hdac6,Clpp,Yme1l1,Rnf126,Lonp1,Rnf185,Cul3,Aup1,Bag6"
GOBP_TROPHECTODERMAL_CELL_DIFFERENTIATION,0.352941176470588,0.530255616891108,0.0707899094502623,0.469935661998547,1.10497607768631,19,"Hopx,Nodal,Rbm46,Junb"
GOBP_CELLULAR_RESPONSE_TO_OSMOTIC_STRESS,0.353645266594124,0.530362397126689,0.0658311958368866,0.407494670977108,1.08414394078605,39,"Ptgs2,Rcsd1,Capn3,Errfi1,Mylk,Lrrc8e,Relb,Slc2a1,Lrrc8c,Zfp36l1"
GOBP_HEMOGLOBIN_METABOLIC_PROCESS,0.353293413173653,0.530362397126689,0.0706196247122591,0.47060397838142,1.09109628494619,17,"Inhba,Klf4,Slc6a9,Hpx"
GOBP_MULTICELLULAR_ORGANISM_GROWTH,0.353353353353353,0.530362397126689,0.0618406035753285,0.353305669144602,1.06544537191583,142,"Hoxa5,Pls1,Klf2,Col3a1,Tns2,Npy1r,Ghrh,Csf1,Vil1,Comp"
GOBP_NEGATIVE_REGULATION_OF_AUTOPHAGOSOME_ASSEMBLY,0.353510895883777,0.530362397126689,0.0711327399327894,0.490017475850667,1.09882092661049,14,"Fez1,Pink1,Lrrk2,Mtm1,Fez2,Chmp4b"
GOBP_REGULATION_OF_CELLULAR_RESPONSE_TO_HYPOXIA,0.353510895883777,0.530362397126689,0.0711327399327894,0.489743232585549,1.09820596030103,14,"Cd34,Kcnk2"
GOBP_REGULATION_OF_VITAMIN_METABOLIC_PROCESS,0.353598014888338,0.530362397126689,0.0723570851036907,0.50376906504634,1.09394231617758,12,"Snai2,Snai1,Tnf"
GOBP_ADAPTIVE_THERMOGENESIS,0.354,0.530633673707486,0.0617054053637523,0.35128049901516,1.06592027092266,158,"Epas1,Lama4,Lcn2,Cidea,Plcl1,Scd1,Il18,Sctr,Foxc2,Sln"
GOBP_NEGATIVE_REGULATION_OF_OXIDATIVE_STRESS_INDUCED_INTRINSIC_APOPTOTIC_SIGNALING_PATHWAY,0.354037267080745,0.530633673707486,0.186432558434075,-0.31867265586272,-1.04838719489101,20,"Htra2,Ins2,Nono,Sod2,Trap1,Ppia,Hif1a,Akt1,Bag5,Sirt1"
GOBP_LINOLEIC_ACID_METABOLIC_PROCESS,0.354340071343639,0.530929221652599,0.070113215764256,0.46357099457943,1.09901082889474,20,"Gstm7,Alox12,Cyp2j9,Elovl1,Alox5,Elovl5,Abcd1,Gstp2,Gstp1"
GOBP_AMINE_BIOSYNTHETIC_PROCESS,0.354594594594595,0.530994050350619,0.0653834195468773,0.400522899785148,1.07664400129376,41,"Nnmt,Gpr37,Sult1a1,Moxd1,Hdc,Dao,Smox,Dbh,Moxd2,Kl"
GOBP_REGULATION_OF_CELLULAR_RESPONSE_TO_HEAT,0.354491017964072,0.530994050350619,0.0704500850658419,0.469834391132992,1.08931199533905,17,"Cd34,Mapt"
GOBP_CELLULAR_RESPONSE_TO_CARBOHYDRATE_STIMULUS,0.35506519558676,0.531437320388114,0.0617054053637523,0.355276857879143,1.06858747945699,134,"Serpinf1,Adra2a,Gjb6,Cltrn,Calcrl,Aqp4,Icam1,Ager,Gpld1,Adcy5"
GOBP_REGULATION_OF_POSTSYNAPSE_ORGANIZATION,0.355102040816327,0.531437320388114,0.0625237414724762,0.370577829225127,1.07945781969763,82,"Lrrc4b,Srgn,Dnm3,Ntrk3,Ptprd,Srcin1,Cux2,Grid2,Kif1a,Il1rap"
GOBP_DETECTION_OF_TEMPERATURE_STIMULUS_INVOLVED_IN_SENSORY_PERCEPTION,0.355342136854742,0.531638369633568,0.0704500850658419,0.46786461832328,1.1001063606121,19,"Cxcl12,Htr2a,Adora1,Ephb1"
GOBP_POSITIVE_REGULATION_OF_CELL_MORPHOGENESIS_INVOLVED_IN_DIFFERENTIATION,0.355532786885246,0.531765343550173,0.0626618230932492,0.372400412468408,1.08214361186705,78,"Lims2,Mpl,Myoc,Ptprd,Dab2,Mdk,Cux2"
GOBP_RESPONSE_TO_ALKALOID,0.355691056910569,0.531843826023031,0.062249042949858,0.361301359002717,1.06362927331057,95,"Fosb,Slc6a1,Gstm7,Adora2a,Tgm2,Htr2a,Casq2,Htr1b,Pea15a,Rgs4"
GOBP_LUNG_CELL_DIFFERENTIATION,0.356228172293364,0.532330268168473,0.0687943095604775,0.447990700980983,1.10188256019066,23,"Hoxa5,Klf2,Gata6,Foxa1,Grhl2,Foxj1"
GOBP_PINOCYTOSIS,0.356228172293364,0.532330268168473,0.0687943095604775,0.447369990302488,1.10035585378792,23,"Dock2,Ehd4,Stx1b,Cav1,Axl,Snx33,Dnm2"
GOBP_CELL_DIFFERENTIATION_INVOLVED_IN_EMBRYONIC_PLACENTA_DEVELOPMENT,0.357142857142857,0.532695177626873,0.0673623868166279,0.432057288576996,1.09300382409323,26,"Socs3,Gjb5,Krt19,Snai1,Mdfi,Grhl2,Gcm1,Plg"
GOBP_ER_ASSOCIATED_MISFOLDED_PROTEIN_CATABOLIC_PROCESS,0.357142857142857,0.532695177626873,0.166933848713193,-0.385658631604578,-1.06535285403649,12,"Rnf185,Aup1,Bag6,Tor1a,Sdf2l1,Vcp,Ufd1,Uggt1,Uggt2,Rnf5"
GOBP_INSULIN_LIKE_GROWTH_FACTOR_RECEPTOR_SIGNALING_PATHWAY,0.356828193832599,0.532695177626873,0.065981614400873,0.411198276055998,1.07982142671985,35,"Igfbp6,Ghrh,Bmp5,Nkx3-1,Igfbp1,Cdh3,Pik3r1,Igfbp5,Ghrhr,Igf1"
GOBP_NEGATIVE_REGULATION_OF_TYROSINE_PHOSPHORYLATION_OF_STAT_PROTEIN,0.357320099255583,0.532695177626873,0.0718276293603809,0.502961894298462,1.09218953241464,12,"Socs3,Cav1,Parp14,Sh2b3"
GOBP_POSITIVE_REGULATION_OF_OSSIFICATION,0.356842105263158,0.532695177626873,0.0637845390312975,0.391974685526533,1.08551809934285,51,"Wnt4,Isg15,Zbtb16,Tgfb1,Ccn1,Gpm6b,Tmem119,Kl,Wnt5a,Alox5"
GOBP_PROTEIN_HOMOOLIGOMERIZATION,0.356643356643357,0.532695177626873,0.0613026075396207,0.347570282685709,1.05766038964267,185,"Kcna5,Aldh1a2,Pkd2l1,Kcna6,Kcna1,Rnf112,Aqp4,Gbp5,Kcns3,Scara5"
GOBP_SUBSTRATE_INDEPENDENT_TELENCEPHALIC_TANGENTIAL_MIGRATION,0.357320099255583,0.532695177626873,0.0718276293603809,0.502556937758637,1.09131016302524,12,"Cntn2,Nrg1,Lhx6,Slit3"
GOBP_VESICLE_TARGETING_ROUGH_ER_TO_CIS_GOLGI,0.356971153846154,0.532695177626873,0.0702812841717392,0.485898423111294,1.10398812601862,15,Mapk15
GOBP_REGULATION_OF_PROTEIN_NEDDYLATION,0.357682619647355,0.533077536011638,0.0725351864394589,0.527963863192897,1.10645821143719,10,Epas1
GOBP_BIOLOGICAL_PHASE,0.35785536159601,0.533176912490558,0.072003313661988,0.51288877606272,1.09865249402272,11,"Msx2,Sycp2l,Cdh3,Sycp2,Wnt5a"
GOBP_RESPONSE_TO_GROWTH_HORMONE,0.358093126385809,0.533373080397471,0.066132620475844,0.416871044670172,1.0828610451841,32,"Hmgcs2,Jak3,Myc,Pik3r1,Igfbp5,Lyn,Phex,Leprot,Trim16,Stat3"
GOBP_FLUID_TRANSPORT,0.358974358974359,0.534140739326844,0.0662842187012672,0.422216682201899,1.08610273675944,30,"Edn1,Slc14a1,Aqp4,Cftr"
GOBP_PORPHYRIN_CONTAINING_COMPOUND_METABOLIC_PROCESS,0.359110169491525,0.534140739326844,0.0637845390312975,0.393499145476072,1.08238108192868,48,"Slco2b1,Slc6a9,Spta1,Hpx,Tmem14a,Cpox,Slc25a38,Gm10768,Cyp1a2,Bdh2"
GOBP_PURINE_CONTAINING_COMPOUND_TRANSMEMBRANE_TRANSPORT,0.358857142857143,0.534140739326844,0.0675188953767744,0.433942741771218,1.08595121918257,25,"Slc22a3,Slc17a9,Lrrc8e,Aqp9,Slc28a3,Slc28a1,Slc22a2,Lrrc8c,Lrrc8d,Slc25a42"
GOBP_REGULATION_OF_MITOCHONDRIAL_OUTER_MEMBRANE_PERMEABILIZATION_INVOLVED_IN_APOPTOTIC_SIGNALING_PATHWAY,0.35909631391201,0.534140739326844,0.0694481442003175,0.462152796862794,1.09564863698385,20,"Hspa1a,Gzmb,Mpv17l,Tmem14a,Hip1r"
GOBP_SOMATIC_STEM_CELL_POPULATION_MAINTENANCE,0.359139784946237,0.534140739326844,0.0645031249656493,0.400046237166135,1.07807348205848,42,"Lbh,Gata2,Ldb2,Trp63,Nog,Myc,Wnt9b,Wnt7a,Hes1,Pou5f1"
GOBP_PROTEIN_MONO_ADP_RIBOSYLATION,0.360349127182045,0.535780852512316,0.0716527366829457,0.512537663804694,1.09790038094097,11,"Parp8,Parp12,Parp9,Parp3,Parp14,Parp4"
GOBP_ESTABLISHMENT_OF_EPITHELIAL_CELL_APICAL_BASAL_POLARITY,0.360479041916168,0.535802598967689,0.0696133438850965,0.464332196862977,1.08721924564945,18,"Foxf1,Lama1,Wnt5a,Rap2a,Msn,Ophn1,Tcf15"
GOBP_PHOSPHATIDYLGLYCEROL_BIOSYNTHETIC_PROCESS,0.360576923076923,0.535802598967689,0.160801401070022,-0.388098948188547,-1.02707863978308,10,"Tamm41,Crls1,Gpam,Pgs1,Ptpmt1,Tafazzin,Pla2g6,Slc27a1,Plscr3,Cds2"
GOBP_RESPONSE_TO_EPINEPHRINE,0.360774818401937,0.535938242348268,0.070113215764256,0.487327999807724,1.09279001403442,14,"Kcnq1,Pde4b,Rnls,Atp2b4,Sirt2,Snca"
GOBP_REGULATION_OF_HAIR_FOLLICLE_DEVELOPMENT,0.36094674556213,0.536035240750614,0.179782316298324,-0.326759365079603,-1.05230575593254,19,"Hpse,Fermt1,Gal"
GOBP_PHOSPHATIDYLINOSITOL_DEPHOSPHORYLATION,0.361204013377926,0.536144288410338,0.065981614400873,0.421697636419721,1.08476755255594,30,"Inpp5j,Synj2,Inpp5d,Inpp4b,Chrm5,Mtmr10,Mtm1,Mtmr11,Mtmr6,Inpp5a"
GOBP_REGULATION_OF_INTRACELLULAR_ESTROGEN_RECEPTOR_SIGNALING_PATHWAY,0.361233480176211,0.536144288410338,0.0653834195468773,0.41021493276167,1.07723913194659,35,"Srarp,Lbh,Pak1,Zfp366,Trp63,Foxa1,Foxh1"
GOBP_RESPONSE_TO_SALT,0.361344537815126,0.53615082396595,0.0696133438850965,0.465353976247229,1.09420300051835,19,"Edn1,Dab2,Zc3h12a,Slc26a5,Rnls,Phex"
GOBP_SMOOTH_MUSCLE_CELL_APOPTOTIC_PROCESS,0.361726954492415,0.536478542659405,0.0681513438679483,0.447348675378095,1.08960490500187,22,"Edn1,Gria4,Il12b,Apoh"
GOBP_TROPHOBLAST_GIANT_CELL_DIFFERENTIATION,0.361778846153846,0.536478542659405,0.0696133438850965,0.4845477730303,1.10091937423655,15,"Socs3,Gjb5,Snai1,Mdfi"
GOBP_PROTEIN_LIPID_COMPLEX_ASSEMBLY,0.3625,0.537389413152462,0.0667426134241917,0.429260495765602,1.0919401043428,27,"Lcat,Apoc1,Prkacb,Acsl3,Mfsd2a,Apob,Apoe,Bin1"
GOBP_REGULATION_OF_SPINDLE_ORGANIZATION,0.363369241410733,0.538519214791202,0.203508959461977,-0.273013559912131,-1.0531414839077,43,"Plk1,Kif15,Tpx2,Tacc3,Bora,Psrc1,Spag5,Nup62,Ccsap,Map9"
GOBP_EXPLORATION_BEHAVIOR,0.363636363636364,0.538597525044196,0.0665892104103933,0.428263887032372,1.08940496063662,27,"Agtr2,Chl1,Tnr,Dpp4,Htr1a,Gad1,Slc4a10,Lrrk2,Abat,Atp1a2"
GOBP_REGULATION_OF_ANTIMICROBIAL_HUMORAL_RESPONSE,0.363636363636364,0.538597525044196,0.195789002148949,-0.307789396397664,-1.04613455013498,23,"Pgc,Klk1b3,Klk1,Klk1b16,Klk1b4"
GOBP_COPPER_ION_TRANSPORT,0.364734299516908,0.539790984747161,0.0694481442003175,0.47723223769702,1.0938865452342,16,"Cp,Heph"
GOBP_NEGATIVE_REGULATION_OF_POSTTRANSCRIPTIONAL_GENE_SILENCING,0.364734299516908,0.539790984747161,0.0694481442003175,0.477401828041021,1.09427527126914,16,"Tgfb1,Zc3h12a,Esr1,Tnf,Pou5f1"
GOBP_PROTEIN_TRANSPORT_ALONG_MICROTUBULE,0.364764267990074,0.539790984747161,0.0707899094502623,0.500000029385255,1.0857577969466,12,"Map1a,Dlg2,Clip3,Rab27b,Hspb1"
GOBP_ACETYL_COA_BIOSYNTHETIC_PROCESS_FROM_PYRUVATE,0.365,0.539822006472492,0.163180127180689,-0.381840681220436,-1.03882459397075,11,"Dlat,Dld,Pdha1,Pdhb,Pdhx,Pdk1"
GOBP_MIRNA_CATABOLIC_PROCESS,0.365,0.539822006472492,0.163180127180689,-0.382310224220262,-1.04010201892868,11,"Lin28b,Lin28a,Pnpt1,Tut4,Snd1,Tent4b"
GOBP_INTERLEUKIN_6_MEDIATED_SIGNALING_PATHWAY,0.365269461077844,0.540061641423036,0.0689567351672811,0.463418010237131,1.08507870639663,18,"Il6,Il6ra,Il6st,Src,Stat3,Spi1,Gfi1,Jak2,Ctr9,St18"
GOBP_REGULATION_OF_CELL_MORPHOGENESIS_INVOLVED_IN_DIFFERENTIATION,0.365482233502538,0.540217344256765,0.0609039347452418,0.361558695387068,1.06239006134811,94,"Lims2,Mpl,Cntn2,Myoc,Spry4,Ptprd,Dab2,Mdk,Cux2"
GOBP_AXIS_ELONGATION,0.365909090909091,0.540530414340288,0.0662842187012672,0.427222725150138,1.08675648395279,27,"Fgf1,Esr1,Shh,Six1,Wnt5a,Nkd1,Fgfr2,Spry2"
GOBP_POSITIVE_REGULATION_OF_MUSCLE_HYPERTROPHY,0.365909090909091,0.540530414340288,0.0662842187012672,0.42692902473767,1.08600937756355,27,"Edn1,Agt,Il6st,Akap6,Pde5a,Igf1,Trpc3"
GOBP_CARDIAC_RIGHT_VENTRICLE_MORPHOGENESIS,0.366459627329193,0.541184649407712,0.183023938384487,-0.31781091986521,-1.04555220742489,20,"Hand2,Isl1"
GOBP_MYOBLAST_PROLIFERATION,0.367149758454106,0.542044591996709,0.069119845655101,0.476211290520268,1.09154638400487,16,"Kcna5,Gata6"
GOBP_GLANDULAR_EPITHELIAL_CELL_DEVELOPMENT,0.368181818181818,0.543408690546095,0.065981614400873,0.426372696968442,1.08459420750161,27,"Nkx6-1,Nkx2-2,Bmp5,Rarg"
GOBP_BRANCHED_CHAIN_AMINO_ACID_CATABOLIC_PROCESS,0.368421052631579,0.543602181267669,0.188204146308491,-0.31741155207264,-1.06829582104263,21,"Hmgcll1,Bckdk,Dld,Acat1,Bckdhb"
GOBP_ENDOTHELIAL_CELL_ACTIVATION,0.369017632241814,0.544162991281783,0.0709609456938284,0.524771935010096,1.0997688612858,10,"Cxcl10,Hoxa9,Bmper,P2rx4"
GOBP_REGULATION_OF_B_CELL_ACTIVATION,0.369,0.544162991281783,0.0597317976364411,0.343210619962666,1.0525249633365,223,"Tnfrsf13c,Mndal,Il6,Cd40,Cd38,Inhba,Bst1,Themis2,Ifi204,Tlr4"
GOBP_ENDOPLASMIC_RETICULUM_CALCIUM_ION_HOMEOSTASIS,0.370285714285714,0.545609525424423,0.065981614400873,0.430276278681157,1.07677581496567,25,"Tgm2,Pacs2,Atp2a1,Rap1gds1,Wfs1,Tmbim6,App,Fis1,Bcl2,Kctd17"
GOBP_NEGATIVE_REGULATION_OF_RESPONSE_TO_REACTIVE_OXYGEN_SPECIES,0.370192307692308,0.545609525424423,0.0684714904492088,0.481677987514185,1.09439906261726,15,"Gpr37,Pde8a,Pink1,Il10,Lrrk2,Gpr37l1"
GOBP_REGULATION_OF_PROTEIN_CATABOLIC_PROCESS_IN_THE_VACUOLE,0.370324189526185,0.545609525424423,0.0702812841717392,0.509834143601871,1.09210920485738,11,"Mgat3,Ldlr,Marchf2,Lrp1,Cd81"
GOBP_DNA_DAMAGE_RESPONSE_SIGNAL_TRANSDUCTION_BY_P53_CLASS_MEDIATOR,0.370636550308008,0.545810781910606,0.0607719451853533,0.37085092406305,1.07090689006793,74,"Sp100,Snai2,Mndal,Twist1,Batf,Acer2,Hic1,Snai1,Ndrg1,Myo6"
GOBP_POSITIVE_REGULATION_OF_DNA_DAMAGE_RESPONSE_SIGNAL_TRANSDUCTION_BY_P53_CLASS_MEDIATOR,0.370772946859903,0.545810781910606,0.0686325631836726,0.475726057364044,1.09043415817651,16,"Mndal,Hic1"
GOBP_REGULATION_OF_SPINDLE_ASSEMBLY,0.370786516853933,0.545810781910606,0.0650877566917313,0.423385767544046,1.08483480795112,29,"Hspa1a,Hspa1b,Mapk15"
GOBP_ADHERENS_JUNCTION_ASSEMBLY,0.370967741935484,0.545917692830702,0.0699458736501659,0.498231057661448,1.08191644748896,12,"Smad7,Ramp2,Jam3"
GOBP_LOW_DENSITY_LIPOPROTEIN_PARTICLE_CLEARANCE,0.371681415929204,0.546328209905294,0.219250346703755,-0.294307654673234,-1.04261901576334,28,"Fgf21,Pcsk9,Abcc8,Adipoq,Hmox1"
GOBP_PYRIMIDINE_RIBONUCLEOTIDE_METABOLIC_PROCESS,0.371681415929204,0.546328209905294,0.219250346703755,-0.294886949196925,-1.04467123383018,28,"Upb1,Umps,Cad,Nme7,Nme4,Uck2,Ak5,Ctps2,Nme1,Nme2"
GOBP_REGULATION_OF_AMPA_RECEPTOR_ACTIVITY,0.371428571428571,0.546328209905294,0.0658311958368866,0.429571946944687,1.0750132093629,25,"Cacng8,Shisa6,Cacng7,Nlgn3,Arc,Shisa9,Cacng4,Mink1,Nlgn1,Shisa8"
GOBP_REGULATION_OF_CELL_CELL_ADHESION_MEDIATED_BY_INTEGRIN,0.371571072319202,0.546328209905294,0.070113215764256,0.509528463568822,1.09145441156426,11,"Fermt3,Cd3e,Ccl5,Dpp4,Skap1"
GOBP_SEGMENTATION,0.371951219512195,0.546564975296055,0.0601186142531851,0.359100610702607,1.05950955703409,99,"Foxf1,Hoxd8,Aldh1a2,Tbx3,Dkk1,Foxb1,Hoxa2,Foxc2,Pcsk6,Foxc1"
GOBP_NEGATIVE_REGULATION_OF_RECEPTOR_SIGNALING_PATHWAY_VIA_JAK_STAT,0.372228704784131,0.546812886893578,0.0667426134241917,0.445306106040781,1.08462982920252,22,"Socs3,Gbp7,Ptprd,Bcl3,Cav1,Leprot,Parp14"
GOBP_PYRIMIDINE_CONTAINING_COMPOUND_TRANSMEMBRANE_TRANSPORT,0.372596153846154,0.547192773994921,0.0681513438679483,0.481306467402759,1.09355494834958,15,"Slc19a3,Aqp9,Slc28a3,Slc28a1,Slc22a2"
GOBP_CALCIUM_ION_TRANSMEMBRANE_TRANSPORT_VIA_HIGH_VOLTAGE_GATED_CALCIUM_CHANNEL,0.372881355932203,0.547291847086478,0.0684714904492088,0.483051251217756,1.0831997829098,14,"Nppa,Cacng1,Cacnb1,Cacnb3,Bin1"
GOBP_CONNECTIVE_TISSUE_REPLACEMENT,0.3727959697733,0.547291847086478,0.0704500850658419,0.523560952892436,1.09723099609956,10,"Il1a,Tgfb1"
GOBP_POSITIVE_REGULATION_OF_FILOPODIUM_ASSEMBLY,0.373033707865169,0.547355647822009,0.0647943366000727,0.421901914915518,1.08103275529679,29,"Ccl21a,Dnm3,Pik3r1,Ccr7,Bcas3,Nrp1,Fscn1,Nlgn1,Ripor2,Arap1"
GOBP_REGULATION_OF_RESPONSE_TO_FOOD,0.373563218390805,0.547972657966319,0.173747838999571,-0.362623768552279,-1.06115128950904,16,"Cartpt,Lep,Oprm1"
GOBP_PROTEIN_INSERTION_INTO_MEMBRANE,0.374213836477987,0.54876690664377,0.0613026075396207,0.382258735126671,1.07486955624928,59,"Mal,Rtp4,Rtp3"
GOBP_SENSORY_ORGAN_MORPHOGENESIS,0.374625374625375,0.549210194879486,0.0589694466690997,0.33595565008323,1.03815069413362,264,"Edn1,Mfap5,Epha2,Gjb6,Pls1,Tbx3,Foxl2,Twist1,Col8a2,Kcnq1"
GOBP_CALCIUM_ION_IMPORT_INTO_CYTOSOL,0.374854481955763,0.549385854458198,0.0662842187012672,0.44011542327254,1.08251244571152,23,"Slc24a2,Trpv2,Atp2b4,Prnp,Trpv3,P2rx1,Fyn,Slc8a1,Calcr,Trpv1"
GOBP_GTP_BIOSYNTHETIC_PROCESS,0.375,0.549438939084815,0.157402899305283,-0.385068068221207,-1.01905761295801,10,"Nme7,Nme4,Impdh2,Nme1,Impdh1,Nme2,Nme6"
GOBP_IRON_ION_TRANSMEMBRANE_TRANSPORT,0.375294117647059,0.549709653092006,0.0667426134241917,0.448372448492765,1.07547552343566,21,"Scara5,Slc6a9,Slc39a8,Hfe,Slc40a1,Abcc5,Ttyh1,Slc11a1"
GOBP_MEMBRANE_REPOLARIZATION_DURING_VENTRICULAR_CARDIAC_MUSCLE_CELL_ACTION_POTENTIAL,0.375930521091811,0.550481424272804,0.0692836467392548,0.496444054747957,1.07803594302404,12,"Kcnj8,Kcnq1,Kcne4"
GOBP_MEGAKARYOCYTE_DEVELOPMENT,0.377245508982036,0.552246119293155,0.0673623868166279,0.462793235919763,1.07298706259771,17,"Fli1,Pip4k2a,Tal1,Mpig6b"
GOBP_VERY_LONG_CHAIN_FATTY_ACID_METABOLIC_PROCESS,0.377607025246981,0.552614415113996,0.0630790410571939,0.405950425950015,1.06955177397635,36,"Tecrl,Cyp4f14,Elovl7,Hacd4,Cyp4f15,Elovl1,Slc27a6,Elovl5,Slc27a4,Abcd1"
GOBP_LONG_CHAIN_FATTY_ACID_TRANSPORT,0.377985462097612,0.552867617107943,0.0603786357920401,0.375008406340266,1.06651207175158,65,"Pla2g3,Pla2g2d,Thbs1,Fabp4,Pla2g2f,Pla2g2c,Pla2g2a,Pla2g4a,Oc90,Pla2g4f"
GOBP_POSITIVE_REGULATION_OF_CELL_GROWTH,0.378,0.552867617107943,0.0585937568945671,0.347239470450303,1.0539043702092,161,"Edn1,Wnt3,Lpar3,S100a8,Cxcl12,Sema4d,Cd38,Sema7a,S100a9,Rasal1"
GOBP_REGULATION_OF_GLUCOSE_IMPORT,0.378601203883043,0.553529080277088,0.203508959461977,-0.256740417222331,-1.08636349978435,55,"Fgf21,Fgf15,Lep,Opn3,Irs1,Hk2,Gpc3,Adipoq,Tert,C1qtnf12"
GOBP_RESPONSE_TO_TUMOR_CELL,0.37867247007617,0.553529080277088,0.0625237414724762,0.400375381239627,1.06520299411531,39,"Ceacam1,Mill2,Klf4,Havcr2,Il12b,Abi3,Adam15,Mr1,Cd226,Nkg7"
GOBP_EPITHELIAL_FLUID_TRANSPORT,0.379093198992443,0.553661101491869,0.0696133438850965,0.522173214536164,1.09432270140996,10,"Edn1,Cftr"
GOBP_REGULATION_OF_CELLULAR_RESPONSE_TO_OSMOTIC_STRESS,0.379052369077307,0.553661101491869,0.069119845655101,0.506336378508683,1.08461668694222,11,"Ptgs2,Efhd1,Arhgef2,Epo,Bdkrb2,Cln3,Micu1,Slc25a23"
GOBP_REGULATION_OF_MITOCHONDRIAL_FISSION,0.379041248606466,0.553661101491869,0.0636424081651019,0.417639381454777,1.07432816915473,30,"Dcn,Kdr,Mapt,Stat2,Inf2,Pink1,Lrrk2,Prkn"
GOBP_INTEGRATED_STRESS_RESPONSE_SIGNALING,0.379310344827586,0.553716957166142,0.190023305279108,-0.312811716373426,-1.05477357898071,22,"Agr2,Bok,Eif2s1,Ptpn2,Eif2ak4,Qrich1,Nfe2l2,Tmed2"
GOBP_NEGATIVE_REGULATION_OF_B_CELL_PROLIFERATION,0.379351740696279,0.553716957166142,0.0672065093710464,0.459246370378427,1.07984197427008,19,"Mndal,Ifi204,Inpp5d,Ctla4,Btk,Lyn,Fcgr2b,Il10,Tyrobp,Blk"
GOBP_COENZYME_A_BIOSYNTHETIC_PROCESS,0.38,0.554134591058585,0.159646701919906,-0.37025257635378,-1.00729833465621,11,"Dcakd,Acat1,Pank4,Slc25a16,Pank2"
GOBP_NEGATIVE_REGULATION_OF_ACTIN_FILAMENT_POLYMERIZATION,0.380208333333333,0.554134591058585,0.0602484086158019,0.3757330879037,1.06616928930935,64,"Gsn,Vil1,Kank4,Lmod1,Spta1,Pfn4,Capg,Ssh3,Kank1,Hip1r"
GOBP_POLYSACCHARIDE_BIOSYNTHETIC_PROCESS,0.380165289256198,0.554134591058585,0.0598603117764473,0.371977368742277,1.0681939560369,70,"B3gnt3,B3gnt6,B3gnt9,Csgalnact1,Tgfb1,Phkg1,Prkag3,Enpp1,Ap2a1,Pdgfb"
GOBP_POTASSIUM_ION_IMPORT_ACROSS_PLASMA_MEMBRANE,0.380296610169492,0.554134591058585,0.0610363728309177,0.388535996991048,1.06872916403063,48,"Kcnj8,Abcc9,Kcnj16,Kcnq1,Kcnj10,Hcn2,Kcnj15,Kcnj2,Slc12a4,Slc12a2"
GOBP_RIBONUCLEOSIDE_METABOLIC_PROCESS,0.379818594104308,0.554134591058585,0.0643583367917361,0.427298536975829,1.08096529625097,26,"Ptgdr,Xdh,Enpp4,Cda"
GOBP_TETRAPYRROLE_CATABOLIC_PROCESS,0.380299251870324,0.554134591058585,0.0689567351672811,0.505421768075943,1.08265751162023,11,"Slco2b1,Gm10768,Ugt1a5,Slco1b2"
GOBP_SYNAPSE_ASSEMBLY,0.380619380619381,0.554440343776768,0.0582216241124161,0.344630416353831,1.04750196431165,176,"Lrrn1,Lrrc4b,Dkk1,Sema4d,Dnm3,Gabra2,Sdk2,Pcdhb2,Pcdhb3,Ntrk3"
GOBP_PYRIMIDINE_RIBONUCLEOSIDE_TRIPHOSPHATE_BIOSYNTHETIC_PROCESS,0.380952380952381,0.554764663687028,0.16440575583821,-0.370978639380181,-1.0435341453134,13,"Cad,Nme7,Nme4,Uck2,Ctps2,Nme1,Nme2,Nme6"
GOBP_PEPTIDYL_CYSTEINE_MODIFICATION,0.381104033970276,0.55482478388896,0.0610363728309177,0.390499643935886,1.0681041599628,46,"S100a8,Map6d1,S100a9,Nos2,Clip3,Zdhhc11,Zdhhc9,Atp2b4,Zdhhc22,Zdhhc14"
GOBP_CEREBELLAR_CORTEX_FORMATION,0.381228273464658,0.554844971252703,0.0652353056017703,0.432084089294743,1.07078277256874,24,"Kndc1,Faim2,Grid2,Prox1,Wnt7a,Cdk5,A230056J06Rik,Ophn1,Cend1,Rora"
GOBP_POSITIVE_REGULATION_OF_SMOOTH_MUSCLE_CELL_DIFFERENTIATION,0.381612090680101,0.55524283063643,0.0692836467392548,0.521671037814748,1.09327028552369,10,"Eng,Shh,Gper1,Myocd"
GOBP_CATECHOLAMINE_UPTAKE,0.382035928143713,0.555537926172532,0.0667426134241917,0.459538140457842,1.07599411324725,18,"Mapk15,Slc22a3,Slc6a3,Slc22a2,Snca,Rab3b,Prkn,Gdnf"
GOBP_OSTEOCLAST_DEVELOPMENT,0.382035928143713,0.555537926172532,0.0667426134241917,0.459792326399365,1.07658928164062,18,"Slc9b2,Cldn18,Tnfsf11,Siglec15,Src,Tyrobp,Pirb,Fam20c,Atp6ap1,Foxp1"
GOBP_FIBROBLAST_MIGRATION,0.382165605095541,0.555565788552715,0.0609039347452418,0.390236367939921,1.06738404103087,46,"Prr5l,Tgfb1,Thbs1,Rffl,Gna12,Has1,Slc8a1,Ccn3,Arid5b,Fgf2"
GOBP_REGULATION_OF_PHOSPHOLIPASE_A2_ACTIVITY,0.38265306122449,0.556113598952157,0.160801401070022,-0.37686976358473,-1.04107426965802,12,"Agtr1a,Nmur2,Pla2g1b,Plaa,Egfr"
GOBP_REGULATION_OF_MITOCHONDRIAL_MEMBRANE_POTENTIAL,0.383264462809917,0.556841171833947,0.059476028695732,0.372595485000226,1.06299377259283,66,"Dcn,Adora2a,Myoc,Kdr,Stox1,Bcl2l1,Mapt,Pip5kl1,Myc,Tcl1"
GOBP_REGULATION_OF_KERATINOCYTE_MIGRATION,0.383777239709443,0.55742507483946,0.0670512579829467,0.47912019848064,1.07438474421418,14,"Fgf7,Eppk1,Iqsec1,Mmp9,Mapre2,Epb41l4b,Hbegf"
GOBP_RESPONSE_TO_LITHIUM_ION,0.38389731621937,0.5574384195941,0.0652353056017703,0.44167536552509,1.07578645290026,22,"Slc13a5,Ptgs2,Fabp4,Shh,Nfatc4,Ptk2b"
GOBP_NEGATIVE_REGULATION_OF_NEURON_MIGRATION,0.384039900249377,0.557455672160139,0.0684714904492088,0.504155562759485,1.07994518939015,11,"Col3a1,Nrg1,Adgrg1,Cx3cl1,Stat3"
GOBP_NEGATIVE_REGULATION_OF_TRIGLYCERIDE_METABOLIC_PROCESS,0.384130982367758,0.557455672160139,0.0689567351672811,0.520108142510523,1.08999491297732,10,"Gpld1,Plin5,Sik1,Apoe,Lpin1,Apoc3,Apobec1"
GOBP_NEGATIVE_REGULATION_OF_SINGLE_STRANDED_VIRAL_RNA_REPLICATION_VIA_DOUBLE_STRANDED_DNA_INTERMEDIATE,0.384615384615385,0.557801128622983,0.155241966228839,-0.383716400467472,-1.01548051210674,10,"Trim28,Setdb1,Mphosph8,Resf1,Aicda,Hmga2,Morc2a,Tasor,Apobec3,Inpp5k"
GOBP_PEPTIDYL_ARGININE_MODIFICATION,0.384701912260967,0.557801128622983,0.0633597010643758,0.41923952266044,1.07532910692649,28,"Art3,Padi1,Nr1h4,Art4,Prmt2,Art5,Art1,Padi2,Prdm14"
GOBP_REGULATION_OF_TRANSLATIONAL_INITIATION_BY_EIF2_ALPHA_PHOSPHORYLATION,0.384615384615385,0.557801128622983,0.155241966228839,-0.382937280872614,-1.01341862274205,10,"Npm1,Eif2ak4,Tmed2,Eif2ak1,Nck1,Eif2ak3,Ppp1r15b,Nck2,Dnajc3,Eif2ak2"
GOBP_POLYOL_BIOSYNTHETIC_PROCESS,0.385579937304075,0.558913017539673,0.0597317976364411,0.377893086466157,1.06612796384682,60,"Sptlc3,Hrh1,Asah2,Acer2,Cyp27a1,Lhcgr,Gper1,Ptk2b,Plek,Abca2"
GOBP_GPI_ANCHOR_METABOLIC_PROCESS,0.385809312638581,0.559084293639131,0.0625237414724762,0.408422535246877,1.0609152615627,32,"Pigz,Gpld1"
GOBP_ANDROGEN_RECEPTOR_SIGNALING_PATHWAY,0.386096256684492,0.559338870995084,0.0607719451853533,0.391787724394462,1.06331238554422,44,"Nodal,Dab2,Tcf21,Nkx3-1,Heyl,Prmt2,Foxh1"
GOBP_REGULATION_OF_SYNAPSE_MATURATION,0.386363636363636,0.559564966868338,0.169570644405628,-0.371671319104782,-1.06100102335008,14,"Neurod2,Cdc20,Camk2b,Neurl1a"
GOBP_BONE_CELL_DEVELOPMENT,0.386563876651982,0.559693723482003,0.0621124188949471,0.404158978692833,1.06133597927415,35,"Fli1,Pip4k2a,Slc9b2,Tal1,Cldn18,Tnfsf11,Mpig6b,Siglec15,Src,Tyrobp"
GOBP_NEGATIVE_REGULATION_OF_VIRAL_TRANSCRIPTION,0.387019230769231,0.560030418271999,0.0662842187012672,0.475196223073171,1.07967213485176,15,"Zfp36,Trim21,Trim13,Trim14"
GOBP_REGULATION_OF_GENE_EXPRESSION_BY_GENOMIC_IMPRINTING,0.387019230769231,0.560030418271999,0.0662842187012672,0.475923709700164,1.08132502475598,15,"Zfp57,Kcnq1,Ctcfl"
GOBP_POSITIVE_REGULATION_OF_CANONICAL_WNT_SIGNALING_PATHWAY,0.38719512195122,0.560123705913318,0.0582216241124161,0.357269730187781,1.05573367717353,102,"Daam2,Col1a1,Dkk2,Gpc5,Jup,Hhex,Gprc5b,Sema5a,Tgfb1,Reck"
GOBP_HIGH_DENSITY_LIPOPROTEIN_PARTICLE_ASSEMBLY,0.387453874538745,0.560336774253818,0.0673623868166279,0.486277659092542,1.07172745327424,13,Lcat
GOBP_REGULATION_OF_EXTRACELLULAR_MATRIX_CONSTITUENT_SECRETION,0.387909319899244,0.560834095810613,0.0684714904492088,0.517806588928058,1.0851715282006,10,"Agt,Tnfrsf1b,Rgcc,Tnfrsf1a,Bmp2,Notch1,Adtrp"
GOBP_LATE_ENDOSOME_TO_LYSOSOME_TRANSPORT,0.388023952095808,0.560838529955615,0.065981614400873,0.458103194508166,1.07263423240441,18,"Lrrk2,Chmp2b,Chmp7,Chmp4b,Snapin,Plekhm1,C9orf72,Chmp3,Chmp1b,Chmp5"
GOBP_BIOLOGICAL_PROCESS_INVOLVED_IN_INTERACTION_WITH_SYMBIONT,0.389452332657201,0.562161718878137,0.0578529757032509,0.355569653465115,1.04929197316978,96,"Cxcl5,Ccl3,Jun,Ifi27,Fn1,Ccl4,Zc3h12a,Pou2f3,Ccl5,Cav2"
GOBP_NUCLEAR_MEMBRANE_ORGANIZATION,0.38961038961039,0.562161718878137,0.261663521711573,-0.262842920988214,-1.00189885448463,41,"Plk1,Rcc1,Nek6,Reep4,Nemp1,Vrk1,Banf1,Prkcb,Tardbp,Ube2i"
GOBP_PROTEIN_MATURATION,0.38961038961039,0.562161718878137,0.0571258510018113,0.333285883538273,1.03281737846627,316,"Klk6,Ace2,Myrf,Gsn,Srgn,Adamts2,Casp4,Cpm,Cntn2,Clec3b"
GOBP_REGULATION_OF_CELLULAR_AMINO_ACID_METABOLIC_PROCESS,0.389578163771712,0.562161718878137,0.0675188953767744,0.494147422700375,1.07304877101238,12,"Atcay,Nr1h4,Atp2b4,Slc7a7,Bhmt,Acmsd"
GOBP_THALAMUS_DEVELOPMENT,0.389578163771712,0.562161718878137,0.0675188953767744,0.494501463899776,1.07381757695257,12,"Foxb1,Shh,Gbx2,Olig2,Ptchd1"
GOBP_ZINC_ION_TRANSPORT,0.389201349831271,0.562161718878137,0.0628003977812234,0.417901289504245,1.07189660357953,28,"Slc39a12,Slc39a8,Tmem163,Slc1a1,Slc30a8,Slc30a3,Slc30a1,Mt3,Slc39a3,Slc39a11"
GOBP_NEGATIVE_REGULATION_OF_GTPASE_ACTIVITY,0.39,0.562562410329986,0.0621124188949471,0.409397005608973,1.06345532575773,33,"Plxnb3,F11r,Cpeb2,Ficd,Spry2,Bcas3,Lrrk2,Lrch1,Usp17le,Arl2"
GOBP_CELLULAR_COMPONENT_MAINTENANCE,0.390895647918018,0.563692605302316,0.203508959461977,-0.243813661533095,-1.07562603723544,64,"Cbln4,Cldn3,Erc2,Bsn,Itpka,Dlg4,F2r,Chchd10,F2rl1,Ctbp2"
GOBP_CELL_DEATH_IN_RESPONSE_TO_HYDROGEN_PEROXIDE,0.391156462585034,0.563809398488039,0.0629394692018967,0.423125304363451,1.07040799441912,26,"Gpr37,Rnf112,Pde8a,Pink1,Il10,Lrrk2,Gpr37l1,Stk26"
GOBP_CELL_PROLIFERATION_INVOLVED_IN_HEART_MORPHOGENESIS,0.391200951248514,0.563809398488039,0.0652353056017703,0.454381244128605,1.07722423012477,20,"Eng,Tbx3,Tbx5,Six1,Tgfbr2"
GOBP_POSITIVE_REGULATION_OF_ENDOPLASMIC_RETICULUM_UNFOLDED_PROTEIN_RESPONSE,0.391534391534392,0.564128227642128,0.161978948883402,-0.366560184389488,-1.03110537405039,13,"Agr2,Bok"
GOBP_SODIUM_ION_TRANSMEMBRANE_TRANSPORT,0.392,0.564637249283668,0.0568864160475701,0.344250101228857,1.04563036068043,170,"Slc34a3,Pkd2l1,Slc6a20a,Slc6a1,Kcnq1,Slc9a2,Hcn2,Fxyd5,Slc6a9,Slc6a12"
GOBP_POSITIVE_REGULATION_OF_MIRNA_TRANSCRIPTION,0.392553191489362,0.565272097856494,0.0597317976364411,0.389905936738765,1.06372447080859,45,"Klf4,Fos,Jun,Gata2,Apln,Tgfb1,Egr1,Myc,Ets1,Pdgfb"
GOBP_NEGATIVE_REGULATION_OF_MESENCHYMAL_CELL_APOPTOTIC_PROCESS,0.394206549118388,0.566954887218045,0.0676760401641789,0.515397491736641,1.08012276339789,10,"Shh,Gdf5,Hnf1b,Pax2"
GOBP_OVULATION_FROM_OVARIAN_FOLLICLE,0.394206549118388,0.566954887218045,0.0676760401641789,0.51548231580191,1.08030052988929,10,"Nos3,Pgr,Mmp19,Adamts1"
GOBP_POSITIVE_REGULATION_OF_EXCITATORY_POSTSYNAPTIC_POTENTIAL,0.394285714285714,0.566954887218045,0.0629394692018967,0.423834845682474,1.06065598775149,25,"Prkcz,Cux2,Rgs4,Nlgn3,Ptk2b,Stx1b,Wnt7a,Igsf11,Nlgn1"
GOBP_REGULATION_OF_GLUCAGON_SECRETION,0.394230769230769,0.566954887218045,0.153158808683073,-0.379957761007914,-1.00553351709019,10,"Cartpt,Lep,Pask"
GOBP_SYNAPTIC_VESICLE_RECYCLING,0.39422084623323,0.566954887218045,0.0580983576873206,0.368078826319077,1.05763099551893,71,"Sncg,Nostrin,Pld2,Dnm3,Synj2,Syt5,Btbd8,Sh3gl3,Nlgn3,Stx1b"
GOBP_REGULATION_OF_CATECHOLAMINE_METABOLIC_PROCESS,0.394957983193277,0.567759159711926,0.0652353056017703,0.453218774590822,1.06566907851039,19,"Gpr37,Htr1a,Slc6a3,Itgam,Prkn,Abat,Itgb2,Nr4a2"
GOBP_POST_ANAL_TAIL_MORPHOGENESIS,0.395209580838323,0.567958422777087,0.172324344900946,-0.349406380436416,-1.05524543952906,17,"Sp5,Ripply2,Sfrp2,Palb2"
GOBP_INHIBITORY_POSTSYNAPTIC_POTENTIAL,0.395432692307692,0.568116645964781,0.0652353056017703,0.474001422732786,1.07695748231121,15,"Adora2a,Nlgn3,Insyn1,Npas4,Abat,Ntsr1"
GOBP_GTP_METABOLIC_PROCESS,0.39568345323741,0.568314491264132,0.190023305279108,-0.304882132750812,-1.0301193543414,24,"Nme7,Nme4,Ak4,Impdh2,Ran,Nme1,Impdh1,Nme2,Nme6,Efl1"
GOBP_WOUND_HEALING_SPREADING_OF_EPIDERMAL_CELLS,0.396158463385354,0.568834217491624,0.0650877566917313,0.452982706418522,1.06511400320075,19,"Acvrl1,Msx2,Plet1,Itga5,Wnt7a,Phldb2,Col5a1,Clasp2,Mmp12,Hbegf"
GOBP_NONRIBOSOMAL_PEPTIDE_BIOSYNTHETIC_PROCESS,0.396407185628743,0.56886021574316,0.0649407684612899,0.458926444075322,1.0640218978096,17,"Ggt7,Slc1a1,Ggt5,Mgst2,Bdh2"
GOBP_POSITIVE_REGULATION_OF_GLYCOGEN_METABOLIC_PROCESS,0.396551724137931,0.56886021574316,0.16823816568964,-0.35706131400721,-1.04487379662185,16,"Gck,Irs1,Dyrk2,Ins2,Igf2,Akt1,Akt2,Ppp1r3g"
GOBP_POSITIVE_REGULATION_OF_P38MAPK_CASCADE,0.396629213483146,0.56886021574316,0.0618406035753285,0.415342844659587,1.06422655096284,29,"Ager,Xdh,Zc3h12a,Ncf1,Gadd45b,Gdf6,Sash1,Oprk1,Mink1,Sphk1"
GOBP_PYRIMIDINE_RIBONUCLEOSIDE_TRIPHOSPHATE_METABOLIC_PROCESS,0.396551724137931,0.56886021574316,0.16823816568964,-0.356665635350243,-1.04371591632419,16,"Cad,Nme7,Nme4,Uck2,Ctps2,Nme1,Nme2,Nme6"
GOBP_GABAERGIC_NEURON_DIFFERENTIATION,0.397293972939729,0.569651112940108,0.066132620475844,0.483545997034901,1.06570703023917,13,"Cntn2,Inhba,Gata2,Lhx6,Dlx2,Rac3"
GOBP_NEGATIVE_REGULATION_OF_ENDOCYTOSIS,0.397894736842105,0.570349826662465,0.0585937568945671,0.383429933607884,1.06275344702573,52,"Itgb3,Syt11,Pacsin3,Apoc1,Sh3gl3,Scamp5,Mctp1,Abca2,Stx1b,Cav1"
GOBP_MALE_MEIOSIS_I,0.398230088495575,0.570625406714212,0.211400189384923,-0.288408131682148,-1.02171927103442,28,"Trip13,Rad51c,Dnmt3l,Ccna1,Brca2,Dmrtc2,Meiob,Mybl1"
GOBP_OOCYTE_DIFFERENTIATION,0.398314014752371,0.570625406714212,0.0585937568945671,0.382325567539782,1.0646142734071,55,"Edn1,Wnt4,Foxl2,Ednra,Zp3,Nppc,Insl3,Bnc1,Sohlh2,Ptk2b"
GOBP_SOMITOGENESIS,0.398753894080997,0.571092827790647,0.0578529757032509,0.371478135225229,1.05647209212156,65,"Foxf1,Aldh1a2,Dkk1,Foxb1,Foxc2,Foxc1,Meox1,Nkx3-1,Lfng,Tbx18"
GOBP_NEGATIVE_REGULATION_OF_DEPHOSPHORYLATION,0.398936170212766,0.571191150002727,0.0589694466690997,0.388518417376414,1.05993910064522,45,"Ppp1r16b,Sema4d,Ppp1r36,Ppp1r15a,Ppp4r4"
GOBP_VITAMIN_D_RECEPTOR_SIGNALING_PATHWAY,0.400249376558604,0.572908205000029,0.066436413766281,0.500018438930645,1.07108310929644,11,"Snai2,Mn1,Cyp24a1,Vdr"
GOBP_AV_NODE_CELL_TO_BUNDLE_OF_HIS_CELL_SIGNALING,0.400503778337531,0.573109164162474,0.0668966276500666,0.513196256690459,1.07550961700294,10,"Gja5,Scn4b"
GOBP_POSITIVE_REGULATION_OF_T_HELPER_17_TYPE_IMMUNE_RESPONSE,0.400984009840098,0.573449064339334,0.0656813601934011,0.481402852275969,1.06098366482943,13,"Arid5a,Il12rb1,Nfkbiz,Il12b"
GOBP_RESPONSE_TO_INTERLEUKIN_6,0.401111111111111,0.573449064339334,0.0607719451853533,0.404750996847297,1.05532000632037,34,"Ptgis,Aqp4,Il6,Il6ra,Selplg,Il6st,Fgg,Pid1,Src,Stat3"
GOBP_SYNAPTIC_TRANSMISSION_DOPAMINERGIC,0.401136363636364,0.573449064339334,0.0618406035753285,0.415323596631283,1.05648783411281,27,"Adora2a,Ptgs2,Slc6a4,Slc6a3,Pink1,Snca,Rab3b,Prkn,Cdk5,Gdnf"
GOBP_TAIL_ANCHORED_MEMBRANE_PROTEIN_INSERTION_INTO_ER_MEMBRANE,0.401197604790419,0.573449064339334,0.170932335370056,-0.34776573724583,-1.05029051786278,17,"Get3,Get1,Emc6,Mmgt1,Emc8,Bag6,Emc4,Sgta,Emc3,Emc2"
GOBP_NEGATIVE_REGULATION_OF_CHOLESTEROL_STORAGE,0.40176322418136,0.574094294474047,0.0667426134241917,0.511890602052903,1.07277334583792,10,"Ces1d,Abcg1,Trem2,Nr1h3"
GOBP_NEGATIVE_REGULATION_OF_BEHAVIOR,0.401985111662531,0.574248126265287,0.065981614400873,0.489652950105893,1.06328895426072,12,"Adora1,Mc4r,Arrdc3"
GOBP_POSITIVE_REGULATION_OF_DNA_BINDING,0.40251572327044,0.574679506072282,0.0578529757032509,0.375163740237408,1.05491921029921,59,"Mndal,Twist1,Sox7,Klf4,Foxc1,Plaur,Tgfb1,Trim6,Pou4f2,Myc"
GOBP_REGULATION_OF_MUSCLE_CELL_DIFFERENTIATION,0.402414486921529,0.574679506072282,0.0559428593065705,0.348646696119489,1.04466077211128,128,"Edn1,Eng,Pi16,Dkk1,Hopx,Tcf23,Tgfb1,Rgs4,Hey2,Shh"
GOBP_EMBRYONIC_CAMERA_TYPE_EYE_DEVELOPMENT,0.402640264026403,0.574694096326157,0.0601186142531851,0.396964995148207,1.04732905502593,37,"Aldh1a2,Twist1,Tbx2,Rarg,Wnt5a,Prox1,Aldh1a3,Phactr4,Nes,Pax2"
GOBP_REGULATION_OF_MULTICELLULAR_ORGANISM_GROWTH,0.403125,0.575222644053364,0.0574877409561325,0.371509405366152,1.05418429050488,64,"Pls1,Npy1r,Ghrh,Csf1,Vil1,Nppc,Gpr21,Foxs1,Gdf5,Slc6a3"
GOBP_RENAL_VESICLE_DEVELOPMENT,0.403361344537815,0.57535095217202,0.0642140881844605,0.449818916226626,1.05767487321007,19,"Wnt4,Sox8,Wnt9b,Stat1,Osr1,Pax2,Gdnf"
GOBP_SPERM_EGG_RECOGNITION,0.403443824628282,0.57535095217202,0.203508959461977,-0.268471490465173,-1.04442347751112,44,"Izumo1,Fetub,Folr1,Pcsk4,Zpbp2,Ly6k,Tmprss12,Tcp1,Cct8,Cct4"
GOBP_POSITIVE_REGULATION_OF_TRANSCRIPTION_REGULATORY_REGION_DNA_BINDING,0.404403244495944,0.576555618287326,0.0623861492893626,0.427828063283764,1.06023556788087,24,"Twist1,Klf4,Foxc1,Tgfb1,Trim6,Pou4f2"
GOBP_NEGATIVE_REGULATION_OF_TRANSFORMING_GROWTH_FACTOR_BETA_RECEPTOR_SIGNALING_PATHWAY,0.405544147843943,0.578018267993053,0.0565299525056311,0.363788200016019,1.05268297336262,75,"Aspn,Cidea,Hspa1a,Tgfb1i1,Slc2a10,Smad7,Adamtsl2,Cav2,Ltbp1,Htra4"
GOBP_CRANIOFACIAL_SUTURE_MORPHOGENESIS,0.405988023952096,0.578208737449954,0.0637845390312975,0.457014901740672,1.05958998300296,17,"Msx2,Twist1,Fgf4,Frem1"
GOBP_EATING_BEHAVIOR,0.405875952121872,0.578208737449954,0.059221919380382,0.391763521856394,1.04229104990056,39,"Adora2a,Cntn2,Iapp,Gfral,Npy5r,Oprl1,Oxtr,Mc4r"
GOBP_FOREBRAIN_CELL_MIGRATION,0.406022845275182,0.578208737449954,0.0570059526582387,0.371003847686272,1.0503923437073,62,"Cxcl12,Foxb1,Cntn2,Rtn4,Tnr,Nrg1,Bmerb1,P2ry12,Lhx6,Slit3"
GOBP_HISTIDINE_METABOLIC_PROCESS,0.406483790523691,0.578701222022825,0.0656813601934011,0.497550461576024,1.06579648653846,11,"Hnmt,Carns1,Hdc"
GOBP_HYALURONAN_CATABOLIC_PROCESS,0.406801007556675,0.578824983013701,0.066132620475844,0.509232641775656,1.06720303661894,10,"Tgfb1,Fgf2,Cemip"
GOBP_NEGATIVE_REGULATION_OF_POTASSIUM_ION_TRANSPORT,0.406741573033708,0.578824983013701,0.060640400949416,0.412823955755135,1.05777244085715,29,"Nos3,Htr2a,Casq2,Kcne4,Rgs4"
GOBP_PERK_MEDIATED_UNFOLDED_PROTEIN_RESPONSE,0.407185628742515,0.579208306646469,0.169570644405628,-0.332427859181163,-1.03736360993974,18,"Agr2,Bok,Eif2s1,Ptpn2"
GOBP_CELLULAR_RESPONSE_TO_HYDROGEN_PEROXIDE,0.408163265306122,0.580106512494735,0.0559428593065705,0.359343969272227,1.04673465869013,82,"Edn1,Klf2,Gpr37,Rnf112,Il6,Pdgfd,Pde8a,Ripk3,Rhob,Cyp1b1"
GOBP_COLUMNAR_CUBOIDAL_EPITHELIAL_CELL_DIFFERENTIATION,0.408163265306122,0.580106512494735,0.0559428593065705,0.356480248825476,1.04225712516096,89,"Nkx6-1,Hoxa5,Wnt4,Nkx2-2,Gata6,Nodal,Percc1,Bmp5,Rarg,Trp63"
GOBP_NEGATIVE_REGULATION_OF_KINASE_ACTIVITY,0.408,0.580106512494735,0.0550211117163117,0.336864889964843,1.03306449549309,223,"Ptprb,Ceacam1,Nppa,Adora2a,Epha1,Irak3,Dbndd2,Gprc5a,Agt,Hhex"
GOBP_CHEMICAL_SYNAPTIC_TRANSMISSION_POSTSYNAPTIC,0.408536585365854,0.580308961467688,0.0557104226766671,0.353514341536362,1.04302753112436,99,"Adora2a,Prkcz,Adora1,Chrne,Cux2,Grid2,Mpp2,Rgs4,Glrb,Chrng"
GOBP_PROTEIN_LOCALIZATION_TO_LYSOSOME,0.408510638297872,0.580308961467688,0.0578529757032509,0.387130011917776,1.05615131307238,45,"Gpr137b,Rtn4,Cacng8,Cacng7,Scarb2,Lmbrd1,Laptm5,Sort1,Cacng4,Clu"
GOBP_CDP_DIACYLGLYCEROL_METABOLIC_PROCESS,0.409200968523002,0.58108849400145,0.0639271933359996,0.468183883707913,1.04986102388888,14,"Cds1,Agpat4"
GOBP_POSITIVE_REGULATION_OF_HISTONE_DEACETYLATION,0.409568261376896,0.581445820373244,0.0621124188949471,0.432698495233103,1.05392153535368,22,"Aplnr,Prkd2,Pink1,Lrrk2,Jdp2,Sdr16c5,Bcl6,Akap8l,Zbtb7b"
GOBP_REGULATION_OF_PROTEIN_CONTAINING_COMPLEX_DISASSEMBLY,0.410282258064516,0.582295006010819,0.0551351763385257,0.347005937650772,1.0373558125836,124,"Gsn,Irgm2,Irak3,Calcoco2,Map6d1,Vil1,Sln,Map1a,Sema5a,Lmod1"
GOBP_NEGATIVE_REGULATION_OF_B_CELL_MEDIATED_IMMUNITY,0.411057692307692,0.583230883215007,0.0633597010643758,0.467152578563677,1.06139652907487,15,"Cd55,Cd55b,Foxj1,Fcgr2b,Parp3,Bcl6"
GOBP_CARBOHYDRATE_DERIVATIVE_CATABOLIC_PROCESS,0.411411411411411,0.583408495159064,0.0546808488785442,0.34403319330713,1.04079748467916,153,"Pglyrp1,Pde2a,Neu4,Xdh,Enpp4,Pde8a,Gpd1,Cda,Cela1,Gda"
GOBP_G1_TO_G0_TRANSITION,0.41141498216409,0.583408495159064,0.0628003977812234,0.447665963692548,1.06130398057381,20,"Rnf112,Gata6,Capn3"
GOBP_POSITIVE_REGULATION_OF_POSTTRANSCRIPTIONAL_GENE_SILENCING,0.411568409343715,0.583461475964709,0.0596037042575973,0.406056716583175,1.04785987574099,31,"Zfp36,Il6,Tgfb1,Wtip,Myocd"
GOBP_REGULATION_OF_PRESYNAPTIC_CYTOSOLIC_CALCIUM_ION_CONCENTRATION,0.411764705882353,0.583515671368409,0.166933848713193,-0.357742588478903,-1.03177628114452,15,"Calb2,Scgn,Atp2b3,Cnr1,Calb1,Atp2b2"
GOBP_REGULATION_OF_TOLL_LIKE_RECEPTOR_7_SIGNALING_PATHWAY,0.41183879093199,0.583515671368409,0.0655321029282414,0.507187367792148,1.06291673910607,10,"Pira13,Rsad2,Lilra6,Pira12,Slc15a4"
GOBP_REGULATION_OF_MEMBRANE_PERMEABILITY,0.412190082644628,0.583848843464228,0.0560595875032335,0.367266442057246,1.04779031551855,66,"Cnp,Hspa1a,Tmigd1,Rasip1,F11r,Gzmb,Mpv17l,Bcl2l1,Tmem14a,Hip1r"
GOBP_RESPONSE_TO_LEUCINE,0.412698412698413,0.584404202995752,0.157402899305283,-0.357308342896493,-1.00508066135778,13,"Rragd,Sesn1,Rps6kb1,Pik3ca,Rptor"
GOBP_MOTOR_BEHAVIOR,0.413151364764268,0.584747734261207,0.0646484568421928,0.486286021279925,1.0559776162413,12,"Dpp4,Slc1a1,Atp1b2,Mfsd2a,Grpr"
GOBP_REGULATION_OF_DELAYED_RECTIFIER_POTASSIUM_CHANNEL_ACTIVITY,0.413173652694611,0.584747734261207,0.16823816568964,-0.342537022234589,-1.03449922732219,17,"Kcne2,Kcns2,Kcng1,Kcne1"
GOBP_POSITIVE_REGULATION_OF_BINDING,0.413413413413413,0.584922383683994,0.0544555953940371,0.341474678563329,1.0363051100297,172,"Cldn5,Larp6,Csf3,Plcl1,Mndal,Twist1,Sox7,Klf4,Vtn,Foxc1"
GOBP_POSITIVE_REGULATION_OF_PROTEIN_CATABOLIC_PROCESS,0.414,0.585587507034328,0.0543434390269162,0.335811193682743,1.0307981719399,227,"Sox17,Ecscr,Adra2a,Asb11,Hspa1a,Mndal,Hspa1b,Rnf144b,Gpld1,Dnajb2"
GOBP_POSITIVE_REGULATION_OF_CHROMATIN_BINDING,0.414772727272727,0.586350534308212,0.163180127180689,-0.356972897493439,-1.01904179870819,14,"Ddx11,Cdt1,Ebf2,Ctbp2,Gmnn,Kdm1a,Med25"
GOBP_PRIMARY_AMINO_COMPOUND_METABOLIC_PROCESS,0.414772727272727,0.586350534308212,0.163180127180689,-0.358944792675361,-1.02467091965031,14,"Tph1,Tph2"
GOBP_NEGATIVE_REGULATION_OF_ERBB_SIGNALING_PATHWAY,0.414905450500556,0.586373263892689,0.059221919380382,0.405115154804204,1.04543010480402,31,"Gprc5a,Cblc,Errfi1,Itga1,Ptprj,Dusp3"
GOBP_POSITIVE_REGULATION_OF_MITOCHONDRIAL_FISSION,0.415294117647059,0.586757596799259,0.0618406035753285,0.439555381103492,1.05432672136827,21,"Dcn,Kdr"
GOBP_NEGATIVE_REGULATION_OF_CATION_CHANNEL_ACTIVITY,0.415669205658324,0.587122533533126,0.0580983576873206,0.390015324979309,1.03763995336708,39,"Rem1,Gstm7,Casq2,Kcne4,Slc6a9"
GOBP_REGULATION_OF_PEPTIDE_TRANSPORT,0.416,0.587400606596659,0.0541200569620232,0.340398150884741,1.03519728545734,181,"Kcna5,Adra2a,Nkx6-1,S100a8,Il6,Cd38,Gpld1,Ghrh,Ildr1,Adcy5"
GOBP_RESPONSE_TO_SALT_STRESS,0.41609977324263,0.587400606596659,0.059989249649033,0.414909827873278,1.04962476159811,26,"Aqp4,Capn3,Kmo,Pappa2,Avpr1b,Tnf,Zfp36l1,Slc9a4,Efhd1"
GOBP_ALDEHYDE_CATABOLIC_PROCESS,0.416974169741697,0.588469722428836,0.0637845390312975,0.476463934983678,1.05009858065452,13,"Aldh3b1,Agxt,Hoga1,Agxt2,Adh4"
GOBP_ESTABLISHMENT_OR_MAINTENANCE_OF_MONOPOLAR_CELL_POLARITY,0.417233560090703,0.588505360992134,0.0598603117764473,0.414397306510561,1.04832820249776,26,"Foxf1,Lama1,Wnt5a,Foxj1,Fscn1,Rap2a,Msn,Ophn1,Tcf15"
GOBP_HEART_FORMATION,0.417130144605117,0.588505360992134,0.0589694466690997,0.404302750500461,1.04333363443915,31,"Sox17,Dkk1,Tbx5,Six1,Foxh1,Wnt5a"
GOBP_POSITIVE_REGULATION_OF_RECEPTOR_SIGNALING_PATHWAY_VIA_STAT,0.417558886509636,0.588799024539675,0.0571258510018113,0.387157851792182,1.04688058375595,43,"Agt,Il6,Tgfb1,Ccl5,Crlf2,Cyp1b1,Il12b,Ptk2b,Il4,Il6ra"
GOBP_GLOMERULAR_MESANGIAL_CELL_PROLIFERATION,0.417705735660848,0.588840923490489,0.0643583367917361,0.49221166147332,1.05436031105232,11,"Pdgfd,Egr1,Pdgfa,Il6ra,Pdgfb"
GOBP_NEGATIVE_REGULATION_OF_SMAD_PROTEIN_SIGNAL_TRANSDUCTION,0.418136020151134,0.589282246509601,0.0647943366000727,0.504280263920181,1.05682429760602,10,"Slc2a10,Ccn3,Lrp1,Pbld1"
GOBP_REGULATION_OF_MICROTUBULE_BASED_PROCESS,0.418581418581419,0.589744616370177,0.05378728077603,0.333457523028122,1.02794836649054,246,"Stmn4,Tppp,Stmnd1,Tubb4a,Fam107a,Cdh5,Cfap45,Hspa1a,Rsph4a,Ttll6"
GOBP_REGULATION_OF_B_CELL_DIFFERENTIATION,0.419101123595506,0.590311389272795,0.059221919380382,0.409762246283917,1.04992747000355,29,"Inhba,Inpp5d,Tlr9,Nfam1,Btk,Il7,Zfp36l1,Il10,Card11,Slamf8"
GOBP_SULFUR_COMPOUND_CATABOLIC_PROCESS,0.419572553430821,0.590809867253988,0.059221919380382,0.407786667519502,1.04595308719364,28,"Dpep1,Ggt7,Mpst,Ggt5,Agxt,Acot7,Tst,Abcd1,Cbs"
GOBP_NEGATIVE_REGULATION_OF_NEURAL_PRECURSOR_CELL_PROLIFERATION,0.41973840665874,0.590877897024218,0.0618406035753285,0.444450346817006,1.0536805576049,20,"Lims2,Gata2,Slc6a4,Wnt5a,Sirt2"
GOBP_EPIDERMIS_MORPHOGENESIS,0.42,0.591080627099664,0.0585937568945671,0.399400306976479,1.0413689843037,34,"Foxq1,Klf4,Snai1,Trp63,Shh,Fgf7,Igfbp5,Fgfr2,Krt25,Krt17"
GOBP_CELL_CELL_RECOGNITION,0.420124481327801,0.591090335190276,0.0553642837725362,0.367290469817705,1.04324349107746,63,"Ccl21a,Ccl19,Clgn,Zp3,Havcr2,Ephb1,Dock2,Prss55,Zp1,Crisp4"
GOBP_EXTRACELLULAR_VESICLE_BIOGENESIS,0.420571428571429,0.591553601406987,0.0598603117764473,0.418734882434093,1.0478932179797,25,"Cd34,Atp9a"
GOBP_PYRIMIDINE_RIBONUCLEOTIDE_BIOSYNTHETIC_PROCESS,0.421052631578947,0.592064777327935,0.175204047558551,-0.305840765314506,-1.02935261604844,21,"Umps,Cad,Nme7,Nme4,Uck2,Ak5,Ctps2,Nme1,Nme2,Nme6"
GOBP_COLLECTING_DUCT_DEVELOPMENT,0.421307506053269,0.592116587977827,0.0625237414724762,0.464398102278216,1.04137174327434,14,"Wnt7b,Shh,Wnt9b"
GOBP_MODULATION_BY_HOST_OF_SYMBIONT_PROCESS,0.421325051759834,0.592116587977827,0.0551351763385257,0.36527667184121,1.04305399576334,67,"Ccl3,Jun,Ifi27,Ccl4,Zc3h12a,Pou2f3,Ccl5,Cav2,Sftpd,Pcx"
GOBP_GOLGI_TO_LYSOSOME_TRANSPORT,0.4214463840399,0.592121568632917,0.0639271933359996,0.490599315724044,1.05090652582374,11,"Laptm5,Ehd3,Sort1,Lamp1,Cln3,Ccdc91,Rbsn"
GOBP_NEGATIVE_REGULATION_OF_NEURON_DIFFERENTIATION,0.421971252566735,0.592362325231214,0.0546808488785442,0.362251494719178,1.04344072516665,72,"Mag,Id4,Nkx2-2,Cntn2,Sox8,Hoxa2,Notch3,Sox3,Hes3,Pou4f2"
GOBP_REGULATION_OF_CALCINEURIN_MEDIATED_SIGNALING,0.421806167400881,0.592362325231214,0.0579754757571486,0.395756744077712,1.03927140970261,35,"Chp2,Erbb3,Nrg1,Efhb,Atp2b4,Prnp,Akap6,Myoz2,Tnf,Igf1"
GOBP_REGULATION_OF_PH,0.421906693711968,0.592362325231214,0.0541200569620232,0.353725221224028,1.03783812881241,90,"Edn1,Slc26a3,Slc9a2,Atp6v0a4,Slc9a9,Cftr,Car2,Rhcg,Avpr1b,Avpr1a"
GOBP_COLUMNAR_CUBOIDAL_EPITHELIAL_CELL_DEVELOPMENT,0.422702702702703,0.593223474731012,0.0570059526582387,0.384486547498861,1.03353674699962,41,"Nkx6-1,Hoxa5,Nkx2-2,Bmp5,Rarg"
GOBP_ASSOCIATIVE_LEARNING,0.423155737704918,0.593693523148932,0.0544555953940371,0.358678752686634,1.04228966387451,80,"Slc6a1,Hrh1,Agt,Foxb1,Fos,Lrrn4,Map1a,Tnr,Nps,Dbh"
GOBP_FC_EPSILON_RECEPTOR_SIGNALING_PATHWAY,0.423863636363636,0.594520786830357,0.059221919380382,0.408261440749888,1.03852333165781,27,"Mapk10,Pira13,Btk,Lilra6,Lyn,Vav1"
GOBP_VIRAL_RNA_GENOME_REPLICATION,0.424778761061947,0.595638167882401,0.204294756516886,-0.285659447558424,-1.01198173859102,28,"Top2a,Trim28,Setdb1,Top2b,Smarcb1,Fmr1,Mphosph8,Resf1,Pcbp2,Pcbp1"
GOBP_NEGATIVE_REGULATION_OF_LIPASE_ACTIVITY,0.425480769230769,0.596456170363379,0.0617054053637523,0.461781758652709,1.04919372880495,15,"Plin5,Apoc1,Angptl3,Sort1,Anxa1,Por,Apoc3,Abl1,Hdac9"
GOBP_VERY_LOW_DENSITY_LIPOPROTEIN_PARTICLE_ASSEMBLY,0.425692695214106,0.596586891229805,0.0639271933359996,0.501594704982191,1.05119614964668,10,"Apoc1,Acsl3,Mfsd2a,Apob"
GOBP_REGULATION_OF_CELL_AGING,0.428401523684501,0.600215847146596,0.203508959461977,-0.259075446374066,-1.02486015709067,46,"Fbxo5,Wnt1,Nek6,Vash1,Rbl1,Arg2,Tert,Ybx1,Foxm1,Rsl1d1"
GOBP_CELLULAR_RESPONSE_TO_X_RAY,0.428571428571429,0.600286589977312,0.154190966581424,-0.351692515087889,-0.989283773207369,13,"Sfrp2,Xrcc5,Trp53bp1,Atm,Hamp,Nucks1,Sfrp1,Xrcc6,Nipbl"
GOBP_NEUROMUSCULAR_PROCESS_CONTROLLING_POSTURE,0.431137724550898,0.603712908444949,0.16440575583821,-0.339458920549049,-1.02520302396718,17,"Pou4f1,Gch1,Fxn,Gbx1,Adarb1"
GOBP_ENERGY_RESERVE_METABOLIC_PROCESS,0.431352459016393,0.60384539445152,0.0535669384770951,0.354845730820049,1.03113215761486,78,"Adgrf5,Lepr,Phkg1,Prkag3,Pcdh12,Enpp1,Myc,Kl,Mc4r,Il6st"
GOBP_CYTOPLASMIC_MICROTUBULE_ORGANIZATION,0.43172268907563,0.604195422601112,0.0546808488785442,0.370771133309651,1.03685463102276,57,"Tppp,Kif19a,Slain1,Fsd1,Mapt,Clip3,Ccdc13,Clip2"
GOBP_DEFENSE_RESPONSE_TO_FUNGUS,0.432203389830509,0.604699816498182,0.0550211117163117,0.377733458443479,1.04135359388878,50,"Rarres2,S100a8,Zbp1,S100a9,Il17ra,Spon2,Ctsg,Il36rn,Cx3cr1,Pla2g5"
GOBP_HORMONE_CATABOLIC_PROCESS,0.432668329177057,0.605181883910147,0.0626618230932492,0.485492715115992,1.03996774190828,11,"Hsd17b11,Cyp19a1,Dio2,Ece1,Dio3,Sult1e1,Spp1,Srd5a1"
GOBP_LIPID_DIGESTION,0.432941176470588,0.605395074858873,0.0598603117764473,0.433582193290804,1.03999930827448,21,"Asah2,Pnlip,Akr1c20,Pnliprp2,Ldlr,Abcg8,Npc1l1,Enpp7"
GOBP_METANEPHRIC_EPITHELIUM_DEVELOPMENT,0.433371958285052,0.605828930561445,0.0590954798717342,0.418937596379506,1.0382033777655,24,"Wnt4,Sox8,Wnt7b,Wnt9b,Stat1,Hes1,Osr1,Pax2,Lamb2"
GOBP_NEGATIVE_REGULATION_OF_HIPPO_SIGNALING,0.433673469387755,0.606081882294202,0.150169802128406,-0.3520248536711,-0.97244208171855,12,"Ajuba,Cit,Wwc1,Map2k3,Mark3,Mapk14"
GOBP_POSITIVE_REGULATION_OF_T_CELL_TOLERANCE_INDUCTION,0.433915211970075,0.606251186929841,0.0625237414724762,0.48509044757166,1.03910604974134,11,"Cd3e,Tgfbr2,H2-M3,Pirb,H2-Q10,H2-Q7,Lilrb4b,Foxp3,Itch"
GOBP_CELLULAR_METABOLIC_COMPOUND_SALVAGE,0.434426229508197,0.606796514514505,0.193813302725311,-0.285413694144148,-0.997373764612384,27,"Ada,Dck,Mtap,Adsl,Aprt,Uck2"
GOBP_SKELETAL_MUSCLE_CELL_DIFFERENTIATION,0.434647302904564,0.606936664361457,0.05378728077603,0.364175662114837,1.03439626217008,63,"Sox8,Fos,Ephb1,Atf3,Nr4a1,Egr2,Egr1,Six1,Cyp26b1,Heyl"
GOBP_PLANAR_CELL_POLARITY_PATHWAY_INVOLVED_IN_NEURAL_TUBE_CLOSURE,0.435,0.607260483199111,0.148261500475107,-0.36061332640714,-0.981074073061046,11,"Sfrp2,Fzd2,Ptk7,Dvl2,Dvl1,Sfrp1"
GOBP_MEMBRANE_REPOLARIZATION_DURING_ACTION_POTENTIAL,0.435428571428571,0.607666423018583,0.0582216241124161,0.413550594959851,1.0349194249851,25,"Kcna5,Kcnj8,Kcnq1,Kcne4"
GOBP_REGULATION_OF_FIBROBLAST_MIGRATION,0.435555555555556,0.607666423018583,0.0568864160475701,0.396058246336166,1.0326551244651,34,"Prr5l,Tgfb1,Thbs1,Rffl,Gna12,Has1,Slc8a1,Fgf2,Akap12"
GOBP_STORE_OPERATED_CALCIUM_ENTRY,0.43577430972389,0.607666423018583,0.0605092988656667,0.436636153215312,1.02667778372901,19,"Cracr2b,Efhb,Orai1,Casq1,Jph4,Stim1,Cd84,Saraf,Ms4a1"
GOBP_T_CELL_DIFFERENTIATION_IN_THYMUS,0.435765673175745,0.607666423018583,0.0532386494755899,0.356248904710858,1.03299960990889,77,"Wnt4,Egr3,Foxn1,Ripk3,Il1a,Zap70,Cd3e,Shh,Tox,Dock2"
GOBP_CARBOHYDRATE_BIOSYNTHETIC_PROCESS,0.436,0.607812534664448,0.0519512476197082,0.337004651128166,1.02626381830427,197,"B3gnt3,Nnmt,B3gnt6,Hrh1,B3gnt9,B3galt5,St8sia6,Chst8,C1qtnf3,Sds"
GOBP_EPITHELIAL_TUBE_FORMATION,0.436308926780341,0.608074570259156,0.0520570030732099,0.342334103975566,1.02899458893931,136,"Mmrn2,Wnt4,Wnt6,Twist1,Sox8,Nodal,Ret,Bmp5,Tgfb1,Rgma"
GOBP_EMBRYONIC_VISCEROCRANIUM_MORPHOGENESIS,0.437027707808564,0.608907507525957,0.0626618230932492,0.496467986245212,1.04045204301416,10,"Hoxa2,Foxc2"
GOBP_RIG_I_SIGNALING_PATHWAY,0.437570303712036,0.609494573776782,0.0572461135202885,0.402213517985775,1.03165822808103,28,"Ddx60,Rigi,Oas3,Birc3,Nlrx1,Oasl1"
GOBP_REGULATION_OF_PROTEIN_DEUBIQUITINATION,0.437965260545906,0.609875724311432,0.0618406035753285,0.478785381518696,1.03968986099285,12,"Zc3h12a,Trim21"
GOBP_FC_RECEPTOR_SIGNALING_PATHWAY,0.438356164383562,0.610251021422366,0.0541200569620232,0.371795284576456,1.03529190917729,55,"Pak1,Pld2,Mapk10,Pira13,Btk,Lilra6,Lyn,Ptprj,Plpp4,Vav1"
GOBP_GLUCOSAMINE_CONTAINING_COMPOUND_METABOLIC_PROCESS,0.438739789964994,0.610327750358583,0.0588438169595807,0.423726054633593,1.03206740718665,22,"Chst4,Mgat3,Chia1,Chst3,Chst5"
GOBP_NEGATIVE_REGULATION_OF_PROTEIN_MATURATION,0.438775510204082,0.610327750358583,0.0574877409561325,0.407987435301127,1.03211272846437,26,"Tmem98,Il1r2,Thbs1,Serpine1,Prnp,Nlrp2,Lrrk2,Usp17le,Acp4,Serpine2"
GOBP_PYRIDINE_NUCLEOTIDE_BIOSYNTHETIC_PROCESS,0.438695163104612,0.610327750358583,0.0571258510018113,0.401600790396506,1.03008661143769,28,"Ptgis,Nnmt,Kmo"
GOBP_KERATINOCYTE_PROLIFERATION,0.439490445859873,0.610984090524773,0.0543434390269162,0.377583666141002,1.03277606216057,46,"Zfp36,Snai2,Klk8,Mdk,Irf6,Trp63,Fgf7,Cdh3,Reg3b,Eppk1"
GOBP_NEGATIVE_REGULATION_OF_GLUCOSE_TRANSMEMBRANE_TRANSPORT,0.43937575030012,0.610984090524773,0.0601186142531851,0.435445655190699,1.02387852428967,19,"Pea15a,Enpp1,Myc,Stxbp3,Tnf,Pid1,Il1b"
GOBP_REGULATION_OF_NEURON_MIGRATION,0.440860215053763,0.612549558063922,0.0547939500773363,0.379111682842966,1.02165753365613,42,"Nkx6-1,Col3a1,Phactr1,Mdk,Ctnna2,Nrg1"
GOBP_RESPONSE_TO_PH,0.440860215053763,0.612549558063922,0.0547939500773363,0.379163225594531,1.02179643478427,42,"Serpinf1,Pkd2l1,Gpr4,Gpld1,Gpr65,Sst,Arsb,Pam,Ctss,Hvcn1"
GOBP_GENITALIA_MORPHOGENESIS,0.44139650872818,0.613125241607228,0.0617054053637523,0.481844306733998,1.03215253292893,11,"Trp63,Sycp2,Klhl10,Rbp4,Tifab,Ar"
GOBP_N_ACETYLGLUCOSAMINE_METABOLIC_PROCESS,0.441916167664671,0.613677506864724,0.0597317976364411,0.44805803552808,1.03882347039732,17,"Chst4,Mgat3,Chst3,Chst5,Chst7,Nagk"
GOBP_REGULATION_OF_MODIFICATION_OF_SYNAPTIC_STRUCTURE,0.442307692307692,0.614051579461687,0.143758989039275,-0.366527074405921,-0.969990077998401,10,"Camkv,Baiap2,Epha4,Cyfip1,Cdc42,Gripap1,Rhoa,Cttnbp2,Abl1,Cln3"
GOBP_REGULATION_OF_IMMUNOGLOBULIN_PRODUCTION,0.444102564102564,0.616373161166093,0.0522693317499306,0.356434328477897,1.02907460627061,73,"Il6,Cd40,Il13ra2,H2-T23,Tgfb1,Tlr9,Hpx,Il27ra,Il4ra,Il4"
GOBP_RETINAL_METABOLIC_PROCESS,0.444444444444444,0.616677400558162,0.0598603117764473,0.452209565138898,1.03653089598213,16,"Aldh1a2,Cyp1b1,Akr1c20,Aldh1a3"
GOBP_NEGATIVE_REGULATION_OF_IMMUNOGLOBULIN_PRODUCTION,0.445137157107232,0.617297790007739,0.0613026075396207,0.481053672820239,1.0304589261242,11,"Il13ra2,Cd22,Fcgr2b,Parp3,Tmbim6,Bcl6"
GOBP_REGULATION_OF_GASTRIC_ACID_SECRETION,0.445137157107232,0.617297790007739,0.0613026075396207,0.480770983569509,1.02985338109214,11,"Kcnq1,Sgk1,Oprl1,Oxtr,Tff2,Hip1r"
GOBP_NEGATIVE_REGULATION_OF_INTERLEUKIN_5_PRODUCTION,0.445508982035928,0.617643037146887,0.0593487680335629,0.445890163497691,1.03379725466763,17,"Epx,Ifnl2,Lef1,Ifna6,Ifna9,Scgb1a1,Tnfrsf21,Lilrb4b,Foxp3,Ifna15"
GOBP_POSITIVE_REGULATION_OF_INSULIN_LIKE_GROWTH_FACTOR_RECEPTOR_SIGNALING_PATHWAY,0.446650124069479,0.618916406361876,0.0609039347452418,0.477140430695363,1.03611782483873,12,"Ghrh,Cdh3,Igfbp5,Ghrhr,Igf1,Ar"
GOBP_REGULATION_OF_FILOPODIUM_ASSEMBLY,0.446673706441394,0.618916406361876,0.053347785067549,0.372690995240759,1.02896841902227,49,"Ccl21a,Ppp1r16b,Daam2,Dnm3"
GOBP_REGULATION_OF_SMALL_MOLECULE_METABOLIC_PROCESS,0.447,0.619197850647561,0.0508054139066364,0.327849835795928,1.0159058239162,320,"Ceacam1,Fgf1,Wnt4,Pla2g3,Slc45a3,Nnmt,Snai2,Hrh1,Nos3,Htr2a"
GOBP_NATURAL_KILLER_CELL_DEGRANULATION,0.447941888619855,0.61999005343943,0.0596037042575973,0.454371744951015,1.01888852218171,14,"Nkg7,H2-Q2,Klrc2,Klrc3,Lamp1,H2-M3,H2-Q1"
GOBP_NEGATIVE_REGULATION_OF_PHOSPHATIDYLINOSITOL_3_KINASE_SIGNALING,0.447724477244772,0.61999005343943,0.0603786357920401,0.467672149418733,1.03072200067584,13,"Twist1,Btn2a2,Trem2,Serpine2,Nlrc3"
GOBP_NEGATIVE_REGULATION_OF_PROTEIN_IMPORT_INTO_NUCLEUS,0.447941888619855,0.61999005343943,0.0596037042575973,0.454457830764435,1.01908156201791,14,Apod
GOBP_APOPTOTIC_PROCESS_INVOLVED_IN_DEVELOPMENT,0.44972972972973,0.622129913544333,0.0541200569620232,0.378870048997747,1.01843905989423,41,"Foxc2,Tnfrsf1b,Foxc1,Xkr4,Ccn1,Fgf4,Slit3,Cryab,Xkr9,Megf10"
GOBP_PRIMARY_MIRNA_PROCESSING,0.44973544973545,0.622129913544333,0.150169802128406,-0.342670687739135,-0.963906072466223,13,"Lin28b,Pus10,Dgcr8,Srrt,Mettl3,Hnrnpa2b1"
GOBP_PRESYNAPTIC_ENDOCYTOSIS,0.450733752620545,0.623339360226542,0.0525898950623616,0.365013932665274,1.02637906678238,59,"Sncg,Nostrin,Dnm3,Synj2,Syt5,Btbd8,Sh3gl3,Nlgn3,Snca,Dnajc6"
GOBP_NEGATIVE_REGULATION_OF_PROTEIN_CONTAINING_COMPLEX_DISASSEMBLY,0.451020408163265,0.62356424417952,0.0513223330421143,0.349940960451675,1.019344592152,82,"Gsn,Irak3,Map6d1,Vil1,Sln,Lmod1,Spta1,Bmerb1,Apc2,Capg"
GOBP_BILE_ACID_BIOSYNTHETIC_PROCESS,0.45225027442371,0.624913414545844,0.0545680646670941,0.387902559651407,1.0220013190877,36,"Cyp27a1,Akr1d1,Ces1d,Nr1h4,Malrd1,Osbpl1a,Akr1c20,Prox1,Osbpl7,Cyp39a1"
GOBP_DOPAMINE_RECEPTOR_SIGNALING_PATHWAY,0.452459016393443,0.624913414545844,0.0543434390269162,0.385931978831561,1.02252258163002,38,"Sult1a1,Adcy5,Gnao1,Rgs4,Cav2,Slc1a1"
GOBP_FEVER_GENERATION,0.452618453865337,0.624913414545844,0.0605092988656667,0.477792217594974,1.02347260455778,11,"Ptgs2,Il1a,Tnfsf11,Tnf,Trpv1,Ednrb,Il1b,Tnfrsf11a"
GOBP_NEGATIVE_REGULATION_OF_CELL_FATE_COMMITMENT,0.452618453865337,0.624913414545844,0.0605092988656667,0.478038136432079,1.02399938415664,11,"Nkx6-2,Dkk1"
GOBP_POSITIVE_REGULATION_OF_FIBROBLAST_PROLIFERATION,0.452229299363057,0.624913414545844,0.0530212512043078,0.37238307069579,1.02003477111441,47,"Agt,Pdgfd,Wnt2,Jun,Fn1,Esr1,Myc,Pdgfa,Wnt5a,Fosl2"
GOBP_RESPONSE_TO_LECTIN,0.452742123687281,0.624913414545844,0.0573667426768556,0.421095394803577,1.02565992235001,22,"Pak1,Myc,Klrd1,Lyn,Fyn,Klrc2,Klrc3,Src,Tyrobp"
GOBP_PITUITARY_GLAND_DEVELOPMENT,0.454054054054054,0.626552217878048,0.0536769600638127,0.378111692075713,1.01640052369222,41,"Wnt4,Aldh1a2,Ghrh,Gata2,Sox3,Nog,Gsx1,Slc6a3,Wnt5a,Pou1f1"
GOBP_CELL_MIGRATION_IN_HINDBRAIN,0.455089820359281,0.627425706294486,0.159646701919906,-0.332952037368498,-1.00555152592285,17,"Phox2b,Nhlh2,Ephb2,Pou4f1"
GOBP_DETERMINATION_OF_ADULT_LIFESPAN,0.455089820359281,0.627425706294486,0.159646701919906,-0.33240399555421,-1.00389637977332,17,"Lep,Rad54l,Msh6,Trp53,Coq7,Msh2,Ide,Atm"
GOBP_MODIFICATION_OF_POSTSYNAPTIC_STRUCTURE,0.455026455026455,0.627425706294486,0.149207542435322,-0.342301979595315,-0.962868925048858,13,"Camkv,Baiap2,Pfn1,Arhgap44,Cyfip1,Cdc42,Wasf3,Stau1,Synpo,Rhoa"
GOBP_PHAGOCYTOSIS_RECOGNITION,0.455186304128902,0.627425706294486,0.0502948063662358,0.340309995164794,1.01678488700018,123,"Pear1,Colec11,Lbp,Colec12,Trbc2,Ighv1-74,Ighv1-63,Ighv14-4,Spon2,C4b"
GOBP_DENDRITIC_SPINE_MORPHOGENESIS,0.455882352941176,0.6281237504998,0.0521630305460055,0.366455947430598,1.02478729335685,57,"Dock10,Dnm3,Dip2a,Srcin1,Cux2,Ephb1,Kif1a,Abi3,Arc,Wnt7a"
GOBP_NEURON_PROJECTION_ORGANIZATION,0.45594262295082,0.6281237504998,0.051011413203915,0.3510342004602,1.02346614854691,87,"Pls1,Dock10,Dnm3,Dip2a,Map1a,Srcin1,Cux2,Ephb1,Kif1a,Abi3"
GOBP_INTESTINAL_EPITHELIAL_CELL_DIFFERENTIATION,0.456242707117853,0.628364955803136,0.0570059526582387,0.419981135874572,1.02294592751486,22,"Hoxa5,Gata6,Ptk6,Il6st,Cdx2,Src,Prdm1"
GOBP_NEURON_APOPTOTIC_PROCESS,0.457542457542458,0.629637540122073,0.0496901392724606,0.329629031709797,1.01303085725538,232,"Mag,Pla2g3,Foxq1,Adora2a,Ndnf,Faim2,Foxb1,Unc5b,Ccl3,Jun"
GOBP_POST_TRANSLATIONAL_PROTEIN_MODIFICATION,0.457516339869281,0.629637540122073,0.0536769600638127,0.38033772759309,1.0151694014811,40,"Irgm2,Folh1,Gpld1,Agbl4,Irgm1,Abca2"
GOBP_REGULATION_OF_GENE_SILENCING_BY_RNA,0.457537154989384,0.629637540122073,0.0524827622635459,0.371119773651923,1.01657433745779,47,"Zfp36,Il6,Tgfb1,Zc3h12a,Esr1,Wtip,Myocd,Tnf,Mael"
GOBP_HYPEROSMOTIC_SALINITY_RESPONSE,0.457816377171216,0.629671667238586,0.0597317976364411,0.473792326478169,1.0288473647484,12,"Aqp4,Avpr1b,Efhd1,Oxt,Tacr3,Micu1,Slc25a23"
GOBP_RESPONSE_TO_ISOQUINOLINE_ALKALOID,0.457817772778403,0.629671667238586,0.0551351763385257,0.398063546917982,1.02101375292806,28,"Fosb,Pea15a,Rgs4,Slc1a1,Prkcg,Oprk1,Map1lc3a"
GOBP_ESTABLISHMENT_OR_MAINTENANCE_OF_CELL_POLARITY,0.458458458458459,0.630061012451118,0.0496901392724606,0.33194829200947,1.01656087242781,219,"Ccl21a,Tek,Foxf1,Ccl19,Rnd1,Gsn,Cdh5,Rhoc,Wnt7b,Prkcz"
GOBP_PLASMA_MEMBRANE_REPAIR,0.458672875436554,0.630061012451118,0.0566484183613995,0.415681271967049,1.02241395452047,23,"Syt11,Dysf,Fer1l5,Myof,Smpd1,Chmp2b,Chmp7,Chmp4b"
GOBP_REGULATION_OF_BILE_ACID_BIOSYNTHETIC_PROCESS,0.458852867830424,0.630061012451118,0.0598603117764473,0.475695080551173,1.01898035409138,11,"Ces1d,Nr1h4,Malrd1,Prox1"
GOBP_REGULATION_OF_CLATHRIN_DEPENDENT_ENDOCYTOSIS,0.458682634730539,0.630061012451118,0.0579754757571486,0.437702258347784,1.02486608155749,18,"Dab2,Sh3gl3,Hip1r,Dnajc6,Dnm2"
GOBP_REGULATION_OF_INSULIN_SECRETION_INVOLVED_IN_CELLULAR_RESPONSE_TO_GLUCOSE_STIMULUS,0.458289334741288,0.630061012451118,0.0521630305460055,0.368443687600834,1.01724196068772,49,"Adra2a,Gpld1,Adcy5,Slc9b2,Cftr,Nr1h4,Baiap3"
GOBP_REGULATION_OF_NUCLEOBASE_CONTAINING_COMPOUND_TRANSPORT,0.458823529411765,0.630061012451118,0.157402899305283,-0.343230356288686,-0.989921110855751,15,"Nsun2,Cpsf6,Nup153,Tpr,Khdrbs1,Iws1,Dhx9,Setd2"
GOBP_CELL_CELL_ADHESION_MEDIATED_BY_CADHERIN,0.460067491563555,0.631347390037853,0.0549073703290958,0.396642716266143,1.01736939099806,28,"Cdh5,Cdhr2,Foxa1,Ppm1f,Adam19,Wnt5a,Notch4,Plg,Rgcc,Tjp1"
GOBP_REGULATION_OF_GONADOTROPIN_SECRETION,0.460099750623441,0.631347390037853,0.0597317976364411,0.475418504737177,1.01838790457403,11,"Foxl2,Inhba,Kiss1,Oprk1,Tacr2"
GOBP_RESPONSE_TO_NITRIC_OXIDE,0.460166468489893,0.631347390037853,0.0574877409561325,0.427396439824151,1.01325001151969,20,"Ccl19,Mmp3,Dpep1,Foxo1,Ccr7,Dnm2,Mt3"
GOBP_REGULATION_OF_DNA_BINDING,0.460685483870968,0.631887019759715,0.0497903187820785,0.340888150523147,1.01738191075307,122,"Sp100,Msx2,Mndal,Twist1,Sox7,Ager,Klf4,Jun,Foxc1,Plaur"
GOBP_CARNITINE_METABOLIC_PROCESS,0.461254612546126,0.631940001842857,0.0589694466690997,0.463356407487388,1.02121035846365,13,"Bbox1,Slc22a4,Cpt1c"
GOBP_POSITIVE_REGULATION_OF_RECEPTOR_INTERNALIZATION,0.461192350956131,0.631940001842857,0.0547939500773363,0.395945837074136,1.01558192956212,28,"Sele,Apln,Arrb1,Apela"
GOBP_POSITIVE_REGULATION_OF_VOLTAGE_GATED_POTASSIUM_CHANNEL_ACTIVITY,0.461352657004831,0.631940001842857,0.0580983576873206,0.444397980939938,1.01862559500447,16,"Kcna1,Nppa,Lrrc52,Lrrc55,Akap6,Lrrc26,Trem2"
GOBP_REGULATION_OF_SKELETAL_MUSCLE_CELL_PROLIFERATION,0.461254612546126,0.631940001842857,0.0589694466690997,0.461215513496538,1.01649195361481,13,"Ephb1,Shh,Six1"
GOBP_REGULATION_OF_STORE_OPERATED_CALCIUM_ENTRY,0.461254612546126,0.631940001842857,0.0589694466690997,0.461079558718781,1.0161923172548,13,"Cracr2b,Efhb,Casq1,Jph4,Stim1,Cd84,Saraf"
GOBP_MATURE_B_CELL_DIFFERENTIATION,0.462222222222222,0.632613969809723,0.0541200569620232,0.391227953449214,1.02006094987457,34,"Dock10,Il6,Nkx2-3,Itm2a,Lfng,Gpr183,Ptk2b,Bcl3,Fcgr2b,Il10"
GOBP_NUCLEOSIDE_TRANSPORT,0.462216624685139,0.632613969809723,0.059989249649033,0.488189750291625,1.02310327582455,10,"Adora1,Slc29a3,Slc28a3,Slc28a1"
GOBP_SENSORY_PERCEPTION_OF_TASTE,0.462105263157895,0.632613969809723,0.0516355964484201,0.369547388744244,1.02340889312255,51,"Pkd2l1,Rtp4,Rtp3,Azgp1,Lpo,Tas2r138,Tas2r131,Tas2r140,Tas2r130,Tas2r119"
GOBP_CELLULAR_RESPONSE_TO_LIPOPROTEIN_PARTICLE_STIMULUS,0.463414634146342,0.633812352162437,0.0538979025357319,0.388304202475084,1.0086560338443,32,"Tlr4,Ces1d,Npc1,Casr,Abcg1,Ldlr,Trem2,Cdh13,Tlr6,Ticam1"
GOBP_NUCLEOSIDE_CATABOLIC_PROCESS,0.463385354141657,0.633812352162437,0.057609110864425,0.42790919985084,1.00615779455046,19,"Xdh,Enpp4,Cda,Gda"
GOBP_POSITIVE_REGULATION_OF_EXTRINSIC_APOPTOTIC_SIGNALING_PATHWAY_IN_ABSENCE_OF_LIGAND,0.463476070528967,0.633812352162437,0.0598603117764473,0.487199830286219,1.02102869232555,10,"Inhba,Ret"
GOBP_BEHAVIORAL_RESPONSE_TO_PAIN,0.463768115942029,0.634039249072771,0.0578529757032509,0.443850327507275,1.01737029271322,16,"Vwa1,Thbs1,P2rx4,Pirt,Trpv1,Scn9a,Capn2"
GOBP_CELLULAR_RESPONSE_TO_PROSTAGLANDIN_E_STIMULUS,0.464705882352941,0.634571688687257,0.156312403073186,-0.339955819186159,-0.980476918794414,15,"Gng2,Ptger4,Prkaa2,Prkce"
GOBP_NEGATIVE_REGULATION_OF_PROTEIN_SERINE_THREONINE_KINASE_ACTIVITY,0.464788732394366,0.634571688687257,0.0492917662312669,0.339641008210273,1.01248318840207,114,"Nppa,Irak3,Agt,Hhex,Dusp1,Spry4,Rasip1,Cblc,Cdkn1c,Serpinb3b"
GOBP_POSITIVE_REGULATION_OF_DNA_BIOSYNTHETIC_PROCESS,0.464343706205789,0.634571688687257,0.203508959461977,-0.251981087311845,-1.08668585542731,73,"Aurkb,Dscc1,Rfc5,Gins1,Rfc4,Rfc3,Gins2,Nek2,Dkc1,Chtf18"
GOBP_PROTEIN_LOCALIZATION_TO_PHAGOPHORE_ASSEMBLY_SITE,0.464670658682635,0.634571688687257,0.0573667426768556,0.439724107677213,1.01950124165552,17,"Wipi1,Pacs2"
GOBP_RELAXATION_OF_SMOOTH_MUSCLE,0.464735516372796,0.634571688687257,0.0597317976364411,0.485830471742171,1.01815891635964,10,"Adora1,Adora2b,Slc8a1,Gucy1a1,Prkg1"
GOBP_NEGATIVE_REGULATION_OF_LIPOPROTEIN_PARTICLE_CLEARANCE,0.465,0.634687754547923,0.142901149386948,-0.351142144298843,-0.955307051913306,11,"Pcsk9,Abcc8"
GOBP_POSITIVE_REGULATION_OF_MITOCHONDRIAL_CALCIUM_ION_CONCENTRATION,0.466334164588529,0.636336005805248,0.0590954798717342,0.474328560676239,1.01605314932732,11,"Tgm2,Atp2a1,Rap1gds1,Fis1,Bnip3,Micu1,Slc25a23,Micu2,Bcap31"
GOBP_NUCLEOBASE_CONTAINING_SMALL_MOLECULE_CATABOLIC_PROCESS,0.466975666280417,0.636988638025089,0.0555947097758869,0.411220098488371,1.01907801769345,24,"Xdh,Enpp4,Cda,Gda"
GOBP_NUCLEOTIDE_SALVAGE,0.467065868263473,0.636988638025089,0.157402899305283,-0.326199728799729,-0.985158816394797,17,"Ada,Dck,Adsl,Aprt,Uck2"
GOBP_POSITIVE_REGULATION_OF_T_CELL_RECEPTOR_SIGNALING_PATHWAY,0.467391304347826,0.637259584203016,0.0574877409561325,0.441957345142988,1.01303129845614,16,"Kcnn4,Cd226,Ccr7,Prkd2,Nectin2,Card11,Cd81"
GOBP_HYPOTHALAMUS_DEVELOPMENT,0.467986030267753,0.637859536402069,0.0557104226766671,0.414077809613934,1.01847006193754,23,"Ndnf,Foxb1,Sox3,Gsx1,Myc"
GOBP_REGULATION_OF_CHROMATIN_ASSEMBLY_OR_DISASSEMBLY,0.468085106382979,0.637859536402069,0.213927855492356,-0.274247420506734,-0.99741805353099,35,"Cdk2,Macroh2a1,Dppa3,Dnmt1,Tpr,Trim28,L3mbtl3,Kdm1a,Setdb1,Pphln1"
GOBP_REGULATION_OF_LIPOPROTEIN_PARTICLE_CLEARANCE,0.468235294117647,0.637891280089272,0.0561766586307176,0.421839969515102,1.01183416497916,21,"Gpld1,Gpihbp1,Nr1h4,Apoc1,Ldlrap1,Lipg,Ldlr,Trem2"
GOBP_REGULATION_OF_OSTEOCLAST_DEVELOPMENT,0.468827930174564,0.638525604168933,0.0588438169595807,0.47279338265361,1.01276466410001,11,"Slc9b2,Cldn18,Tnfsf11,Siglec15,Tyrobp,Pirb"
GOBP_HYDROGEN_PEROXIDE_BIOSYNTHETIC_PROCESS,0.471014492753623,0.641172275207197,0.0571258510018113,0.439231838251208,1.00678403542075,16,"Mpv17l,Fyn,Cyp1a2,Acox1,Duox2,Cybb,Duox1,Duoxa2,Maob"
GOBP_KETONE_BODY_METABOLIC_PROCESS,0.471153846153846,0.641172275207197,0.13880510939114,-0.357686090212791,-0.946592987999041,10,"Tyrp1,Hmgcll1"
GOBP_PURINE_DEOXYRIBONUCLEOTIDE_CATABOLIC_PROCESS,0.47103274559194,0.641172275207197,0.0590954798717342,0.482372795972427,1.01091263680409,10,"Xdh,Gda"
GOBP_BLASTODERM_SEGMENTATION,0.471411901983664,0.6413498325499,0.0554793308704233,0.414612573418706,1.00986974710642,22,"Hoxd8,Tbx3,Pcsk6,Wnt5a,Nrp1,Tdrd6,Tdrd7,Tifab"
GOBP_NEUROTROPHIN_SIGNALING_PATHWAY,0.471947194719472,0.641904369008329,0.0526973085708419,0.382210362592624,1.0084013017969,37,"Agt,Agtr2,Ntrk3,Dok5,Spry2,Sort1,Ndn,Ntf5,Rap1a,Zfyve27"
GOBP_POSITIVE_REGULATION_OF_REGULATORY_T_CELL_DIFFERENTIATION,0.472578763127188,0.642415749659376,0.0553642837725362,0.414184889873953,1.00882804046058,22,"Lgals9,Btn2a2,Vsir,Dusp10,H2-M3,Bcl6,Pirb,H2-Q10"
GOBP_POSTSYNAPSE_ORGANIZATION,0.472472472472473,0.642415749659376,0.0483117581055019,0.334337137273759,1.01346052954037,157,"Lrrc4b,Srgn,Dock10,Dnm3,Ntrk3,Ptprd,Dip2a,Srcin1,Cux2,Grid2"
GOBP_POSITIVE_REGULATION_OF_CHROMOSOME_SEPARATION,0.473053892215569,0.642887784852032,0.156312403073186,-0.314330985933553,-0.980891093445471,18,"Dlgap5,Cdt1,Espl1,Cdc23,Cdc16,Cdc27,Anapc5,Anapc4,Cul3,Nsmce2"
GOBP_REGULATION_OF_SPHINGOLIPID_BIOSYNTHETIC_PROCESS,0.473554735547356,0.643224674204477,0.0577308549299813,0.457380139028425,1.0080390131307,13,"Ccn1,Abca2,Sphk1,Enpp7,Samd8"
GOBP_RESPIRATORY_BURST_INVOLVED_IN_DEFENSE_RESPONSE,0.473557692307692,0.643224674204477,0.0566484183613995,0.445795255067822,1.01287150733887,15,"Lbp,Ncf1,Dusp10,Trem2,Pik3cd,Slamf8"
GOBP_INTRACELLULAR_ESTROGEN_RECEPTOR_SIGNALING_PATHWAY,0.473739495798319,0.643297797238831,0.0503964322442957,0.361994533367992,1.01231103127454,57,"Srarp,Lbh,Pak1,Zfp366,Trp63,Esr1,Pou4f2,Foxa1,Foxh1"
GOBP_CELLULAR_RESPONSE_TO_PURINE_CONTAINING_COMPOUND,0.474784747847479,0.643500384855561,0.057609110864425,0.456375383362087,1.00582459054452,13,"Gstm7,Casq2,P2ry6,Slc8a1,P2ry1"
GOBP_POSITIVE_REGULATION_OF_PROTEIN_DEPOLYMERIZATION,0.474189675870348,0.643500384855561,0.0565299525056311,0.426145425660383,1.00201057091008,19,"Vil1,Sln,Sema5a,Plek"
GOBP_POSITIVE_REGULATION_OF_PROTEIN_IMPORT,0.474193548387097,0.643500384855561,0.0514264916187015,0.372471447661701,1.00376294848451,42,"Ptgs2,Chp2,Jup,Arhgef5,Tgfb1,Zc3h12a,Shh"
GOBP_PROTEIN_PALMITOYLATION,0.47450110864745,0.643500384855561,0.052805004567129,0.385385495616416,1.00107442317604,32,"Map6d1,Clip3,Glul,Zdhhc11,Zdhhc9,Zdhhc22,Zdhhc14,Zdhhc15,Hhatl,Zdhhc20"
GOBP_REGULATION_OF_VASCULAR_ASSOCIATED_SMOOTH_MUSCLE_CELL_DIFFERENTIATION,0.474759615384615,0.643500384855561,0.0565299525056311,0.445094505073073,1.01127936454376,15,"Eng,Hey2,Gper1,Myocd,Pdgfb"
GOBP_SKELETAL_MUSCLE_CELL_PROLIFERATION,0.474759615384615,0.643500384855561,0.0565299525056311,0.444775772444575,1.01055518636063,15,"Ephb1,Shh,Six1,Megf10,Fgf2,Cflar,Jak2,Myog,Ppard,Mstn"
GOBP_SYNAPTIC_VESICLE_MATURATION,0.474489795918367,0.643500384855561,0.142901149386948,-0.342730275435307,-0.94676651104775,12,"Syp,Unc13a,Dlg4,Stxbp1"
GOBP_UTP_METABOLIC_PROCESS,0.475,0.643618598382749,0.141225119642531,-0.347806607919798,-0.946232489157023,11,"Cad,Nme7,Nme4,Nme1,Nme2,Nme6"
GOBP_REGULATION_OF_FEEDING_BEHAVIOR,0.475409836065574,0.64400033573205,0.184706471207739,-0.282864417350048,-0.988465356062489,27,"Gnb3,Insl5,Cnr1,Ins2,Ttc21b,Mc1r,Cfap20,Nmu"
GOBP_MODULATION_BY_HOST_OF_VIRAL_PROCESS,0.475815523059618,0.644376248496955,0.053347785067549,0.391716111172479,1.00473288711614,28,"Ifi27,Zc3h12a,Cav2,Pcx,Csf1r,Prkn,Apoe,Tmem41b,Fbxl2,Apcs"
GOBP_NEGATIVE_REGULATION_OF_MUSCLE_TISSUE_DEVELOPMENT,0.476014760147602,0.644472447956368,0.0574877409561325,0.455709841841266,1.0043577760491,13,"Twist1,Tgfb1,Igfbp5,Sirt2"
GOBP_PROTON_TRANSPORTING_TWO_SECTOR_ATPASE_COMPLEX_ASSEMBLY,0.476470588235294,0.64491589850803,0.154190966581424,-0.339376335699439,-0.978805612843799,15,"Tmem70,Atpaf2,Atp23,Oxa1l,Atpaf1,Fmc1,Ccdc115"
GOBP_REGULATION_OF_CELLULAR_RESPIRATION,0.477483775499846,0.646113308058607,0.203508959461977,-0.275620876627791,-1.12342379721582,48,"Ppargc1a,Opn3,Ppif,Shmt2,Cox7a1,Mlxipl,Prelid1,Ak4,Actn3,Prdm16"
GOBP_CELLULAR_MODIFIED_AMINO_ACID_CATABOLIC_PROCESS,0.478065241844769,0.646726041645225,0.0531298054705469,0.391226456745249,1.0034769471833,28,"Aldh1l1,Dpep1,Ggt7,Ggt5,Abhd12,Hoga1,Dmgdh"
GOBP_NUCLEOBASE_TRANSPORT,0.478802992518703,0.647549809898176,0.0578529757032509,0.47005544340817,1.00689975942501,11,"Aqp9,Slc28a3,Slc28a1,Slc43a3"
GOBP_REGULATION_OF_INTEGRIN_ACTIVATION,0.479041916167665,0.647698685469298,0.0559428593065705,0.435093628209584,1.00876546555344,17,"Selp,Rasip1,P2ry12,Plek,Fblim1,Skap1,Farp2,Jam3"
GOBP_GOLGI_TO_ENDOSOME_TRANSPORT,0.480239520958084,0.649143337417663,0.055826471778749,0.435007793200449,1.00856645690947,17,"Wipi1,Ap2a1,Dop1b,Sort1,Coro7,Sys1"
GOBP_TERTIARY_ALCOHOL_METABOLIC_PROCESS,0.481437125748503,0.650587212671431,0.0557104226766671,0.428485433098599,1.00328517490832,18,"Wnt4,Bmp5,Akr1c20"
GOBP_MYOTUBE_DIFFERENTIATION,0.481891348088531,0.650784042542201,0.0476387259290825,0.337218402977423,1.00580221557224,118,"Scgb3a1,Tmem182,Adam12,Shh,Six1,Cav2,Cxcl10,Cyp26b1,Atp11a,Tmem119"
GOBP_REGULATION_OF_HEMATOPOIETIC_STEM_CELL_DIFFERENTIATION,0.481971153846154,0.650784042542201,0.055826471778749,0.4416663890133,1.00349049500932,15,"Osm,Foxc1"
GOBP_REGULATION_OF_PROTEIN_IMPORT,0.48171368861024,0.650784042542201,0.0493910105981501,0.358443873494516,1.01125702133293,60,"Apod,Ptgs2,Chp2,Jup,Arhgef5,Tgfb1,Zc3h12a,Shh"
GOBP_SERTOLI_CELL_DEVELOPMENT,0.482164821648217,0.650870719233508,0.0568864160475701,0.454457323034357,1.00159729802588,13,"Sox8,Il1a"
GOBP_HOMEOSTASIS_OF_NUMBER_OF_CELLS_WITHIN_A_TISSUE,0.482564679415073,0.651235608971697,0.0526973085708419,0.389278789249094,0.998481274218262,28,"Nos3,Csf1,Gata2,Lipa,Il7,Rac3,Klhl10,Prdm14"
GOBP_REGULATION_OF_BROWN_FAT_CELL_DIFFERENTIATION,0.483080513418903,0.651581899907922,0.0543434390269162,0.412673716483478,1.00514728308004,22,"Ptgs2,Sox13,Six1,Dusp10"
GOBP_REGULATION_OF_PHOSPHOLIPID_METABOLIC_PROCESS,0.482985729967069,0.651581899907922,0.051530912208539,0.380522606614363,1.0025574625031,36,"Adgrf5,Htr2a,Nr1h4,Apoc1,Chrm5,Pdgfa,Abca2,Ldlr,Acsl3,Pdgfb"
GOBP_PROTEIN_COMPLEX_OLIGOMERIZATION,0.483516483516484,0.651995000707447,0.0471642455670861,0.326582983054083,1.00557905962109,240,"Kcna5,Col1a2,Aldh1a2,Pkd2l1,Kcna6,Kcna1,Isg15,Rnf112,Trpm6,Aqp4"
GOBP_CELLULAR_RESPONSE_TO_CAMP,0.483701366982124,0.652069394427229,0.0494904866135495,0.362315470159643,1.00710736953606,53,"Slc26a3,Pde2a,Kcnq1,Hcn2,Gpd1,Cftr,Rapgef3,Cyp1b1,Aqp9,Igfbp5"
GOBP_LIPID_MODIFICATION,0.483967935871744,0.65225383743358,0.0472587336673259,0.329027618407782,1.00515575375368,213,"Fa2h,Apod,Lcat,Cyp4f14,Agt,Twist1,Cyp2e1,Alox12,Inpp5j,Synj2"
GOBP_NEGATIVE_REGULATION_OF_SMALL_GTPASE_MEDIATED_SIGNAL_TRANSDUCTION,0.484243697478992,0.652450567469014,0.0493910105981501,0.360302569108669,1.00701040968816,56,"Myoc,Spry4,Rasip1,Rasal1,Arhgap25,Dlc1,Kctd13,Kank1,Fbp1,Spry2"
GOBP_FLOOR_PLATE_DEVELOPMENT,0.484886649874056,0.653141797673333,0.0577308549299813,0.480408926130744,1.00679693862092,10,"Foxb1,Nodal,Ferd3l"
GOBP_MESODERMAL_CELL_FATE_SPECIFICATION,0.485111662531017,0.653269843970915,0.0570059526582387,0.457517676065813,0.993506709669796,12,"Dkk1,Nodal"
GOBP_POSITIVE_REGULATION_OF_PROTEIN_LOCALIZATION_TO_CELL_PERIPHERY,0.485537190082645,0.653492758914446,0.048505983646947,0.353445244364677,1.00835922290356,66,"Epha2,Pls1,Prkch,Vil1,Rhog,Arhgef16,Clip3,Gper1,Pik3r1,Atp2b4"
GOBP_SCF_DEPENDENT_PROTEASOMAL_UBIQUITIN_DEPENDENT_PROTEIN_CATABOLIC_PROCESS,0.485437726569345,0.653492758914446,0.203508959461977,-0.261306595928129,-1.06158319892938,49,"Ccnf,Skp2,Kif14,Fbxo17,Fbxl16,Fbxo48,Fbxl6,Fbxw7,Styx,Cul4b"
GOBP_RESPONSE_TO_COBALT_ION,0.486146095717884,0.6541371582371,0.057609110864425,0.478932319231734,1.00370240139522,10,Serpinf1
GOBP_GAMMA_AMINOBUTYRIC_ACID_SIGNALING_PATHWAY,0.486363636363636,0.654254749799304,0.052805004567129,0.391939231927575,0.997003381463571,27,"Plcl1,Gabra2,Gabrg1,Gabra3,Gabrg3,Gabrb1,Gabre,Htr1a,Slc12a2,Gabbr1"
GOBP_REGULATION_OF_RESPONSE_TO_ENDOPLASMIC_RETICULUM_STRESS,0.486680327868853,0.654505620170338,0.0480220415968251,0.344597496520789,1.00137074228772,80,"Hspa1a,Creb3l1,Bcl2l1,Ppp1r15a,Rnf183,Serinc3,Pik3r1,Ficd,Cav1,Alox5"
GOBP_BARBED_END_ACTIN_FILAMENT_CAPPING,0.487528344671202,0.655120285662158,0.0525898950623616,0.393269558531916,0.994879944718807,26,"Gsn,Vil1,Capg"
GOBP_GANGLIOSIDE_METABOLIC_PROCESS,0.487528344671202,0.655120285662158,0.0525898950623616,0.393315080835182,0.994995105492315,26,"St8sia6,St6galnac3,Neu4,St8sia4,Abca2,Itgb8,B3galt4"
GOBP_NEGATIVE_REGULATION_OF_NOTCH_SIGNALING_PATHWAY,0.487348734873487,0.655120285662158,0.0512184348540341,0.378634733268079,0.998967572054052,37,"Gata2,Dlk2,Hey2,Dll4,Lfng,Nfkbia,Arrb1,Dlx2,Magea5,Egfl7"
GOBP_ERYTHROCYTE_DEVELOPMENT,0.48847420417124,0.656040562214487,0.051011413203915,0.378368070660649,0.99688093747914,36,"Adgrf5,Klf2,Tal1"
GOBP_ESTABLISHMENT_OR_MAINTENANCE_OF_BIPOLAR_CELL_POLARITY,0.488421052631579,0.656040562214487,0.0490939668192139,0.362166436937019,1.00296839766974,51,"Foxf1,Dlg2,Lama1,Wnt5a,Foxj1,Cdx2,Fscn1,Rap2a,Msn,Ophn1"
GOBP_POSITIVE_REGULATION_OF_AMYLOID_PRECURSOR_PROTEIN_CATABOLIC_PROCESS,0.488940628637951,0.656141094544309,0.0536769600638127,0.409242011344556,1.00657588251381,23,"Ager,Abca2,Abcg1,Lyn,Tnf,Spon1,Clu,Efna1"
GOBP_REGULATION_OF_CARBOHYDRATE_BIOSYNTHETIC_PROCESS,0.488843813387424,0.656141094544309,0.0473534245254193,0.340329501523138,1.00431803080219,96,"Nnmt,Hrh1,C1qtnf3,Lepr,Lhcgr,Tgfb1,Enpp1,Gper1,Ap2a1,Ptk2b"
GOBP_REGULATION_OF_SUPEROXIDE_ANION_GENERATION,0.488940628637951,0.656141094544309,0.0536769600638127,0.40978339928236,1.00790748588339,23,"Agt,Tgfb1,Mapt,Hvcn1,Itgam,Gnai2,Itgb2,Gstp2,Tyrobp,Gstp1"
GOBP_EXPORT_ACROSS_PLASMA_MEMBRANE,0.489073881373569,0.656144756248981,0.048505983646947,0.355143322733506,1.0038217199425,61,"Kcna5,Nppa,Slc22a18,Kcnq1,Abcb1a,Kcne4,Kcna2,Fxyd1,Slc17a3,Atp1b2"
GOBP_MACROPHAGE_APOPTOTIC_PROCESS,0.489544895448954,0.656601437946076,0.0561766586307176,0.451397087701056,0.994852718753419,13,"Ccr5,Irf7,Nod2,Plekho2"
GOBP_HEAT_GENERATION,0.490338164251208,0.657314653784219,0.0552495663125249,0.434624944019858,0.996224355631917,16,"Ptgs2,Il1a,Tnfsf11,Arrdc3,Tnf,Trpv1,Ednrb,Abat,Il1b,Tnfrsf11a"
GOBP_RESPONSE_TO_LEUKEMIA_INHIBITORY_FACTOR,0.490335707019329,0.657314653784219,0.0473534245254193,0.340540787518923,0.998741813791029,93,"Sox17,Icam1,Efhc2,Klf4,Socs3,Ildr1,Spry4,Rarg,Spock2,Smad7"
GOBP_REGULATION_OF_PROTEIN_DEPOLYMERIZATION,0.49079754601227,0.657755068995916,0.0475434194201301,0.343601658719699,1.00361162929245,88,"Gsn,Map6d1,Vil1,Sln,Map1a,Sema5a,Lmod1,Spta1,Bmerb1,Apc2"
GOBP_LIPOPROTEIN_BIOSYNTHETIC_PROCESS,0.491370558375635,0.65834749385776,0.0471642455670861,0.340359300032472,1.00446464040758,100,"Lcat,Pigz,Irgm2,Gpld1,Map6d1,Wipi1,Clip3,Glul,Zdhhc11,Irgm1"
GOBP_AUTOPHAGOSOME_ORGANIZATION,0.491902834008097,0.658885037718813,0.0469758727821845,0.337752444808884,0.99968772918721,106,"Irgm2,Pip4k2a,Wipi1,Fez1,Pacs2,Synpo2,Irgm1,Rab19,Rufy4,Sting1"
GOBP_ANATOMICAL_STRUCTURE_REGRESSION,0.492753623188406,0.659497461067124,0.0550211117163117,0.433999422345671,0.994790567867605,16,"Flt1,Cd248,Slc6a3"
GOBP_RAC_PROTEIN_SIGNAL_TRANSDUCTION,0.492505353319058,0.659497461067124,0.0494904866135495,0.369040457189629,0.997890879556855,43,"Cadm4,Rhog,Rhoh,Rhou,Cdh13,Farp2,Garre1,Dnm2,Rasgrf1"
GOBP_REGULATION_OF_ACTION_POTENTIAL,0.492631578947368,0.659497461067124,0.048701086452153,0.362109720546947,1.00366017355949,52,"Dsp,Ctnna3,Gja5,Jup,Nps,Tbx18,Kcnj2,Cav1,Tnf,Cnr2"
GOBP_SPERMATID_NUCLEUS_DIFFERENTIATION,0.493421052631579,0.660214967149041,0.160801401070022,-0.285475108338955,-0.960808966336566,21,"Hmgb2,Dmrtc2,Sycp1,Psme4,Tbpl1,Srpk1,Rnf8"
GOBP_CD40_SIGNALING_PATHWAY,0.493990384615385,0.660443874438901,0.0546808488785442,0.438240942885045,0.995707691707152,15,"Cd40,Tnfaip3,Itga5,Trem2,Tnip2,Cd40lg,Cd86"
GOBP_CELLULAR_KETONE_METABOLIC_PROCESS,0.494,0.660443874438901,0.0462302524077616,0.328605895398755,1.00218988401202,200,"Ceacam1,Wnt4,Pla2g3,Slc45a3,Cyp4f14,Ptgs2,Twist1,Atcay,Dab2,Gpd1"
GOBP_REGULATION_OF_PROTEIN_DEPHOSPHORYLATION,0.493852459016394,0.660443874438901,0.0473534245254193,0.342863633595117,0.998701409430199,85,"Ppp1r16b,Cdh5,Agtr2,Adora1,Tgfb1,Dlc1,Ppp1r15a,Gna12,Itga1,Ppp4r4"
GOBP_RESPONSE_TO_POTASSIUM_ION,0.494117647058824,0.660443874438901,0.151148761385484,-0.334384384695798,-0.964408175110449,15,"Nptx1,Crhbp,Dlg4,Kcnc1"
GOBP_ESTABLISHMENT_OF_PLANAR_POLARITY_OF_EMBRYONIC_EPITHELIUM,0.494252873563218,0.660449015258453,0.149207542435322,-0.337806223724965,-0.988527341550274,16,"Sfrp2,Fzd2,Cthrc1,Celsr1,Ptk7,Dvl2,Dvl1,Sfrp1"
GOBP_PLACENTA_DEVELOPMENT,0.494505494505495,0.660610980834207,0.0461379160269737,0.332397910095052,1.00540325516326,147,"Gjb2,Epas1,Ptgs2,Socs3,Gjb5,Tcf23,Wnt2,Wnt7b,Nodal,Tppp3"
GOBP_PROTEIN_MANNOSYLATION,0.494749124854142,0.660760852986656,0.0532386494755899,0.409683987470161,0.997865215250554,22,"Dpy19l2,Tmtc1,Tmtc2"
GOBP_REGULATION_OF_SODIUM_ION_TRANSPORT,0.495901639344262,0.66212418087214,0.0471642455670861,0.34246390758926,0.997537077940011,85,"Nos3,Kcnq1,Fxyd5,Nkain2,Scn4b,Fxyd1,Fxyd7,Hecw2,Nkain4,Scn1b"
GOBP_FEAR_RESPONSE,0.497267759562842,0.663771913787149,0.0499913914024592,0.377094426996784,0.999107584135531,38,"Adra2a,Grm7,Mdk,Lypd1,Dbh,Dpp4,Htr1a,Slc1a1"
GOBP_TRIPARTITE_REGIONAL_SUBDIVISION,0.498203592814371,0.664844560944477,0.0541200569620232,0.422562410695152,0.989416604102882,18,"Hoxd8,Tbx3,Pcsk6,Wnt5a,Tdrd6,Tdrd7,Tifab"
GOBP_MONOVALENT_INORGANIC_ANION_HOMEOSTASIS,0.5,0.666534075841952,0.0543434390269162,0.431179064616123,0.988325892748446,16,"Kcnq1,Slc12a4,Slc12a2,Slc12a3"
GOBP_NEGATIVE_REGULATION_OF_UBIQUITIN_DEPENDENT_PROTEIN_CATABOLIC_PROCESS,0.5,0.666534075841952,0.266350657088526,-0.24160041672538,-0.984757253831269,48,"Wnt1,Pbk,Taf9,Uchl5,Usp14,Rps7,Rpl11,Rpl5,Rpl23,Usp7"
GOBP_POSITIVE_REGULATION_OF_FATTY_ACID_BETA_OXIDATION,0.5,0.666534075841952,0.055826471778749,0.463662001421723,0.993204449034872,11,"Twist1,Plin5,Fabp1,Abcd1,Irs2"
GOBP_REGULATION_OF_GAMMA_DELTA_T_CELL_ACTIVATION,0.5,0.666534075841952,0.055826471778749,0.463698103938966,0.993281783775776,11,"Egr3,Sox13,Nod2"
GOBP_REGULATION_OF_GLUCOSE_TRANSMEMBRANE_TRANSPORT,0.500512820512821,0.667040813551948,0.046788296531803,0.343937252292869,0.992993839837256,73,"Edn1,C3,Ednra,Ocln,Pea15a,Pou4f2,Clip3,Enpp1,Myc,Rnasel"
GOBP_REGULATION_OF_NEUROTRANSMITTER_TRANSPORT,0.501014198782962,0.66753203744552,0.0462302524077616,0.338909072627502,0.999635174416661,98,"Adra2a,Itgb3,Sncg,Adora2a,Mctp2,Htr2a,Htr1b,P2ry4,Apba1,Syt11"
GOBP_CARDIAC_CHAMBER_FORMATION,0.502421307506053,0.668445341374688,0.0542315935495841,0.439056044339768,0.984544415763623,14,"Ednra,Tbx2,Tbx5"
GOBP_HEPATOCYTE_APOPTOTIC_PROCESS,0.502415458937198,0.668445341374688,0.0541200569620232,0.430241970559999,0.986177935216156,16,"Gsn,Bcl2l1"
GOBP_NEGATIVE_REGULATION_OF_ACTIN_FILAMENT_DEPOLYMERIZATION,0.502127659574468,0.668445341374688,0.0483117581055019,0.362860585342922,0.989940515780871,45,"Gsn,Vil1,Lmod1,Spta1,Capg,Sptbn5,Scin,Add2,Lmod3,Tmod4"
GOBP_NEGATIVE_REGULATION_OF_VOLTAGE_GATED_CALCIUM_CHANNEL_ACTIVITY,0.502421307506053,0.668445341374688,0.0542315935495841,0.438639579960952,0.983610531163208,14,"Rem1,Oprl1,Rrad,Gpr35,Crhr1"
GOBP_POSITIVE_REGULATION_OF_ACTIN_NUCLEATION,0.502415458937198,0.668445341374688,0.0541200569620232,0.429893216319047,0.985378539153535,16,"Gsn,Scin,Was,Magel2,Wasf2,Abi2,Wasf1,Fchsd2,Nckap1,Whamm"
GOBP_SYNAPSE_ORGANIZATION,0.502497502497502,0.668445341374688,0.0454059226590179,0.319914949118775,0.997435406792084,412,"Lrrn1,C3,Sncg,Sparcl1,Slc6a1,Lrrc4b,Srgn,Dock10,Dkk1,Sema4d"
GOBP_REGULATION_OF_TRANSPOSITION,0.503496503496504,0.66959706959707,0.16440575583821,-0.292456916938268,-0.994021525159335,23,"Tex19.1,Morc1,Tex19.2,Tex15,Smyd5"
GOBP_NEGATIVE_REGULATION_OF_RECEPTOR_SIGNALING_PATHWAY_VIA_STAT,0.504,0.670089394340122,0.0514264916187015,0.397494451848526,0.994738575050977,25,"Socs3,Gbp7,Ptprd,Bcl3,Cav1,Leprot,Parp14"
GOBP_CELLULAR_MONOVALENT_INORGANIC_CATION_HOMEOSTASIS,0.504568527918782,0.670667897897334,0.0459538081039063,0.336978346178821,0.996552838333762,103,"Slc26a3,Agt,Slc9a2,Atp6v0a4,Slc9a9,Il1a,Cftr,Car2,Kcnj2,Slc12a2"
GOBP_PHOSPHOLIPID_HOMEOSTASIS,0.504842615012107,0.670677543780618,0.0540088272801684,0.438134847877987,0.982478714029277,14,"Angptl3,Lipg,Abcg1,Hnf4a,Tlcd2"
GOBP_PROTEIN_INSERTION_INTO_ER_MEMBRANE_BY_STOP_TRANSFER_MEMBRANE_ANCHOR_SEQUENCE,0.504807692307692,0.670677543780618,0.133554954557592,-0.347706466692637,-0.92018256303276,10,"Emc6,Mmgt1,Emc8,Emc4,Emc3,Emc2,Emc1,Emc7,Emc10,Emc9"
GOBP_PYRIDINE_CONTAINING_COMPOUND_BIOSYNTHETIC_PROCESS,0.505005561735262,0.67071676587666,0.0500922874402106,0.381536371418661,0.984583282132538,31,"Ptgis,Nnmt,Kmo"
GOBP_CHONDROITIN_SULFATE_BIOSYNTHETIC_PROCESS,0.505389221556886,0.671049027143811,0.053457214108991,0.421140024185195,0.986086130793417,18,"Chsy3,Csgalnact1,Chst3"
GOBP_MITOCHONDRION_DISTRIBUTION,0.505882352941176,0.671526429425744,0.149207542435322,-0.329596625599382,-0.950599653467781,15,"Slc4a5,Bhlha15"
GOBP_CD8_POSITIVE_ALPHA_BETA_T_CELL_ACTIVATION,0.506186726659168,0.671545163927344,0.0504983044100709,0.382987424164745,0.9823442269414,28,"Tnfsf8,H2-T23,Irf1,Vsir,Tox,Mapk8ip1,Hfe,Xcl1,Cd274,Pirb"
GOBP_NEURONAL_ION_CHANNEL_CLUSTERING,0.506234413965087,0.671545163927344,0.0552495663125249,0.461084041166379,0.987682233310503,11,"Cntn2,Myoc"
GOBP_POSITIVE_REGULATION_OF_STEM_CELL_POPULATION_MAINTENANCE,0.506297229219144,0.671545163927344,0.0557104226766671,0.472619401416606,0.990472367596251,10,"Lbh,Trp63"
GOBP_RESPONSE_TO_STIMULUS_INVOLVED_IN_REGULATION_OF_MUSCLE_ADAPTATION,0.506765067650677,0.67198839226588,0.0545680646670941,0.445337149375112,0.981496969938671,13,"Agt,Prkag3,Casq1,Sgca"
GOBP_FEEDING_BEHAVIOR,0.507085020242915,0.672235336698611,0.0455878202571231,0.334435849040634,0.989871190052845,106,"Ace2,Npb,Adora2a,Agt,Cntn2,Iapp,Npy1r,Htr1b,Fos,Lepr"
GOBP_OPTIC_NERVE_DEVELOPMENT,0.50726392251816,0.672295211837276,0.05378728077603,0.4374260069067,0.980889200733784,14,"Nkx2-2,Kcna2,Ephb1"
GOBP_FC_GAMMA_RECEPTOR_SIGNALING_PATHWAY,0.508361204013378,0.673217010688949,0.0498907356726307,0.38059470852122,0.979035106726054,30,"Pak1,Pld2,Lyn,Ptprj,Plpp4,Vav1,Fyn,Fcgr2b"
GOBP_NEGATIVE_REGULATION_OF_FATTY_ACID_METABOLIC_PROCESS,0.508361204013378,0.673217010688949,0.0498907356726307,0.380698938297154,0.979303225560923,30,"Ceacam1,Plin5,Apoc1"
GOBP_REGULATION_OF_SUPEROXIDE_METABOLIC_PROCESS,0.508361204013378,0.673217010688949,0.0498907356726307,0.380783417697295,0.979520538877902,30,"Agt,Bst1,Tgfb1,Mapt,Fbln5,Hvcn1,Itgam,Gnai2,Itgb2,Gstp2"
GOBP_CELLULAR_RESPONSE_TO_ETHANOL,0.509225092250923,0.67418344449444,0.0543434390269162,0.444272226261316,0.979149941825533,13,"Kcnmb1,Glra2,Itpr2,Adcy7,Cybb"
GOBP_NEGATIVE_REGULATION_OF_INTRINSIC_APOPTOTIC_SIGNALING_PATHWAY_IN_RESPONSE_TO_DNA_DAMAGE,0.509476031215162,0.674338075018067,0.0497903187820785,0.380240752748431,0.978124597147151,30,"Snai2,Cxcl12,Ackr3,Snai1,Bcl2l1,Taf9b,Muc1"
GOBP_POSITIVE_REGULATION_OF_STEM_CELL_PROLIFERATION,0.510489510489511,0.675501650231843,0.163180127180689,-0.286994787558525,-0.975456485790423,23,"Sox11,Cited1,Thpo,Ccne1,Nr2e1,Tert,Kdm1a,Hnrnpu,Gja1,Ltbp3"
GOBP_POSITIVE_REGULATION_OF_OXIDATIVE_STRESS_INDUCED_CELL_DEATH,0.511377245508982,0.676498266624645,0.0529129848430584,0.41902921794331,0.981143744317703,18,"Mmp3,Tlr4,Tnf,Tlr6"
GOBP_CELLULAR_RESPONSE_TO_ZINC_ION,0.512106537530266,0.677284810356393,0.053347785067549,0.436554235653044,0.978934330664971,14,"Mt4,Glra2,P2rx4,Hvcn1,Mt3,Glra1,Tspo,Mtf1,Kcnk3"
GOBP_PHOSPHATIDYLETHANOLAMINE_BIOSYNTHETIC_PROCESS,0.512594458438287,0.677751799728898,0.0551351763385257,0.471474700376015,0.988073408208495,10,"Pcyt2,Etnk2,Cept1,Slc27a1,Chkb,Pisd"
GOBP_UREA_METABOLIC_PROCESS,0.513227513227513,0.678410388902106,0.139599673451922,-0.335336037885746,-0.943274271188615,13,"Nags,Slc25a2,Asl,Arg2,Arg1"
GOBP_GLUCOCORTICOID_METABOLIC_PROCESS,0.514585764294049,0.67984826205156,0.0514264916187015,0.404332351631517,0.98483026291803,22,"Wnt4,Bmp5,Cyp21a1"
GOBP_POSITIVE_REGULATION_OF_B_CELL_ACTIVATION,0.514485514485515,0.67984826205156,0.0443293451680314,0.328209466088933,0.997480771531442,175,"Tnfrsf13c,Il6,Cd40,Cd38,Bst1,Tlr4,Sh3kbp1,Inpp5d,Tgfb1,Tlr9"
GOBP_NEGATIVE_REGULATION_OF_PEPTIDYL_THREONINE_PHOSPHORYLATION,0.51497005988024,0.680177217818698,0.0525898950623616,0.421542867593313,0.977347999391213,17,"Cadm4,Smad7,Sirt2,Spry2"
GOBP_REGULATION_OF_NEURAL_PRECURSOR_CELL_PROLIFERATION,0.515337423312884,0.680483642499045,0.0453152441270267,0.339178336770839,0.987457118820094,84,"Lims2,Gjc2,Sox10,Gata2,Mdk,Ptprz1,Dll4,Shh,Slc6a4,Vegfc"
GOBP_RESPONSE_TO_COCAINE,0.515923566878981,0.681078721297436,0.0469758727821845,0.360412199673883,0.985808247846239,46,"Slc6a1,Tgm2,Htr2a,Htr1b,Rgs4,Slc1a1,Oxtr,Slc6a3,Ptk2b,Oprk1"
GOBP_REGULATION_OF_SUBSTRATE_ADHESION_DEPENDENT_CELL_SPREADING,0.516806722689076,0.682065475179308,0.0464154956843849,0.352623187824566,0.98610423642814,57,"Lims2,Myoc,Spry4,Dab2,Mdk"
GOBP_NOSE_DEVELOPMENT,0.517045454545455,0.682201443569554,0.144630528034484,-0.33220317483142,-0.948332277306862,14,"Hesx1,Ascl1,Gli3"
GOBP_REGULATION_OF_ENDOCYTIC_RECYCLING,0.517365269461078,0.682444295350522,0.0523759084097997,0.416238667758887,0.974609758763926,18,"Pla2g3,Atp9a,Ehd2,Pla2g4e"
GOBP_CARDIAC_MYOFIBRIL_ASSEMBLY,0.518607442977191,0.683724001008743,0.0523759084097997,0.411717664233815,0.96808607332434,19,"Nebl,Nrap,Ttn,Adprhl1,Prox1,Pdgfra"
GOBP_PROTEIN_LOCALIZATION_TO_PLASMA_MEMBRANE,0.518481518481519,0.683724001008743,0.0439759278026345,0.3222402797589,0.997279510200489,276,"Epha2,Pls1,Prkch,Jup,Vamp5,Vil1,Emp2,Dab2,Epb41l3,Prkcz"
GOBP_SULFUR_COMPOUND_METABOLIC_PROCESS,0.519,0.684062139486104,0.0439759278026345,0.320145040191251,0.992160749576198,321,"Dcn,Hmgcs2,Clic5,B3gnt3,Spock3,Sqor,Gstm7,Ndnf,Slc19a3,Sult1a1"
GOBP_CELL_PROLIFERATION_IN_HINDBRAIN,0.519230769230769,0.684186914003428,0.0523759084097997,0.429114997361681,0.974973038089686,15,"Shh,Slc6a4,Gbx2,Fgf2,Gpr37l1,Cend1,Atf5,Rora"
GOBP_RENAL_WATER_HOMEOSTASIS,0.519807923169268,0.684767932330165,0.0522693317499306,0.411133428609911,0.966712339768132,19,"Cyp4f14,Aqp4,Cyp4f15,Prkacb"
GOBP_INNERVATION,0.52,0.684841498559078,0.0499913914024592,0.39504364942618,0.988605388290762,25,"Edn1,Sulf1,Ednra,Ret,Vcam1,Prkcg"
GOBP_RESPONSE_TO_WATER,0.520295202952029,0.685050808077489,0.053347785067549,0.440663226137457,0.971195917125266,13,"Pkd2l1,Myc,Atp2b4,Avpr1a"
GOBP_AMYLOID_BETA_METABOLIC_PROCESS,0.523709167544784,0.689365275005926,0.0459538081039063,0.35003878776563,0.974132859935172,54,"Ren1,Rtn4,Bace1,Bace2,Mgat3,Abca2,Abcg1,Prnp,Tnf,Igf1"
GOBP_LONG_CHAIN_FATTY_ACID_IMPORT_ACROSS_PLASMA_MEMBRANE,0.523929471032746,0.689437672377348,0.0541200569620232,0.465401167051537,0.9753450544559,10,"Thbs1,Slc2a1,Slc27a5,Irs2"
GOBP_POSITIVE_REGULATION_OF_VOLTAGE_GATED_CALCIUM_CHANNEL_ACTIVITY,0.524038461538462,0.689437672377348,0.130777137971974,-0.343861142010485,-0.910006161209194,10,"Kcne2,Cacna2d1,Stac2,Stac,Nipsnap2"
GOBP_OOGENESIS,0.525354969574036,0.69080811719819,0.0440640346597561,0.334580648384919,0.987983736659436,97,"Edn1,Wnt4,Paqr5,Foxl2,Ednra,Tnfaip6,Zp3,Mdk,Nppc,Paqr7"
GOBP_REGULATION_OF_MAMMARY_GLAND_EPITHELIAL_CELL_PROLIFERATION,0.525240384615385,0.69080811719819,0.0518457624865066,0.42601380817071,0.967926964506144,15,"Hoxa5,Rtn4"
GOBP_REGULATION_OF_VIRAL_TRANSCRIPTION,0.525810324129652,0.691226072018766,0.0517405459873163,0.409746166504841,0.963450422098245,19,"Zfp36,Trim21,Trim13,Trim14"
GOBP_PARENTAL_BEHAVIOR,0.52605459057072,0.691356423369178,0.0532386494755899,0.446119490104696,0.968755372567784,12,"Dbh,Oxtr,Avpr1a,Oprk1"
GOBP_PERISTALSIS,0.526184538653367,0.691356423369178,0.053457214108991,0.453357423378341,0.971131144069764,11,"Tbx3,Tbx2"
GOBP_NEGATIVE_REGULATION_OF_OSTEOBLAST_DIFFERENTIATION,0.526539278131635,0.69146106352344,0.0460457683018055,0.35646389860717,0.975008758372609,46,"Sema4d,Twist1,Ranbp3l,Hoxa2,Tnfaip6,Nog,Vegfc,Igfbp5"
GOBP_NEGATIVE_REGULATION_OF_PROTEIN_SUMOYLATION,0.526448362720403,0.69146106352344,0.0538979025357319,0.465044652440128,0.97459790385187,10,"Capn3,Fscb,Pias3"
GOBP_REGULATION_OF_HEAT_GENERATION,0.527295285359802,0.692273021547068,0.0531298054705469,0.445535950884688,0.967488208126359,12,"Ptgs2,Tnfsf11,Arrdc3,Tnf,Ednrb,Abat,Il1b,Tnfrsf11a"
GOBP_FATTY_ACID_BETA_OXIDATION_USING_ACYL_COA_OXIDASE,0.528535980148883,0.693720723814213,0.0530212512043078,0.445434386696026,0.967267659919861,12,"Ehhadh,Acox1,Acaa1a,Acox2,Acox3,Scp2,Acoxl,Amacr,Crot"
GOBP_NEGATIVE_REGULATION_OF_ALCOHOL_BIOSYNTHETIC_PROCESS,0.528905289052891,0.694024246428839,0.0525898950623616,0.436761387744758,0.962596494047721,13,"Bmp5,Plek,Apoe,Gfi1,Bmp2,Nfkb1,Dkk3,Erlin2"
GOBP_UBIQUITIN_DEPENDENT_PROTEIN_CATABOLIC_PROCESS_VIA_THE_MULTIVESICULAR_BODY_SORTING_PATHWAY,0.529411764705882,0.694507552499079,0.191892240384838,-0.266804394204544,-0.965503065762193,33,"Ubap1l,Tom1l1,Plaa,Hdac6,Rnf126,Nedd4,Vps36,Vps37d,Rnf115,Mvb12a"
GOBP_ATRIAL_SEPTUM_DEVELOPMENT,0.529685681024447,0.694685603576805,0.0499913914024592,0.400379049830061,0.984776450733025,23,"Gja5,Ccn1,Hey2,Tbx5,Wnt5a"
GOBP_REGULATION_OF_DOPAMINERGIC_NEURON_DIFFERENTIATION,0.530226700251889,0.695213777299491,0.0535669384770951,0.463157766076707,0.970643540577402,10,"Dkk1,Shh"
GOBP_CELLULAR_RESPONSE_TO_PROSTAGLANDIN_STIMULUS,0.530588235294118,0.695506403865327,0.0503964322442957,0.404674341061786,0.970660329905233,21,"Ptgdr,P2ry4,Ptgfr,Akr1c20,Ptger2,P2ry6"
GOBP_PEPTIDYL_L_CYSTEINE_S_PALMITOYLATION,0.530849825378347,0.695667902027359,0.0498907356726307,0.399373639380551,0.982303532795838,23,"Clip3,Zdhhc11,Zdhhc9,Zdhhc22,Zdhhc14,Zdhhc15,Zdhhc20,Zdhhc18,Golga7"
GOBP_DORSAL_VENTRAL_AXIS_SPECIFICATION,0.531017369727047,0.695695333122613,0.052805004567129,0.444548551260749,0.965344054571585,12,"Wnt3,Mdfi,Vax2"
GOBP_STRIATED_MUSCLE_CELL_APOPTOTIC_PROCESS,0.531147540983607,0.695695333122613,0.0469758727821845,0.369023948037459,0.977724937884076,38,"Eng,Gata6,Agt,Mdk,Hey2,Pou4f2"
GOBP_AUTOPHAGOSOME_MATURATION,0.531380753138075,0.695776264693535,0.0449543067640062,0.349053840989792,0.980537847809814,58,"Irgm2,Calcoco2,Irgm1,Map1lc3a,Rubcnl,Rubcn,Lix1,Vmp1,Chmp2b,Chmp7"
GOBP_POSITIVE_REGULATION_OF_CD8_POSITIVE_ALPHA_BETA_T_CELL_ACTIVATION,0.531486146095718,0.695776264693535,0.053457214108991,0.462818519853663,0.96993257947693,10,"H2-T23,Xcl1,H2-Q10,Nckap1l,H2-Q7,Lilrb4b,Runx3,Ptpn22"
GOBP_RESPONSE_TO_INTERLEUKIN_7,0.53259532595326,0.69704678562016,0.0522693317499306,0.435608812633876,0.960056286071484,13,"Il2rg,Btk"
GOBP_RAB_PROTEIN_SIGNAL_TRANSDUCTION,0.532941176470588,0.697317879780751,0.0501934252649434,0.4039464770025,0.968914459964337,21,"Rab9b,Rab33a,Dennd3,Rab30,Rab33b,Rab4a,Rab4b"
GOBP_FEMALE_GAMETE_GENERATION,0.533533533533534,0.69773665342749,0.0427591434738678,0.325661721678672,0.985218599174105,153,"Edn1,Wnt4,Paqr5,Nos3,Foxl2,Ptgs2,Ednra,Inhba,Plat,Tnfaip6"
GOBP_PEPTIDYL_THREONINE_DEPHOSPHORYLATION,0.533816425120773,0.69773665342749,0.0513223330421143,0.420985541758545,0.964960837704698,16,"Dusp1,Ppm1f,Dusp10"
GOBP_POSITIVE_REGULATION_OF_INTRINSIC_APOPTOTIC_SIGNALING_PATHWAY,0.533613445378151,0.69773665342749,0.0449543067640062,0.347569432377987,0.971422539006304,56,"S100a8,Septin4,S100a9,Ripk3,Nkx3-1,Myc,Rnf183,Serinc3,Cav1,Nacc2"
GOBP_POSITIVE_REGULATION_OF_KERATINOCYTE_DIFFERENTIATION,0.533816425120773,0.69773665342749,0.0513223330421143,0.420441238352799,0.963713214168318,16,"Prkch,Foxc1,Ovol2,Il20,Vdr,Trim16"
GOBP_CELLULAR_LIPID_CATABOLIC_PROCESS,0.534068136272545,0.697884200946734,0.0427591434738678,0.322130454338726,0.984567421665018,215,"Enpp6,Enpp2,Asah2,Twist1,Lipc,Cyp26c1,Gpld1,Neu4,Acer2,Gpihbp1"
GOBP_RECEPTOR_CATABOLIC_PROCESS,0.534308211473566,0.698016470654266,0.0480220415968251,0.374175812490372,0.959742869005827,28,"Rnf43,Tgfb1,Abca2,Capn1,Laptm5,Dtx3l,Cdk5,Apoe,Becn2,Mtmr2"
GOBP_SPONTANEOUS_SYNAPTIC_TRANSMISSION,0.535055350553506,0.698810924196537,0.0520570030732099,0.434824859443529,0.958328499198147,13,"Ager,Slc12a2,Stx1b,Doc2b,Prkn,Nsg1,App"
GOBP_POLYSACCHARIDE_METABOLIC_PROCESS,0.536585365853659,0.700627177700349,0.0431901998334182,0.332593664168849,0.982102207548589,101,"B3gnt3,B3gnt6,B3gnt9,Csgalnact1,Lepr,Tgfb1,Phkg1,Prkag3,Pcdh12,Enpp1"
GOBP_COPULATION,0.537647058823529,0.701528109233856,0.0497903187820785,0.402643137343254,0.965788242225146,21,"Tac1,Slc6a4,Oxtr,Semg1,P2rx1,Avpr1a,Ednrb,Abat,P2ry1,Serpine2"
GOBP_MECHANORECEPTOR_DIFFERENTIATION,0.5375,0.701528109233856,0.0442407423477375,0.346647442183129,0.983636706405839,64,"Pls1,Atp8b1,Kcnq1,Clrn2,Pdzd7,Clrn1,Hey2,Ush1c,Mcoln3,Cdh23"
GOBP_PYRIDINE_NUCLEOTIDE_METABOLIC_PROCESS,0.537694013303769,0.701528109233856,0.0470699590082662,0.371188982841504,0.964197669901953,32,"Ptgis,Nnmt,Kmo"
GOBP_POSITIVE_REGULATION_OF_MITOTIC_NUCLEAR_DIVISION,0.537967914438503,0.701703348698068,0.0454059226590179,0.355841217926953,0.965753520975343,44,"Edn1,Edn3,Tgfa,Il1a"
GOBP_RHYTHMIC_PROCESS,0.538461538461538,0.702165020452958,0.0422468188360053,0.319213347151664,0.987566958468437,295,"Serpinf1,A2m,Id4,Adora2a,Nos3,Timp4,Twist1,Kcnq1,Egr3,Mapk10"
GOBP_AMYLOID_PRECURSOR_PROTEIN_CATABOLIC_PROCESS,0.539515279241307,0.703356667205925,0.0445961615888961,0.348041219107379,0.969146928833552,55,"Ager,Rtn4,Bace1,Adam19,Abca2,Abcg1,Prnp,Lyn,Dhcr24,Tnf"
GOBP_ADIPOSE_TISSUE_DEVELOPMENT,0.540106951871658,0.703398354160317,0.0452247443372884,0.355481722161999,0.964777849009059,44,"Hmgcs2,Sox8,Csf1,Nr1h4,Pou4f2,Casr"
GOBP_REGULATION_OF_MYELOID_CELL_APOPTOTIC_PROCESS,0.539772727272727,0.703398354160317,0.0480220415968251,0.378856736678455,0.963724518469412,27,"Hcar2,Ccr5,Irf7,Apoh,Nod2,Kitl,St6gal1,Clec5a,Pik3cd,Itpkb"
GOBP_RESPONSE_TO_INTERLEUKIN_4,0.54,0.703398354160317,0.0469758727821845,0.371243009783918,0.967953577590248,34,"Il2rg,Jak3,Dcstamp,Cd300lf,Il4ra,Rufy4,Gata3,Xcl1,Parp14"
GOBP_RESPONSE_TO_MUSCLE_ACTIVITY,0.539833531510107,0.703398354160317,0.0500922874402106,0.405185526019447,0.960593492720097,20,"Agt,Tns2,Capn3,Prkag3"
GOBP_CEREBRAL_CORTEX_GABAERGIC_INTERNEURON_DIFFERENTIATION,0.540302267002519,0.703470472991884,0.0526973085708419,0.460520667226796,0.965116950823305,10,"Cntn2,Lhx6,Dlx2,Rac3"
GOBP_HISTONE_LYSINE_DEMETHYLATION,0.540983606557377,0.704175191653013,0.172324344900946,-0.268418264920574,-0.93798349857505,27,"Riox1,Kdm2b,Kdm1a,Kdm1b,Riox2,Uty,Hsf4,Kdm5d,Ube2b,Kdm8"
GOBP_REGULATION_OF_SMOOTH_MUSCLE_CELL_DIFFERENTIATION,0.541573033707865,0.704759937988464,0.0473534245254193,0.373912259465324,0.958069602907551,29,"Eng,Hey2,Shh,Gper1,Myocd,Fgfr2,Pdgfb,Ereg,Efemp2"
GOBP_HOMOCYSTEINE_METABOLIC_PROCESS,0.542183622828784,0.704915903106763,0.0518457624865066,0.441761831218558,0.959292648899797,12,"Dpep1,Mpst,Nox4,Tst,Bhmt,Cbs"
GOBP_LIPID_DROPLET_FORMATION,0.542394014962594,0.704915903106763,0.0520570030732099,0.44727461989335,0.958101248444561,11,"Cds1,Zfyve1,Sqle,Smim22,Cds2"
GOBP_L_ASPARTATE_TRANSMEMBRANE_TRANSPORT,0.542394014962594,0.704915903106763,0.0520570030732099,0.446282285799521,0.955975582261224,11,"Slc25a18,Slc1a1"
GOBP_NEUTROPHIL_MEDIATED_IMMUNITY,0.542261251372119,0.704915903106763,0.0462302524077616,0.36833992464563,0.970459924778003,36,"Il6,Cxcl5,Stxbp3,Ctsg,Ptafr,Anxa3,Trem1,Itgam,Myd88,Itgb2"
GOBP_POSITIVE_REGULATION_OF_ATP_BIOSYNTHETIC_PROCESS,0.542183622828784,0.704915903106763,0.0518457624865066,0.440832874916959,0.957275405923384,12,"Myc,Il4,Trem2,Pink1,Pid1,Tmsb4x"
GOBP_REGULATION_OF_AMYLOID_PRECURSOR_PROTEIN_CATABOLIC_PROCESS,0.542702702702703,0.705134785858487,0.0454967810085007,0.359521236453604,0.96642759445996,41,"Ager,Rtn4,Abca2,Abcg1,Prnp,Lyn,Tnf,Igf1,Spon1,Clu"
GOBP_POST_EMBRYONIC_DEVELOPMENT,0.543032786885246,0.705381348752489,0.0430173196927508,0.335640385581207,0.978584343853829,87,"Klf4,Efemp1,Selenop,Kdr,Nkx2-3,Cela1,Nppc,Csrnp1,Alx4,Scube1"
GOBP_FRUCTOSE_1_6_BISPHOSPHATE_METABOLIC_PROCESS,0.543269230769231,0.705494676251216,0.128142916898415,-0.341823858921933,-0.904614623939617,10,"Tigar,Fbp2,Pfkp,Ifng,Aldoa"
GOBP_REGULATION_OF_SYNAPTIC_VESICLE_RECYCLING,0.543400713436385,0.705494676251216,0.0497903187820785,0.404164590621892,0.958173110360901,20,"Dnm3,Stx1b,Snca,Lrrk2,Cdk5,Nlgn1,Abca13"
GOBP_ASYMMETRIC_CELL_DIVISION,0.5437125748503,0.705717302807244,0.0500922874402106,0.406160671989013,0.951012448405941,18,"Zbtb16,Insc,Wnt9b,Pou5f1,Tead3,Arhgef2"
GOBP_REGULATION_OF_PLASMINOGEN_ACTIVATION,0.544471153846154,0.706519486418331,0.0501934252649434,0.418803758946915,0.951545333382272,15,"Clec3b,Thbs1,Serpine1"
GOBP_CALCIUM_ION_REGULATED_EXOCYTOSIS_OF_NEUROTRANSMITTER,0.544910179640719,0.706906702723585,0.144630528034484,-0.31017788373021,-0.936771093991635,17,"Syt1,Syt2,Unc13a,Syt4,Stxbp1"
GOBP_POSITIVE_REGULATION_OF_NEURON_PROJECTION_DEVELOPMENT,0.546546546546547,0.708846617515348,0.0416556773979467,0.32445318122204,0.979498337125262,144,"Serpinf1,Pla2g3,Plxnb3,Ndnf,Agt,Ntrk3,Scarf1,S100a9,Mdk,Ret"
GOBP_POSITIVE_REGULATION_OF_DIGESTIVE_SYSTEM_PROCESS,0.547058823529412,0.709328012866225,0.142901149386948,-0.32059911599308,-0.92464966232855,15,"Sct,Aqp1"
GOBP_CELLULAR_RESPONSE_TO_ALKALOID,0.547356828193833,0.709348485519566,0.0459538081039063,0.368239307084229,0.967009632831905,35,"Gstm7,Tgm2,Casq2,Htr1b,Bcl2l1,Slc1a1"
GOBP_NK_T_CELL_ACTIVATION,0.547355473554736,0.709348485519566,0.051011413203915,0.430625514427652,0.949073388964039,13,"Il18,Il12b,Il15,Elf4,Zbtb7b,Il23a,Il12a,Jak2"
GOBP_MANGANESE_ION_TRANSMEMBRANE_TRANSPORT,0.547858942065491,0.709816211794646,0.0520570030732099,0.458454272576692,0.960786390555694,10,"Slc39a8,Slc11a1,Atp2c1"
GOBP_AMYLOID_PRECURSOR_PROTEIN_BIOSYNTHETIC_PROCESS,0.549636803874092,0.711569459972975,0.0500922874402106,0.425807795932216,0.954836388379741,14,"Itm2c,Itm2a,Bace2,Abca2,Itm2b"
GOBP_ATP_TRANSPORT,0.549636803874092,0.711569459972975,0.0500922874402106,0.425619425116309,0.954413983456074,14,"Abcc6,Slc17a9,Slc25a42,Slc25a41,Cd47"
GOBP_SKELETAL_MUSCLE_ORGAN_DEVELOPMENT,0.54945054945055,0.711569459972975,0.0413209506074822,0.324840899318199,0.987314923997248,164,"Foxl2,Twist1,Sox8,Fos,Srpk3,Vamp5,Tll2,Ephb1,Tcf21,Atf3"
GOBP_REGULATION_OF_MEIOTIC_CELL_CYCLE,0.54978813559322,0.711582120913264,0.0439759278026345,0.350873043881429,0.967303523363407,50,"Wnt4,Msx2,Mapk15,Dusp1,Nppc,Meiosin,Lfng,Ovol1,Topaz1,Wnt5a"
GOBP_FATTY_ACID_DERIVATIVE_METABOLIC_PROCESS,0.550515463917526,0.712340086773077,0.0426733861156084,0.340213628070571,0.973131825484692,68,"Hmgcs2,Cyp4f14,Elovl7,Alox12,Ggt7,Cyp4f18,Cyp4f15,Elovl1,Cyp4f40,Ggt5"
GOBP_PROTEIN_LOCALIZATION_TO_CILIUM,0.550808751265503,0.712536179261885,0.143902565267782,-0.225057968627953,-0.97988282166905,72,"Tulp1,Pcare,Crocc,Tub,Wdr35,Rom1,Ttc21b,Spata7,Tmem107,Efcab7"
GOBP_MEMBRANE_DEPOLARIZATION_DURING_CARDIAC_MUSCLE_CELL_ACTION_POTENTIAL,0.551764705882353,0.713589188698376,0.0486034247259069,0.399273007561921,0.957704578514744,21,"Hcn2,Scn4b,Kcnj2,Scn1b,Slc8a1,Atp1a2,Hcn4,Scn2b"
GOBP_OXIDATIVE_DEMETHYLATION,0.552220888355342,0.713995474733103,0.0494904866135495,0.404930939052241,0.95212821019989,19,"Cyp2d22,Cyp3a13"
GOBP_POSTSYNAPTIC_MEMBRANE_ORGANIZATION,0.553333333333333,0.715087358946717,0.0458620343117985,0.367801857141441,0.958981352057277,34,"Colq,Glrb,Lrrc4,Shisa6,Nlgn3,Chrnb1,Nrxn2"
GOBP_POSTSYNAPTIC_NEUROTRANSMITTER_RECEPTOR_INTERNALIZATION,0.553349875930521,0.715087358946717,0.0509082865515105,0.437132312459771,0.949239577313695,12,"Itgb3,Dnm3"
GOBP_DENDRITE_MORPHOGENESIS,0.553553553553554,0.715166721591805,0.0410713282497468,0.324820345081008,0.977181275953002,137,"Kndc1,Dcdc2a,Dock10,Sema4d,Dnm3,Phactr1,Ptprd,Dip2a,Srcin1,Ctnna2"
GOBP_DETECTION_OF_TEMPERATURE_STIMULUS,0.55388180764774,0.715375802722836,0.0477342401407188,0.390923368850596,0.96877903892039,24,"Cxcl12,Htr2a,Adora1,Ephb1"
GOBP_REGULATION_OF_SYNAPSE_STRUCTURE_OR_ACTIVITY,0.554,0.715375802722836,0.0409883873374721,0.320982854139497,0.981240779918583,210,"Lrrn1,Lrrc4b,Srgn,Dkk1,Sema4d,Dnm3,Klk8,Arhgef15,Ntrk3,Ptprd"
GOBP_ACETYL_COA_METABOLIC_PROCESS,0.554444444444444,0.715765850596359,0.04577044581081,0.369366388744921,0.959471241570016,33,"Hmgcs2,Dip2a,Acss2,Hmgcs1,Pipox,Tdo2,Mvk,Pdha2,Pmvk,Pdk4"
GOBP_NEURAL_TUBE_DEVELOPMENT,0.555110220440882,0.716441355110735,0.0409883873374721,0.322161933410509,0.974853422640504,154,"Sox17,Epha2,Aldh1a2,Foxb1,Twist1,Nodal,Bmp5,Tgfb1,Rgma,Sall4"
GOBP_CELLULAR_SODIUM_ION_HOMEOSTASIS,0.556470588235294,0.717814319050676,0.0482149710025565,0.397273063400342,0.952907470661114,21,"Agt,Il1a,Slc12a2,Atp1b2,Atp4b,Slc8a1,Tmprss3,Atp1a4,Atp1a2,Atp1a1"
GOBP_METANEPHRIC_COLLECTING_DUCT_DEVELOPMENT,0.556675062972292,0.717814319050676,0.0513223330421143,0.456608025107018,0.956917194545171,10,"Wnt7b,Shh"
GOBP_POSITIVE_REGULATION_OF_NOTCH_SIGNALING_PATHWAY,0.556745182012848,0.717814319050676,0.0438879842863647,0.353823450852974,0.9567438683236,43,"Nos3,Trp63,Dll4,Lfng,Epn2,Enho,Nod2,Il6st,Cntn6,Hes1"
GOBP_REGULATION_OF_ARP2_3_COMPLEX_MEDIATED_ACTIN_NUCLEATION,0.556470588235294,0.717814319050676,0.0482149710025565,0.39751152744498,0.953479455501148,21,"Dnai3,Ctnna2,Hip1r"
GOBP_CELLULAR_RESPONSE_TO_ACIDIC_PH,0.556900726392252,0.717830756813808,0.0494904866135495,0.423414535638259,0.94946971346828,14,Pkd2l1
GOBP_NEUROTROPHIN_TRK_RECEPTOR_SIGNALING_PATHWAY,0.557358053302433,0.718236076378194,0.0474483193656297,0.389463558980796,0.965161365188502,24,"Agt,Agtr2,Dok5,Spry2,Sort1,Ndn,Zfyve27,Cyfip2,Src"
GOBP_INTRINSIC_APOPTOTIC_SIGNALING_PATHWAY_IN_RESPONSE_TO_DNA_DAMAGE,0.557926829268293,0.718610498544361,0.0414044273760278,0.327480943671571,0.967005064614422,101,"Epha2,Snai2,Cxcl12,Tnfrsf1b,Ackr3,Hic1,Snai1,Trp63,Bcl2l1,Nfatc4"
GOBP_POSITIVE_REGULATION_OF_ARP2_3_COMPLEX_MEDIATED_ACTIN_NUCLEATION,0.557934508816121,0.718610498544361,0.0512184348540341,0.455821442501938,0.955268746908811,10,"Was,Wasf2,Abi2,Wasf1,Fchsd2,Nckap1"
GOBP_RESPONSE_TO_VITAMIN_A,0.558083832335329,0.718618705212526,0.0488970772260102,0.409113070476349,0.948529489391361,17,"Aldh1a2,Cyp26b1,Tshb,Lrat,Cyp26a1,Epo,Gata4"
GOBP_GAMMA_DELTA_T_CELL_DIFFERENTIATION,0.560885608856089,0.72167185966715,0.0498907356726307,0.425924109880387,0.938711768955308,13,"Egr3,Sox13,Jag2,Ccr9,Lef1,Ptprc,Gpr18,Nckap1l,Klrc1"
GOBP_REGULATION_OF_PINOCYTOSIS,0.560794044665012,0.72167185966715,0.0502948063662358,0.433443400324809,0.941229047558906,12,"Stx1b,Cav1,Axl,Nr1h3,Ppt1,Cln3"
GOBP_RIBONUCLEOSIDE_MONOPHOSPHATE_CATABOLIC_PROCESS,0.560885608856089,0.72167185966715,0.0498907356726307,0.426858341462896,0.940770760595102,13,"Xdh,Gda,Dpys"
GOBP_PEPTIDYL_SERINE_MODIFICATION,0.561438561438561,0.722198477060299,0.0403295396423143,0.316525506925914,0.981938689456772,331,"Dcn,Sgk2,Spock3,Osm,Irgm2,Ndnf,Csf3,Dkk1,Plcl1,Prkch"
GOBP_REGULATION_OF_ER_TO_GOLGI_VESICLE_MEDIATED_TRANSPORT,0.561743341404358,0.722405673379307,0.0490939668192139,0.420882269394534,0.943791329987109,14,Mapk15
GOBP_LOOP_OF_HENLE_DEVELOPMENT,0.5625,0.723193734015345,0.12563992130984,-0.335859483606874,-0.888830292355263,10,"Irx1,Hes5,Dll1"
GOBP_POSITIVE_REGULATION_OF_SODIUM_ION_TRANSMEMBRANE_TRANSPORTER_ACTIVITY,0.563218390804598,0.723932204186835,0.13880510939114,-0.315908525225306,-0.924447783023368,16,"Drd4,Wnk4,Glrx,Atp1b1,Fxyd2"
GOBP_NATURAL_KILLER_CELL_PROLIFERATION,0.564164648910412,0.724963110959264,0.0488970772260102,0.42047985810915,0.942888958207987,14,"Il18,H2-T23,Il12b,Il15"
GOBP_METAL_ION_EXPORT,0.564618644067797,0.725175759767198,0.0427591434738678,0.347542248449885,0.955969432762053,48,"Kcna5,Nppa,Kcnq1,Kcne4,Kcna2,Fxyd1,Atp2b4,Atp1b2,Atp4b,Slc4a4"
GOBP_POSITIVE_REGULATION_OF_ACTIN_FILAMENT_DEPOLYMERIZATION,0.564575645756458,0.725175759767198,0.0495901956956338,0.423838582469737,0.934115388803441,13,"Vil1,Sema5a,Plek"
GOBP_METHYLGUANOSINE_CAP_DECAPPING,0.564903846153846,0.725266668316587,0.048505983646947,0.414289860458199,0.941289506039417,15,Zfp36
GOBP_NEGATIVE_REGULATION_OF_EPITHELIAL_TO_MESENCHYMAL_TRANSITION,0.564977973568282,0.725266668316587,0.0445070537769277,0.361256890027024,0.948673555110516,35,"Bmp5,Nog,Tbx5,Smad7,Foxa1,Dact3,Ovol2,Gata3,Spry2,Nkx2-1"
GOBP_NEURON_CELLULAR_HOMEOSTASIS,0.565555555555556,0.725637513470592,0.0448645113168564,0.3654997746413,0.94942727128003,33,"Il6,Htr1b,Dnajb2,Adora1,Map1a,P2ry4,P2rx1,Prkn,Tyro3,Cdk5"
GOBP_POSITIVE_REGULATION_OF_LONG_TERM_SYNAPTIC_POTENTIATION,0.56551724137931,0.725637513470592,0.153158808683073,-0.272295189717206,-0.918155416705632,22,"Ephb2,Akap5,Adcy1,Chrna7,Ins2,Zdhhc2,Reln"
GOBP_SPLEEN_DEVELOPMENT,0.567777777777778,0.728302855036716,0.0446854397644147,0.364386125637791,0.950075407859244,34,"Hoxb4,Nkx2-3,Ripk3,Tcf21"
GOBP_CEREBELLAR_PURKINJE_CELL_LAYER_MORPHOGENESIS,0.568862275449102,0.729011128365211,0.141225119642531,-0.306423974501841,-0.925433878029251,17,"Lhx1,Kif14,Sptbn2,Dll1,Ttc21b"
GOBP_HEPARIN_BIOSYNTHETIC_PROCESS,0.56857855361596,0.729011128365211,0.0498907356726307,0.43956452478196,0.941585552218358,11,Csgalnact1
GOBP_HORMONE_BIOSYNTHETIC_PROCESS,0.569055036344756,0.729011128365211,0.041488040200221,0.343040981233547,0.971223405128285,62,"Wnt4,Chst8,Dab2,Bmp5,Hsd17b11,Cyp19a1,Egr1,Cyp21a1,Lhb,Hfe"
GOBP_MALE_SEX_DETERMINATION,0.569007263922518,0.729011128365211,0.048505983646947,0.416588075494653,0.934161979295238,14,"Ptgdr,Dhh,Nr5a1,Ar"
GOBP_VITAMIN_TRANSPORT,0.568648648648649,0.729011128365211,0.0433636987883266,0.35311202162541,0.949199009773591,41,"Slc52a3,Slc19a3,Slc2a10,Slc22a14,Tcn2,Afm"
GOBP_REGULATION_OF_HEART_MORPHOGENESIS,0.569825436408978,0.729626201942927,0.0497903187820785,0.439433802502434,0.941305533693624,11,"Dkk1,Wnt5a"
GOBP_RESPONSE_TO_MERCURY_ION,0.569825436408978,0.729626201942927,0.0497903187820785,0.439261697818426,0.940936870448992,11,"Mbp,Slc1a1,Aqp9"
GOBP_POSITIVE_REGULATION_OF_NEURON_DEATH,0.570552147239264,0.730370675877713,0.0406579344155557,0.330603419108515,0.96249277832131,84,"Dkk1,Fos,Ccl3,Adora1,Tlr4,Bace1,Egr1,Kmo,Mapt,Itga1"
GOBP_INDUCTION_OF_POSITIVE_CHEMOTAXIS,0.570719602977667,0.730399043831144,0.0494904866135495,0.430634555475998,0.935129597527352,12,"Cxcl12,Ager,Pgf,Vegfc,Il16"
GOBP_MEMBRANE_BIOGENESIS,0.571129707112971,0.7307378563647,0.0416556773979467,0.340858153312198,0.9575150902492,58,"Dmkn,Ptprd,Emp2,Rftn1,Clip3,Cav2,Nlgn3,Nrxn2,Cav1,Sirt2"
GOBP_NEGATIVE_REGULATION_OF_HISTONE_H3_K9_METHYLATION,0.571428571428571,0.730934205743366,0.128788713061714,-0.320126157168354,-0.884324340860911,12,"Brca1,Dnmt3b,Dnmt1,Kdm1a,Pih1d1,Smarcb1"
GOBP_EMBRYONIC_CAMERA_TYPE_EYE_FORMATION,0.572319201995013,0.731449958803008,0.0495901956956338,0.438406063109092,0.939104026270574,11,"Twist1,Wnt5a,Prox1,Aldh1a3,Phactr4,Pax2"
GOBP_KETONE_BIOSYNTHETIC_PROCESS,0.572043010752688,0.731449958803008,0.042845050912155,0.352759777511663,0.950642516640492,42,"Wnt4,Dab2,Bmp5,Cyp19a1,Egr1,Lhb"
GOBP_NEGATIVE_REGULATION_OF_INTRINSIC_APOPTOTIC_SIGNALING_PATHWAY_BY_P53_CLASS_MEDIATOR,0.572413793103448,0.731449958803008,0.152144922367565,-0.27097807736164,-0.913714229753603,22,"Atad5,Zfp385a,Taf9,Armc10,Mif,Ell3,Kdm1a,Triap1,Rrn3"
GOBP_NORADRENERGIC_NEURON_DIFFERENTIATION,0.572319201995013,0.731449958803008,0.0495901956956338,0.438601501188096,0.939522671682495,11,"Edn1,Ednra"
GOBP_REGULATION_OF_PROTEIN_DEACETYLATION,0.572622779519331,0.731531057850998,0.041488040200221,0.339878838079091,0.95888055794938,60,"Aplnr,Tppp,Nnmt,Fry,Mapt,Prkd2,Pink1,Ndn,Lrrk2,Jdp2"
GOBP_G_PROTEIN_COUPLED_RECEPTOR_INTERNALIZATION,0.573317307692308,0.732232242319418,0.0478299633114229,0.41098496056818,0.933780590466283,15,"Htr1b,Apln,Arrb1,Apela,Dnm2,Htr2b"
GOBP_NEUROTRANSMITTER_BIOSYNTHETIC_PROCESS,0.573849878934625,0.732726274169255,0.0481183992657975,0.415618710181542,0.931988263164547,14,"Moxd1,Slc5a7,Dbh,Moxd2,Gad1"
GOBP_NUCLEAR_BODY_ORGANIZATION,0.574712643678161,0.733641559108714,0.137250779610133,-0.313241209166584,-0.91664237664711,16,"Dyrk3,Serbp1,Celf3,Uspl1,Zpr1,Sumo1,Fam118b"
GOBP_MEGAKARYOCYTE_DIFFERENTIATION,0.575184016824395,0.734056880572794,0.0415717899246479,0.341834722168101,0.950178218189571,53,"Fli1,Lox,Pip4k2a,Gata2,Tal1,Rab7b,Mpig6b,Il11,Pf4,Scin"
GOBP_CELLULAR_RESPONSE_TO_GROWTH_HORMONE_STIMULUS,0.57550535077289,0.734158279060588,0.0471642455670861,0.392355845883743,0.930177531485968,20,"Jak3,Myc,Pik3r1,Lyn,Leprot,Stat3,Ghr,Jak2,Ptk2,Pxn"
GOBP_NEGATIVE_REGULATION_OF_PROTEIN_DEPHOSPHORYLATION,0.575555555555556,0.734158279060588,0.0440640346597561,0.362275512310585,0.941051882842248,33,"Ppp1r16b,Ppp1r15a,Ppp4r4,Tnf,Gnai2,Styxl1,Mgat5"
GOBP_CELLULAR_RESPONSE_TO_CADMIUM_ION,0.575928008998875,0.734447006909524,0.0445961615888961,0.365128888548903,0.936537946481643,28,"Fos,Jun,Ncf1,Mt4,Mmp9,Cyp1a2,Mt3"
GOBP_BASEMENT_MEMBRANE_ASSEMBLY,0.576271186440678,0.734698263818739,0.047925896705813,0.413540941089013,0.927329049417992,14,"Phldb1,Ramp2,Ntn4,Phldb2,Lamb2,Clasp2"
GOBP_NEGATIVE_REGULATION_OF_T_CELL_CYTOKINE_PRODUCTION,0.576429404900817,0.734713645648176,0.0462302524077616,0.385055766899922,0.937878383028193,22,"Smad7,H2-Q2,Hfe,Xcl1,H2-M3,H2-Q1,Ifna6,Ifna9,Lilrb4b,Tbx21"
GOBP_NEUROTRANSMITTER_TRANSPORT,0.576576576576577,0.734714943079962,0.0391956336118146,0.317896439186715,0.970967892951145,208,"Adra2a,Itgb3,Sncg,Slc6a1,Adora2a,Mctp2,Sv2a,Htr2a,Kcnj10,Gabra2"
GOBP_POSITIVE_REGULATION_OF_MRNA_3_END_PROCESSING,0.576923076923077,0.7349701742758,0.12384217120105,-0.331207217600347,-0.876518372768274,10,"Nudt21,Ncbp1,Hsf1,Cdc73,Leo1,Dhx36"
GOBP_NEGATIVE_REGULATION_OF_REACTIVE_OXYGEN_SPECIES_METABOLIC_PROCESS,0.577297297297297,0.735260581077657,0.0426733861156084,0.35142642325001,0.944667959537917,41,"Mmp3,Plin5,Mpv17l,Hp,Cryab,Sirt2,Pink1,Fyn,Mt3,Prkn"
GOBP_ANTIGEN_PROCESSING_AND_PRESENTATION_OF_PEPTIDE_OR_POLYSACCHARIDE_ANTIGEN_VIA_MHC_CLASS_II,0.578177727784027,0.736008973808636,0.0444181153081573,0.364963653343338,0.936114126167885,28,"Thbs1,Ctse,Trem2,Ctss,Fcgr2b,Dnm2,H2-DMb1,Marchf8,H2-DMa,Marchf1"
GOBP_CELLULAR_RESPONSE_TO_INCREASED_OXYGEN_LEVELS,0.578163771712159,0.736008973808636,0.0488970772260102,0.427483611369881,0.928287273667561,12,"Fas,Foxo1,Cav1"
GOBP_CARDIAC_PACEMAKER_CELL_DIFFERENTIATION,0.579345088161209,0.736649823143002,0.0494904866135495,0.446932889709005,0.936640933698154,10,"Tbx3,Tbx5,Tbx18"
GOBP_CEREBRAL_CORTEX_RADIALLY_ORIENTED_CELL_MIGRATION,0.58,0.736649823143002,0.184706471207739,-0.268388458587076,-0.955296645800254,32,"Lamb1,Gli3,Pou3f2,Nr2e1,Mdga1,Cdk5r1,Foxg1,Dab1"
GOBP_FRUCTOSE_6_PHOSPHATE_METABOLIC_PROCESS,0.58,0.736649823143002,0.126253987849115,-0.333548025032194,-0.907441005411836,11,"Hk2,Fbp2,Pfkp"
GOBP_MAINTENANCE_OF_ORGANELLE_LOCATION,0.58,0.736649823143002,0.126253987849115,-0.333761944875354,-0.908022989483055,11,"Aspm,Polr2m,Spout1,Gpsm2,Arhgap21"
GOBP_NEGATIVE_REGULATION_OF_STEROL_TRANSPORT,0.579335793357934,0.736649823143002,0.0484087618816951,0.419345033841717,0.924211871055455,13,"Apoc1,Shh,Abca2,Abcg8"
GOBP_RESPONSE_TO_FORSKOLIN,0.579800498753117,0.736649823143002,0.0489954089862481,0.436309893253061,0.934613847604738,11,"Adcy5,Cftr,Gnai1,Ahr"
GOBP_SULFUR_AMINO_ACID_METABOLIC_PROCESS,0.58,0.736649823143002,0.184706471207739,-0.266961300889778,-0.950216848522703,32,"Gnmt,Cth,Mthfd2l,Mtap,Sms,Msra,Mthfr,Mtr"
GOBP_VESICLE_TARGETING,0.579459459459459,0.736649823143002,0.0425023180036553,0.351069091714749,0.943707418070454,41,"Mapk15,Map4k2,Wipi1,Arfgap3,Irag2,Stard3,Nlgn1,Clasp2,Ap1m2,Snap23"
GOBP_VITAMIN_D_METABOLIC_PROCESS,0.579072532699168,0.736649823143002,0.0468819856878333,0.391834979599199,0.928942687861552,20,"Snai2,Cyp27a1,Snai1,Tnf,Ugt1a5,Cyp24a1,Ugt1a2,Gfi1,Fgf23,Lgmn"
GOBP_ESTABLISHMENT_OF_CELL_POLARITY,0.580580580580581,0.737014792570348,0.038875878582578,0.319476500536653,0.96408745190684,143,"Ccl21a,Foxf1,Ccl19,Gsn,Cdh5,Prkcz,Insc,Ephb1,Fez1,Shh"
GOBP_GLUTAMINE_FAMILY_AMINO_ACID_BIOSYNTHETIC_PROCESS,0.580459770114943,0.737014792570348,0.136490437780413,-0.310773398176043,-0.909420784898361,16,"Nags,Gls2,Aldh18a1,Asl"
GOBP_MECHANOSENSORY_BEHAVIOR,0.582010582010582,0.738457141788793,0.130105630751129,-0.326016917155459,-0.917060307218614,13,"Cntnap2,Neurog1,Strbp"
GOBP_SPECIFICATION_OF_ANIMAL_ORGAN_IDENTITY,0.581958195819582,0.738457141788793,0.0431036828790402,0.356685337142256,0.941057578518562,37,"Fgf1,Dkk1,Wnt2,Six1,Foxh1,Wnt5a,Fgfr2,Pax2,Ar,Fgf2"
GOBP_SERINE_FAMILY_AMINO_ACID_CATABOLIC_PROCESS,0.583025830258303,0.739558629499997,0.0481183992657975,0.418371526969881,0.922066318980444,13,"Sds,Dao,Agxt,Scly"
GOBP_ANTIGEN_PROCESSING_AND_PRESENTATION_OF_EXOGENOUS_PEPTIDE_ANTIGEN,0.584444444444444,0.740487773659313,0.0433636987883266,0.359098668967902,0.932799670623821,33,"H2-T23,Mfsd6,Ctse,Ctss,H2-Q2,Fcgr2b,Dnm2,Tap1,H2-DMb1,H2-M3"
GOBP_LYSOSOMAL_LUMEN_ACIDIFICATION,0.585,0.740487773659313,0.12563992130984,-0.331060845852305,-0.900674458449311,11,"Cln6,Ccdc115,Tmem199,Tmem9,Cln5,Grn,Atp6ap2,Cln3,Tmem106b,Ppt1"
GOBP_NEGATIVE_REGULATION_OF_SIGNAL_TRANSDUCTION_BY_P53_CLASS_MEDIATOR,0.584257206208426,0.740487773659313,0.0432768714901103,0.360142591408337,0.935503647791841,32,"Snai2,Twist1,Snai1,Rffl,Taf9b,Muc1"
GOBP_PHENOL_CONTAINING_COMPOUND_METABOLIC_PROCESS,0.584677419354839,0.740487773659313,0.038875878582578,0.322843216939364,0.959728358966131,111,"Slco1c1,Ctsk,Epas1,Gpr37,Sult1a1,Fah,Cyp2e1,Ednra,Moxd1,Npr1"
GOBP_POSITIVE_REGULATION_OF_LIGASE_ACTIVITY,0.584382871536524,0.740487773659313,0.0490939668192139,0.444600818216409,0.931753592286117,10,"Ripk3,Mid1ip1"
GOBP_POSITIVE_REGULATION_OF_PROTEIN_LOCALIZATION_TO_MEMBRANE,0.584349593495935,0.740487773659313,0.0392758570896778,0.323276380196366,0.955283173384644,102,"Epha2,Pls1,Prkch,Tnfaip6,Vil1,Rhog,Arhgef16,Gzmb,Clip3,Gper1"
GOBP_PROTEIN_K63_LINKED_UBIQUITINATION,0.585084033613445,0.740487773659313,0.0407403526717903,0.33778274555516,0.944069707381138,56,"Trim12c,Traf1,Trim5,Rnf152,Rnf186,Trim21,Nod2,Sash1,Prkn,Ube2e2"
GOBP_REGULATION_OF_AXON_GUIDANCE,0.585,0.740487773659313,0.12563992130984,-0.331826992240917,-0.902758813915388,11,"Tbr1,Fezf2,Slit2,Vegfa"
GOBP_REGULATION_OF_CELLULAR_CARBOHYDRATE_CATABOLIC_PROCESS,0.585,0.740487773659313,0.12563992130984,-0.331402881677925,-0.901604991116856,11,"Tigar,Ins2,Trp53,Pgam1,Ppp1ca"
GOBP_PHOSPHOLIPID_EFFLUX,0.585485854858549,0.740809814340278,0.047925896705813,0.417903518973998,0.921034856793848,13,"Apoc1,Abcg1,Apoe,Abca12,Apoc3,Abca7,Apoa4,Apoa2,Abca3"
GOBP_REGULATION_OF_INTRINSIC_APOPTOTIC_SIGNALING_PATHWAY_IN_RESPONSE_TO_DNA_DAMAGE,0.585792349726776,0.741011107719301,0.0425023180036553,0.35411935979202,0.938235393387142,38,"Snai2,Cxcl12,Ackr3,Snai1,Bcl2l1,Taf9b,Nacc2,Muc1"
GOBP_REGULATION_OF_NOTCH_SIGNALING_PATHWAY,0.586382113821138,0.741570537403487,0.0391155247681459,0.324822927872341,0.953439960433048,91,"Nos3,Gata2,Dlk2,Trp63,Hey2,Dll4,Lfng,Nfkbia,Epn2,Arrb1"
GOBP_NEGATIVE_REGULATION_OF_VOLTAGE_GATED_POTASSIUM_CHANNEL_ACTIVITY,0.586538461538462,0.741581701748955,0.122679189568808,-0.330327307372052,-0.874189747543632,10,"Kcne2,Kcne1"
GOBP_NON_LYTIC_VIRAL_RELEASE,0.586715867158672,0.741619478050451,0.0478299633114229,0.417758907750243,0.920716142134329,13,"Chmp2b,Chmp7,Chmp4b,Chmp3,Chmp1b,Chmp5,Vps4a,Chmp1a,Chmp2a"
GOBP_ENTRAINMENT_OF_CIRCADIAN_CLOCK,0.588235294117647,0.74223364044413,0.181383128498408,-0.260348419659367,-0.942140395014455,33,"Pde6b,Atoh7,Rbm4,Ppp1cc,Trp53,Nr2f6,Fbxl6,Ppp1ca,Mta1"
GOBP_EPITHELIAL_CELL_DIFFERENTIATION_INVOLVED_IN_PROSTATE_GLAND_DEVELOPMENT,0.58816120906801,0.74223364044413,0.0487989701682839,0.44314390749828,0.928700332508723,10,"Trp63,Foxa1,Psap,Fgfr2,Ar"
GOBP_GOLGI_RIBBON_FORMATION,0.587945879458795,0.74223364044413,0.0477342401407188,0.417214000829665,0.919515199225802,13,"Fhdc1,Optn,Golga2,Trip11,Stx6,Tmed5,Vamp4,Gcc2,Stx16,Myo18a"
GOBP_MODIFIED_AMINO_ACID_TRANSPORT,0.587583148558758,0.74223364044413,0.0430173196927508,0.359599419092566,0.934092707528441,32,"Slc13a3,Slc6a20a,Slc6a13,Slc22a4,Slc7a9,Slc7a13,Abcc5,Slc25a29,Slc3a1"
GOBP_POSITIVE_REGULATION_OF_GLUCONEOGENESIS,0.588164251207729,0.74223364044413,0.0468819856878333,0.404192694928921,0.926469160588019,16,"Nnmt,Foxo1,Kat2b"
GOBP_TELENCEPHALON_GLIAL_CELL_MIGRATION,0.587412587412587,0.74223364044413,0.151148761385484,-0.275198804167936,-0.935363532874756,23,"Lamb1,Gli3,Nr2e1,Cdk5r1,Foxg1,Dab1"
GOBP_TUBULIN_DEACETYLATION,0.588098016336056,0.74223364044413,0.0453152441270267,0.38144399570118,0.92908121019524,22,"Tppp,Fry,Mapt"
GOBP_GLIAL_CELL_APOPTOTIC_PROCESS,0.589371980676329,0.743343460352994,0.046788296531803,0.403176634337389,0.924140200131399,16,"Prkch,Ccl2,Trem2,Cdk5,Akap12,Gas6"
GOBP_RIBOSE_PHOSPHATE_METABOLIC_PROCESS,0.58941058941059,0.743343460352994,0.0380842053196415,0.312679262781031,0.971316002709242,362,"Hmgcs2,Epha2,Adcy4,Nppa,Pde2a,Nppb,Sult1a1,Htr2a,Nme9,Slc26a1"
GOBP_BRANCHED_CHAIN_AMINO_ACID_METABOLIC_PROCESS,0.589714285714286,0.743539933354832,0.0442407423477375,0.375176144910856,0.938886522934313,25,"Sds,Ilvbl,Aldh6a1"
GOBP_DIENCEPHALON_DEVELOPMENT,0.590349075975359,0.743852250552581,0.0392758570896778,0.328887765710522,0.951692636252345,75,"Wnt4,Aldh1a2,Ndnf,Foxb1,Ghrh,Gata2,Sema5a,Sox3,Nog,Shh"
GOBP_GLUTAMINE_FAMILY_AMINO_ACID_METABOLIC_PROCESS,0.590349075975359,0.743852250552581,0.0392758570896778,0.329602777564825,0.949398322029826,72,"Nos3,Fah,Atcay,Rimklb,Slc39a8,Otc,Nos2,Dao,Nr1h4,Art4"
GOBP_TORC2_SIGNALING,0.590405904059041,0.743852250552581,0.0475434194201301,0.416248688419808,0.917387707264603,13,Prr5l
GOBP_MYOBLAST_MIGRATION,0.591635916359164,0.745190675468584,0.0474483193656297,0.415643291740063,0.916053448473001,13,"Six1,Net1,Megf10,Anxa1"
GOBP_REGULATION_OF_ANOIKIS,0.591764705882353,0.745190675468584,0.0454059226590179,0.384950578954053,0.923350501997117,21,"Snai2,Itga5,Cav1,Sik1,Ntrk2,Src,Pdk4,Bcl2,Notch1,Itgb1"
GOBP_AMINO_ACID_BETAINE_METABOLIC_PROCESS,0.592814371257485,0.746064302515916,0.0461379160269737,0.392120376127262,0.918137536912322,18,"Bbox1,Slc22a4,Cpt1c,Dmgdh"
GOBP_POSITIVE_REGULATION_OF_HAIR_FOLLICLE_DEVELOPMENT,0.593052109181142,0.746064302515916,0.0477342401407188,0.424229511857449,0.921220946247526,12,"Msx2,Foxn1,Wnt5a,Tnf,Krt17"
GOBP_REGULATION_OF_PROTEIN_KINASE_A_SIGNALING,0.593037214885954,0.746064302515916,0.0462302524077616,0.392890485647756,0.923817073054284,19,"Iapp,Pde4a,Akap6,Fshr,Lrrk2,Calcr,Akap12,Ramp3"
GOBP_RESPONSE_TO_MITOCHONDRIAL_DEPOLARISATION,0.592814371257485,0.746064302515916,0.138022242496643,-0.303317949425345,-0.916053342983093,17,"Hk2,Htra2,Hdac6,Vps13c,Tomm7,Becn1,Huwe1,Mul1,Gps2,Cdc37"
GOBP_GLYCOSYL_COMPOUND_CATABOLIC_PROCESS,0.594104308390023,0.747200990311895,0.0435378240914002,0.366780255848618,0.927868208322078,26,"Xdh,Enpp4,Cda,Gda"
GOBP_CELLULAR_MODIFIED_AMINO_ACID_METABOLIC_PROCESS,0.595,0.74814032016008,0.0376923295943841,0.317861390038313,0.965977225319724,179,"Slco1c1,Ctsk,Clic5,Pla2g3,Bbox1,Gstm7,Pla1a,Aldh1l1,Folh1,Dpep1"
GOBP_NEUROTRANSMITTER_SECRETION,0.596,0.749210302575644,0.0376142599562161,0.318444286414584,0.961516269409144,145,"Adra2a,Sncg,Adora2a,Mctp2,Sv2a,Htr2a,Htr1b,Unc13c,P2ry4,Apba1"
GOBP_BILE_ACID_SIGNALING_PATHWAY,0.596774193548387,0.749808515613032,0.0474483193656297,0.422411364261054,0.917272810621988,12,"Nr1h4,Cideb,Abcg8,Vdr,Cyp8b1,Slc10a1,Abcb11"
GOBP_MONOCARBOXYLIC_ACID_CATABOLIC_PROCESS,0.596774193548387,0.749808515613032,0.0379271467108098,0.318844191700185,0.953646024256582,125,"Cyp4f14,Fah,Twist1,Cyp26c1,Faah,Ilvbl,Akr1d1,Plin5,Abhd3,Cyp4f18"
GOBP_B_CELL_ACTIVATION,0.597402597402597,0.750255930087391,0.0374584205912161,0.312837281351492,0.971600565962578,353,"Tnfrsf13c,Dock10,Mndal,Lyl1,Il6,Cd40,Cd38,Inhba,Batf,Hhex"
GOBP_B_CELL_DIFFERENTIATION,0.597597597597598,0.750255930087391,0.037536290520292,0.318907024146915,0.959909149976257,138,"Dock10,Lyl1,Il6,Inhba,Hhex,Jak3,Nkx2-3,Inpp5d,Tlr9,Nfam1"
GOBP_NEGATIVE_REGULATION_OF_INFLAMMATORY_RESPONSE_TO_ANTIGENIC_STIMULUS,0.597727272727273,0.750255930087391,0.0433636987883266,0.363208822400254,0.923919818716617,27,"Npy5r,Il12b,Nod2,Lyn,Trem2,Fyn,Plk2,Fcgr2b,Il10"
GOBP_REGULATION_OF_VACUOLE_ORGANIZATION,0.597457627118644,0.750255930087391,0.0401660980049421,0.339455688372833,0.9358276137615,50,"Pip4k2a,Wipi1,Fez1,Scarb2,Pink1,Lrrk2,Mtm1,Tbc1d14,Lrsam1,Fez2"
GOBP_REGULATION_OF_MITOTIC_SPINDLE_ASSEMBLY,0.598599766627771,0.751163511442288,0.0445070537769277,0.377891950024255,0.920429510513561,22,"Hspa1a,Hspa1b"
GOBP_REPRODUCTIVE_BEHAVIOR,0.6,0.752732717743948,0.16440575583821,-0.275116846910233,-0.936489767966447,26,"Nhlh2,Npas1,Thrb,Mapk8ip2,Hdac2,Brinp1"
GOBP_LOCOMOTORY_EXPLORATION_BEHAVIOR,0.60024154589372,0.752847867067797,0.0459538081039063,0.399738334658491,0.916259111093116,16,"Tnr,Dpp4,Gad1,Slc4a10,Lrrk2,Atp1a2,Apoe"
GOBP_CD8_POSITIVE_ALPHA_BETA_T_CELL_DIFFERENTIATION,0.600484261501211,0.752933976035521,0.0460457683018055,0.405738721658037,0.9098332611915,14,"Tnfsf8,Irf1,Tox"
GOBP_POSITIVE_REGULATION_OF_COLD_INDUCED_THERMOGENESIS,0.600609756097561,0.752933976035521,0.0380056241581377,0.322529107809092,0.95160704816627,99,"Epas1,Lcn2,Scd1,Il18,Sln,Lepr,Gatm,Pth2r,Fabp4,G0s2"
GOBP_POSITIVE_REGULATION_OF_POTASSIUM_ION_TRANSMEMBRANE_TRANSPORTER_ACTIVITY,0.600907029478458,0.753118832507656,0.0430173196927508,0.364809592005811,0.922882890001714,26,"Kcna1,Nppa,Lrrc52,Lrrc55,Akap6,Lrrc26,Atp1b2,Trem2,Dnm2"
GOBP_OSTEOBLAST_PROLIFERATION,0.601941747572815,0.754227608436826,0.178219874951973,-0.263921305633784,-0.933867375801903,31,"Hpse,Fignl1,Npr3,Lrrc17"
GOBP_3_UTR_MEDIATED_MRNA_DESTABILIZATION,0.602395209580838,0.754607704600766,0.0454059226590179,0.392329786514042,0.909617411249881,17,"Zfp36,Zc3h12a"
GOBP_PROTEIN_LOCALIZATION_TO_CELL_SURFACE,0.60351966873706,0.755827945874739,0.03863723737086,0.330214628530965,0.942933711076022,67,"Gpihbp1,Emp2,Map1a,Fgf7,Gpm6b,Abca2,Fbln5,Snx33,Hfe,Cd247"
GOBP_ORGANIC_CATION_TRANSPORT,0.603960396039604,0.756191509561915,0.0414044273760278,0.350769836198723,0.925450469355494,37,"Adora2a,Slc22a18,Slc19a3,Slc22a3,Slc5a7,Slc44a1,Slc22a4,Slc44a5,Slc22a2"
GOBP_REGULATION_OF_APPETITE,0.605263157894737,0.757256818003196,0.143758989039275,-0.269273246728388,-0.906279189651819,21,"Sct,Cartpt,Lep"
GOBP_REGULATION_OF_PROTEIN_LOCALIZATION_TO_SYNAPSE,0.605231866825208,0.757256818003196,0.0448645113168564,0.383069374780788,0.908161632252185,20,"Prkcz,Mapt,Wnt5a,Wnt7a,Rap1a,Iqsec2"
GOBP_RESPONSE_TO_ACETYLCHOLINE,0.605116796440489,0.757256818003196,0.0418238690062304,0.356593073016108,0.920215225904819,31,"Ly6h,Ly6g6d,Ednra,Lypd1,Chrm5,Atp2b4,Hrh4,Rgs10,Gnai2,Gnaq"
GOBP_ESTABLISHMENT_OF_MITOCHONDRION_LOCALIZATION,0.607142857142857,0.759325453412344,0.169570644405628,-0.25655540292803,-0.917595855724541,29,"Mgarp,Nefl,Myo19,Mark1,Lrpprc,Hap1,Uxt,Hdac6,Hif1a,Rhot1"
GOBP_REGULATION_OF_RELEASE_OF_CYTOCHROME_C_FROM_MITOCHONDRIA,0.607218683651805,0.759325453412344,0.0395172228473919,0.336928087133165,0.92157392987105,46,"Tnfsf10,Plaur,Bcl2l1,Gper1,Cideb,Mmp9,Pink1,Igf1,Prkn,Clu"
GOBP_GLUTAMATE_METABOLIC_PROCESS,0.607843137254902,0.759917296936183,0.178219874951973,-0.255313772569367,-0.923921177842571,33,"Nags,Uroc1,Aadat,Gls2,Aldh18a1,Amdhd1,Prodh,Got1,Fpgs,Dglucy"
GOBP_LYSOSOMAL_TRANSPORT,0.608257804632427,0.760057664401494,0.036993251998507,0.317625264253323,0.948029329051059,120,"Hspa1a,Rab7b,Npc1,Rhob,Cacng8,Cacng7,Dennd3,Scarb2,Psap,Arsb"
GOBP_REGULATION_OF_RIG_I_SIGNALING_PATHWAY,0.608235294117647,0.760057664401494,0.0441523058441465,0.37691659518634,0.904080020666472,21,"Ddx60,Birc3,Nlrx1,Oasl1,Rnf125,Usp17le"
GOBP_URONIC_ACID_METABOLIC_PROCESS,0.608799048751486,0.760544934908976,0.0445961615888961,0.382443048771064,0.906676770008528,20,"Ugt2a1,Ugt1a6b,Ugt1a5,Ugt1a7c,Ugt2b34,Ugt1a10,Ugt1a2,Ugt2b37,Ugt2b38,Ugt2b35"
GOBP_CELL_PROLIFERATION_INVOLVED_IN_METANEPHROS_DEVELOPMENT,0.609571788413098,0.761321088286372,0.0471642455670861,0.437470601939015,0.916810739376197,10,"Egr1,Shh,Myc,Stat1,Osr1"
GOBP_ANTIGEN_PROCESSING_AND_PRESENTATION_OF_EXOGENOUS_ANTIGEN,0.609836065573771,0.761395935707123,0.0406579344155557,0.347629801200854,0.921041378461589,38,"H2-T23,Mfsd6,Ctse,Mr1,Ctss,H2-Q2,Fcgr2b,Dnm2,Tap1,H2-DMb1"
GOBP_MAINTENANCE_OF_PROTEIN_LOCATION_IN_CELL,0.609958506224066,0.761395935707123,0.0382416816260774,0.33317663868447,0.946347341544563,63,"Sp100,Gsn,Srgn,Syne1,Pfn4,Rit2,Cav1,Pink1,Tmsb15a,Scin"
GOBP_TRANS_SYNAPTIC_SIGNALING_MODULATING_SYNAPTIC_TRANSMISSION,0.610086100861009,0.761395935707123,0.0460457683018055,0.411669217837546,0.907294822566525,13,"Efnb3,Plat,Plg,Gucy1a1,Ntrk2,Gucy1b1"
GOBP_ACTIN_FILAMENT_REORGANIZATION,0.610972568578554,0.76174580908839,0.0466015072985992,0.428827546772688,0.918586008811092,11,"Gsn,Gdpd2,Arap1,Dmtn,Nedd9,Cass4,Bcar1"
GOBP_CHAPERONE_COFACTOR_DEPENDENT_PROTEIN_REFOLDING,0.610925306577481,0.76174580908839,0.041488040200221,0.355850670178357,0.915383979483733,30,"Hspa1a,Hspa1b,Hspa2,Dnajb13"
GOBP_POSITIVE_REGULATION_BY_HOST_OF_VIRAL_TRANSCRIPTION,0.610778443113773,0.76174580908839,0.135740943810425,-0.298868155474293,-0.902614479136855,17,"Rrp1b,Tfap4,Chd1,Smarcb1,Ccnt1,Zfp639,Nucks1,Taf11,Sp1,Ctdp1"
GOBP_REGULATION_OF_POSTSYNAPTIC_NEUROTRANSMITTER_RECEPTOR_ACTIVITY,0.610778443113773,0.76174580908839,0.135740943810425,-0.299079117130833,-0.903251606385938,17,"Nptx1,Nptx2,Dlgap3"
GOBP_BROWN_FAT_CELL_DIFFERENTIATION,0.611404435058078,0.762095238045365,0.0389556479965885,0.336705543797578,0.929615621256466,49,"Lrg1,Ptgs2,Sox13,Fabp4,Six1,Aldh6a1,Dusp10,Plac8"
GOBP_INTRACELLULAR_LIPID_TRANSPORT,0.611764705882353,0.762262766581882,0.0395172228473919,0.340896342567727,0.92519311011908,44,"Pip4k2a,Ces1d,Npc1,Ldlrap1,Abca2,Abcg1,Ldlr,Cert1,Gramd1c,Abcd1"
GOBP_NEGATIVE_REGULATION_OF_STRIATED_MUSCLE_CELL_APOPTOTIC_PROCESS,0.611842105263158,0.762262766581882,0.142901149386948,-0.266403047368379,-0.896619106514219,21,"Hand2,Sfrp2"
GOBP_ESCRT_COMPLEX_DISASSEMBLY,0.612090680100756,0.762383510621035,0.0469758727821845,0.436069391533362,0.913874211201882,10,"Chmp2b,Chmp7,Chmp1b,Chmp5,Vps4a,Chmp1a,Chmp2a"
GOBP_POSITIVE_REGULATION_OF_INSULIN_SECRETION_INVOLVED_IN_CELLULAR_RESPONSE_TO_GLUCOSE_STIMULUS,0.6125,0.762704359673025,0.0422468188360053,0.359846577089823,0.915367038921331,27,"Gpld1,Cftr,Nr1h4,Baiap3,Vsnl1,Pdx1,Stx4a,Ano1"
GOBP_MHC_CLASS_II_BIOSYNTHETIC_PROCESS,0.612980769230769,0.762736219535415,0.044774889329693,0.401767703674803,0.912838472359386,15,"Tlr4,Il4,Pf4,Il10,Slc11a1,Tmem106a,Spi1,Ciita,Jak2,Xbp1"
GOBP_REGULATION_OF_ATP_DEPENDENT_ACTIVITY,0.612936344969199,0.762736219535415,0.037536290520292,0.326176242448079,0.93952842131403,72,"Pln,Tpm2,Dnajb2,Sln,Hspa2,Tnnt2,Tlr9,Casr,Aldob,Plscr1"
GOBP_REGULATION_OF_PROGRAMMED_NECROTIC_CELL_DEATH,0.61297798377752,0.762736219535415,0.0431036828790402,0.374017512341552,0.926883259015715,24,"Zbp1,Ripk3,Birc3,Cav1"
GOBP_NEGATIVE_REGULATION_OF_T_CELL_APOPTOTIC_PROCESS,0.613555291319857,0.763262175071745,0.0442407423477375,0.380968781270856,0.90318165067112,20,"Jak3,Ccl5,Rag1,Efna1,Tsc22d3,Slc46a2,Il7r,Ptcra,St3gal1"
GOBP_MODULATION_OF_EXCITATORY_POSTSYNAPTIC_POTENTIAL,0.613861386138614,0.763454029717667,0.0406579344155557,0.349297668719564,0.921566389414863,37,"Prkcz,Cux2,Rgs4,Nlgn3,Ptk2b,Stx1b,Wnt7a,Dmpk,Lrrk2,Igsf11"
GOBP_PROTEIN_LOCALIZATION_TO_CELL_JUNCTION,0.614604462474645,0.764189125119971,0.0368389606870506,0.318687178315197,0.940451174332483,96,"Pecam1,Cdh5,Dsp,Ildr1,Prkcz,Map1a,Lgi1,Dlg2,F11r,Lsr"
GOBP_POSITIVE_REGULATION_OF_CELLULAR_RESPIRATION,0.61501210653753,0.764506889110822,0.0449543067640062,0.40012419149873,0.89724317300858,14,"Myc,Il4,Il10rb,Ifnlr1,Pink1"
GOBP_CELLULAR_HYPEROSMOTIC_RESPONSE,0.615384615384615,0.764508579471826,0.0460457683018055,0.416659324168,0.904782166597306,12,"Rcsd1,Errfi1,Slc2a1,Efhd1,Arhgef2,Epo"
GOBP_NEGATIVE_REGULATION_OF_CELL_CYCLE_G1_S_PHASE_TRANSITION,0.615621788283659,0.764508579471826,0.0373806494758473,0.322973038027138,0.936511012051832,77,"Gjc2,Fam107a,Inhba,Klf4,Btn2a2,Nkx3-1,Ccl2,Prmt2,Susd2,Dact1"
GOBP_PROTEIN_NEDDYLATION,0.615568862275449,0.764508579471826,0.0444181153081573,0.387271995137682,0.906785205202989,18,Epas1
GOBP_REGULATION_OF_ESTABLISHMENT_OF_PLANAR_POLARITY,0.615546218487395,0.764508579471826,0.0383995813369433,0.331543003365003,0.927153889661369,57,"Dkk1,Dab2,Rspo3,Wnt9b,Prickle1,Wnt5a,Nkd1,Wnt7a,Dact1,Pkhd1"
GOBP_NEGATIVE_REGULATION_OF_STEM_CELL_DIFFERENTIATION,0.616454229432213,0.765353275217519,0.042845050912155,0.373191811094349,0.924837021506169,24,"Lbh,Trim6,Prickle1,Hes1,Jag1,H1f8,Stat3,Tcf15"
GOBP_INOSITOL_PHOSPHATE_CATABOLIC_PROCESS,0.617046818727491,0.765899841418049,0.0444181153081573,0.384706621501797,0.904574068456886,19,"Inpp5j,Synj2,Inpp4b"
GOBP_REGULATION_OF_MICROTUBULE_DEPOLYMERIZATION,0.617352614015573,0.766090247014635,0.0409055783172035,0.354756481079181,0.915475762376153,31,"Map6d1,Map1a,Bmerb1,Apc2,Mid1ip1"
GOBP_PEPTIDYL_PROLINE_HYDROXYLATION,0.617647058823529,0.766266476975785,0.133554954557592,-0.307142865301167,-0.88584008039959,15,"Egln3,P4ha2,P3h3,Prdx4,Egln2,Ogfod1,Ero1a,P3h2"
GOBP_REGULATION_OF_RNA_BINDING,0.617866004962779,0.76634897778137,0.0458620343117985,0.41577217541794,0.902855709365665,12,Larp6
GOBP_REGULATION_OF_FLAGELLATED_SPERM_MOTILITY,0.618247298919568,0.766632750781615,0.0443293451680314,0.384107874314171,0.903166213355837,19,"Cfap206,Semg1,Ccr6,Defb1,Prdm14,Tacr2,Kif9,Tppp2,Rnase10"
GOBP_NEURONAL_ACTION_POTENTIAL,0.618888888888889,0.767239073845732,0.0407403526717903,0.349645329529717,0.911641266465864,34,"Kcna1,Kcna2,Myh14,Gper1,P2rx1,P2rx4,Gpr88,Gpr35,Kcnd2,Fgf12"
GOBP_POSITIVE_REGULATION_OF_GLYCOLYTIC_PROCESS,0.619500594530321,0.767680862660908,0.0438002031299891,0.379603711412143,0.899945411617199,20,"Htr2a,Gpd1,Myc,Slc4a4,Igf1"
GOBP_REGULATION_OF_DENDRITIC_SPINE_MAINTENANCE,0.619647355163728,0.767680862660908,0.0464154956843849,0.434469571785791,0.910521455795831,10,"Prnp,Fyn,Fcgr2b,Apoe"
GOBP_REGULATION_OF_NEURONAL_SYNAPTIC_PLASTICITY,0.619703389830509,0.767680862660908,0.0384786917635432,0.335447102964363,0.924776554533858,50,"S100b,Agt,Cntn2,Kcnj10,Egr2,Shisa6,Mctp1,Arc,Shisa9,Snca"
GOBP_DETECTION_OF_MECHANICAL_STIMULUS_INVOLVED_IN_SENSORY_PERCEPTION_OF_SOUND,0.620192307692308,0.768097248280175,0.0442407423477375,0.396372128129946,0.900579425918328,15,"Kcnq1,Pdzd7,Chrna10"
GOBP_ACTION_POTENTIAL,0.62086258776329,0.768489620558759,0.0358449292332649,0.316386974278494,0.951002195699107,136,"Kcna5,Kcna1,Kcnj8,Dsp,Ctnna3,Kcnq1,Gja5,Hcn2,Jup,Kcne4"
GOBP_NEGATIVE_REGULATION_OF_HORMONE_SECRETION,0.620689655172414,0.768489620558759,0.037770500132479,0.331554371175932,0.93539521972166,60,"Edn1,Adra2a,Osm,Inhba,Adora1"
GOBP_NEGATIVE_REGULATION_OF_TRANSMEMBRANE_RECEPTOR_PROTEIN_SERINE_THREONINE_KINASE_SIGNALING_PATHWAY,0.620967741935484,0.768489620558759,0.0360729976388226,0.315272977275427,0.942491813659818,124,"Aspn,Grem2,Cidea,Hspa1a,Dkk1,Tgfb1i1,Igsf1,Tnfaip6,Slc2a10,Nog"
GOBP_MICROTUBULE_BASED_TRANSPORT,0.622,0.769577651981295,0.0356176233437444,0.314140522725013,0.95718265708288,193,"Cfap45,Aqp4,Dnah5,Dnah9,Ttc21a,Cfap221,Spef2,Prkcz,Map1a,Dnah1"
GOBP_POSITIVE_REGULATION_OF_VIRAL_PROCESS,0.622222222222222,0.769663167104112,0.271288554688953,-0.222179424488159,-0.955138030320616,60,"Top2a,Kpna2,Cd4,Cd28,Trim38,Ppih,Adarb1,Cnot7,Mdfic,Srpk1"
GOBP_EMBRYONIC_SKELETAL_JOINT_MORPHOGENESIS,0.623441396508728,0.770791908570924,0.0456790414930062,0.423925403873767,0.908085191142005,11,"Nog,Col2a1,Osr1,Osr2"
GOBP_GENOMIC_IMPRINTING,0.623441396508728,0.770791908570924,0.0456790414930062,0.423618615724141,0.907428024166524,11,"Cdkn1c,Zdbf2,Ndn"
GOBP_CELLULAR_MODIFIED_AMINO_ACID_BIOSYNTHETIC_PROCESS,0.624731182795699,0.771627433885499,0.0387962208304479,0.338739532443854,0.912859748011951,42,"Bbox1,Gatm,Ggt7,Slc1a1,Plscr1,Ggt5,Mgst2"
GOBP_ESTABLISHMENT_OF_ENDOTHELIAL_INTESTINAL_BARRIER,0.624697336561743,0.771627433885499,0.0442407423477375,0.397447104826283,0.891240042502002,14,"F11r,Tjp2,Myd88,Tjp1"
GOBP_NEGATIVE_REGULATION_OF_PHOSPHATASE_ACTIVITY,0.624449339207049,0.771627433885499,0.0399218624292714,0.343594835467692,0.902292366123078,35,"Sema4d,Ppp1r36,Ppp1r15a,Ppp4r4,Tnf,Gnai2,Styxl1"
GOBP_OLFACTORY_BULB_INTERNEURON_DIFFERENTIATION,0.624338624338624,0.771627433885499,0.125033367555272,-0.320357867366779,-0.90114183898987,13,"Gsx2,Uncx,Slit2,Arx,Sall1"
GOBP_KILLING_BY_HOST_OF_SYMBIONT_CELLS,0.625842696629213,0.772810423963413,0.0407403526717903,0.352581496634363,0.903414119013022,29,"Cxcl5,Ctsg,Defb14,Pf4,Hrg,Trem1,Myd88,Krt6a,Cfhr1,Mbl2"
GOBP_MUSCLE_ATROPHY,0.627182044887781,0.774167681545259,0.0454059226590179,0.420314734097087,0.900350821546915,11,"Gsn,Gatm"
GOBP_NEGATIVE_REGULATION_OF_INTRACELLULAR_ESTROGEN_RECEPTOR_SIGNALING_PATHWAY,0.627403846153846,0.774167681545259,0.0437125833579551,0.393745493178309,0.894611565847029,15,"Lbh,Zfp366,Trp63,Foxh1"
GOBP_REGULATION_OF_AUTOPHAGY,0.627372627372627,0.774167681545259,0.0351652290409302,0.309954441901514,0.961362238347658,329,"Depp1,Dcn,Trim12c,Trim34a,Irgm2,Trim5,Mapk15,Acer2,Calcoco2,Kdr"
GOBP_CELL_RECOGNITION,0.628371628371628,0.775080010282825,0.035090109926935,0.31184422559505,0.960879139133508,242,"Ccl21a,Ccl19,Pecam1,Robo4,Clgn,Efnb3,Ncam2,Cntn2,Pear1,Zp3"
GOBP_HEPARIN_METABOLIC_PROCESS,0.628605769230769,0.775080010282825,0.0436251240000606,0.393474584435059,0.893996046179633,15,"Ednra,Csgalnact1"
GOBP_MULTIVESICULAR_BODY_ORGANIZATION,0.628571428571429,0.775080010282825,0.172324344900946,-0.257624476273994,-0.912671209623611,30,"Rab27a,Vps36,Vps37d,Mvb12a,Vps4b,Stam,Chmp6,Vps25,Stam2,Tsg101"
GOBP_POSITIVE_REGULATION_OF_B_CELL_DIFFERENTIATION,0.62953995157385,0.775851271527763,0.0438879842863647,0.396929876072533,0.890080202687151,14,"Inpp5d,Btk,Il7,Il10"
GOBP_REGULATION_OF_TRANSCRIPTION_INVOLVED_IN_G1_S_TRANSITION_OF_MITOTIC_CELL_CYCLE,0.629411764705882,0.775851271527763,0.0425877779273254,0.371472106679159,0.891020756773734,21,"Cdk15,Cdk18"
GOBP_POSITIVE_REGULATION_OF_TELOMERASE_ACTIVITY,0.63,0.776227941176471,0.0399218624292714,0.345368847850286,0.900491061257923,34,"Parm1,Mapk15,Klf4,Myc,Grhl2"
GOBP_PURINE_DEOXYRIBONUCLEOTIDE_METABOLIC_PROCESS,0.630434782608696,0.776573303644674,0.0437125833579551,0.389371093922403,0.892495869097696,16,"Xdh,Gda,Ak9"
GOBP_PROTEIN_LOCALIZATION_TO_ENDOSOME,0.630966239813737,0.777037552068509,0.0419926218968594,0.367585031420557,0.90411594397501,23,"Mgat3,Micall1,Dtx3l,Nrp1,Tmem30a,Msn"
GOBP_POSITIVE_REGULATION_OF_NEURON_PROJECTION_REGENERATION,0.632241813602015,0.778417731319454,0.0454967810085007,0.431402459170653,0.904093682656398,10,"Scarf1,Cntf,Ptn,Hgf,Fkbp1b,Igf1r,Grn,Ndel1"
GOBP_DNA_DAMAGE_RESPONSE_SIGNAL_TRANSDUCTION_BY_P53_CLASS_MEDIATOR_RESULTING_IN_CELL_CYCLE_ARREST,0.633136094674556,0.779291370203957,0.132147260608774,-0.281002323710264,-0.904948394053504,19,"Gtse1,Pidd1,Chek2,Trp53,Rpl26,Casp2,Atm,Triap1"
GOBP_REGULATION_OF_ODONTOGENESIS_OF_DENTIN_CONTAINING_TOOTH,0.633416458852868,0.779291370203957,0.0449543067640062,0.417418421887925,0.894146668169859,11,"Csf1,Apcdd1"
GOBP_REGULATION_OF_STEM_CELL_PROLIFERATION,0.633297062023939,0.779291370203957,0.0387166740042594,0.341464277532384,0.908469371130541,39,"Sox17,Snai2,Tbx3,Sox18,Ovol1,Vegfc,Ovol2"
GOBP_PEROXISOMAL_TRANSPORT,0.633605600933489,0.779333338853107,0.0419081748591401,0.365543184772106,0.890351685474546,22,"Pex5l,Hacl1,Abcd1"
GOBP_MODULATION_BY_HOST_OF_VIRAL_GENOME_REPLICATION,0.634730538922156,0.780526032084559,0.0430173196927508,0.379298614759108,0.879404612923766,17,"Ifi27,Zc3h12a,Prkn,Tmem41b,Fbxl2"
GOBP_CELLULAR_RESPONSE_TO_OXYGEN_RADICAL,0.635294117647059,0.780874960982488,0.0421619430092452,0.370845692708445,0.889518227135025,21,"Nos3,Sod3,Fbln5,Mt3"
GOBP_LACTATION,0.635483870967742,0.780874960982488,0.0380056241581377,0.336940509910745,0.908011612205678,42,"Foxb1,Xdh,Apln,Oas2,Oxtr,Slc6a3,Cav1,Pam,Prlr,Ghrhr"
GOBP_REGULATION_OF_MITOCHONDRION_ORGANIZATION,0.635635635635636,0.780874960982488,0.0346410167413251,0.311280559917675,0.937877009817757,141,"Dcn,Pde2a,Tnfsf10,Hspa1a,Iapp,Kdr,Plaur,Stox1,Gzmb,Mpv17l"
GOBP_VENTRICULAR_SYSTEM_DEVELOPMENT,0.635451505016722,0.780874960982488,0.0396787203613389,0.349782278161966,0.899773755031304,30,"Dnah5,Hydin,Odad2,Ak8,Sema6d,Pax5,Atp1b2"
GOBP_NEGATIVE_REGULATION_OF_OSTEOBLAST_PROLIFERATION,0.636020151133501,0.780965632571595,0.0452247443372884,0.430945826567821,0.903136713954113,10,"Mn1,Plxnb1,Bcl2,Atraid,Eif2ak2,Tnn"
GOBP_REGULATION_OF_RESPIRATORY_BURST,0.635928143712575,0.780965632571595,0.0429311093452583,0.379207622522269,0.879193647236832,17,"Lbp,Ncf1,Dusp10,Noxo1,Bcr,Slamf8"
GOBP_INDOLALKYLAMINE_METABOLIC_PROCESS,0.636363636363636,0.781196581196581,0.128788713061714,-0.305481357089395,-0.872050157830029,14,"Asmt,Haao,Il4i1b,Bloc1s6,Ido1,Aanat,Gcdh"
GOBP_PROGRAMMED_NECROTIC_CELL_DEATH,0.636559139784946,0.781245799731183,0.0379271467108098,0.336528447382157,0.906901156353956,42,"Zbp1,Tlr3,Ripk3,Mlkl,Fas,Birc3,Cav1,Tnf,Itpk1,Arhgef2"
GOBP_NEGATIVE_REGULATION_OF_CELLULAR_SENESCENCE,0.637125748502994,0.781750338717245,0.042845050912155,0.378327898392677,0.877154005045797,17,"Twist1,Tbx2"
GOBP_ENDOPLASMIC_RETICULUM_MANNOSE_TRIMMING,0.638014527845036,0.782443838254172,0.0432768714901103,0.394897573016657,0.885522942513655,14,"Trim13,Edem2,Amfr,Rnf103,Rnf139,Rnf5,Syvn1,Uggt2,Edem3,Uggt1"
GOBP_NEGATIVE_REGULATION_OF_ADENYLATE_CYCLASE_ACTIVITY,0.638157894736842,0.782443838254172,0.139599673451922,-0.26170139459703,-0.880794994332957,21,"Galr1,Npr3,Akap5,Ccr2"
GOBP_POSITIVE_REGULATION_OF_RESPONSE_TO_TUMOR_CELL,0.638014527845036,0.782443838254172,0.0432768714901103,0.395082702242783,0.885938078458432,14,"Il12b,Mr1,Cd226,Hrg,Nectin2,Cd274"
GOBP_RESPONSE_TO_NICOTINE,0.639065817409766,0.783365975157009,0.0371479221137289,0.329420650047379,0.902351754991413,47,"Edn1,Nkx6-1,Kcnq1,Lypd1,Vcam1,Chrnb1,Slc6a3,Chrnb3,Gabbr1"
GOBP_NEGATIVE_REGULATION_OF_SMOOTH_MUSCLE_CELL_MIGRATION,0.639629200463499,0.78386542923696,0.0411544018789903,0.365156281274596,0.904923520609854,24,"Gna12,Sema6d,Serpine1,Igfbp5,Myocd,Lrp1,S1pr2,Prkg1"
GOBP_GANGLIOSIDE_BIOSYNTHETIC_PROCESS,0.640096618357488,0.784247063242284,0.0430173196927508,0.387096785093691,0.887282818446632,16,"St8sia6,St6galnac3,St8sia4"
GOBP_CELLULAR_RESPONSE_TO_THYROID_HORMONE_STIMULUS,0.640718562874252,0.784435512802938,0.132147260608774,-0.29223107470737,-0.88256977015835,17,"Kit,Inhbb,Thrb"
GOBP_MELANOCYTE_DIFFERENTIATION,0.640589569160998,0.784435512802938,0.0400845633477088,0.353161649909575,0.89341632251032,26,"Edn3,Sox10,Or51e2,Adamts9,Enpp1"
GOBP_REGULATION_OF_HIPPO_SIGNALING,0.640718562874252,0.784435512802938,0.132147260608774,-0.2796578247179,-0.872691149628215,18,"Sox11,Ajuba,Cit,Wwc1"
GOBP_REGULATION_OF_VESICLE_SIZE,0.642317380352645,0.786201478215911,0.044774889329693,0.429049780560279,0.899163154738108,10,"Rab3b,Rin3,Rilp,Rab5a,Picalm,Rab22a,Rab11a,Als2"
GOBP_DEOXYRIBONUCLEOSIDE_MONOPHOSPHATE_CATABOLIC_PROCESS,0.642857142857143,0.78667060787314,0.0429311093452583,0.393417564519608,0.882204154126985,14,"Xdh,Gda,Dpys"
GOBP_POSITIVE_REGULATION_OF_CALCIUM_ION_DEPENDENT_EXOCYTOSIS,0.644311377245509,0.788258285084735,0.042331839351853,0.376684689013419,0.873344220744219,17,"Zp3,Syt10,Scamp5,Doc2b,Syt9,Cdk5"
GOBP_POSITIVE_REGULATION_OF_T_CELL_DIFFERENTIATION_IN_THYMUS,0.644836272040302,0.788708501106229,0.0445961615888961,0.428189369090654,0.89735998334296,10,"Egr3,Shh,Rasgrp1,Il7r,Ihh"
GOBP_POSITIVE_REGULATION_OF_TOR_SIGNALING,0.645161290322581,0.788914085733791,0.224966093540314,-0.235789216631984,-0.923996448068704,45,"Lep,Rragd,Seh1l,Wdr24,Lin28a,Telo2,Smcr8,Reln,Rragb,Pih1d1"
GOBP_CEREBRAL_CORTEX_NEURON_DIFFERENTIATION,0.645714285714286,0.789398276820456,0.0400845633477088,0.356075400578551,0.891086491735965,25,"Id4,Cntn2,Tox,Lhx6,Dlx2,Chd5,Rac3"
GOBP_ACTIN_MYOSIN_FILAMENT_SLIDING,0.646135265700483,0.789528920922783,0.0425877779273254,0.385637654317394,0.883938275899315,16,"Myh4,Tnnt2,Myh6,Mylk2"
GOBP_PHOSPHOLIPID_DEPHOSPHORYLATION,0.645989304812834,0.789528920922783,0.036993251998507,0.332263055655308,0.901762358387081,44,"Inpp5j,Synj2,Inpp5d,Plpp3,Inpp4b,Chrm5,Plpp4,Mtmr10,Mtm1,Plpp2"
GOBP_CEREBRAL_CORTEX_CELL_MIGRATION,0.647058823529412,0.790465299120864,0.213927855492356,-0.235981024973755,-0.910289609405869,43,"Lamb1,Gli3,Pou3f2,Nr2e1,Mdga1,Cdk5r1,Slit2,Foxg1,Dab1"
GOBP_MITOCHONDRIAL_OUTER_MEMBRANE_PERMEABILIZATION,0.647714604236343,0.790689974622656,0.0387962208304479,0.344129782614665,0.885233375311043,30,"Hspa1a,Gzmb,Mpv17l,Tmem14a,Hip1r"
GOBP_REGULATION_OF_BILE_ACID_METABOLIC_PROCESS,0.647699757869249,0.790689974622656,0.0425877779273254,0.39192299125624,0.878852705537748,14,"Ces1d,Nr1h4,Malrd1,Prox1"
GOBP_SIGNAL_TRANSDUCTION_INVOLVED_IN_REGULATION_OF_GENE_EXPRESSION,0.647607934655776,0.790689974622656,0.0409055783172035,0.361015317747682,0.879323182674488,22,"Sox17,Msx2"
GOBP_REGULATION_OF_RECEPTOR_SIGNALING_PATHWAY_VIA_STAT,0.648073022312373,0.790924895961988,0.0343431191135615,0.314063203731911,0.926350607867814,98,"Agt,Il6,Socs3,Gbp7,Ptprd,Jak3,Ret,Tgfb1,Ccl5,Crlf2"
GOBP_REGULATION_OF_THYMOCYTE_APOPTOTIC_PROCESS,0.648379052369077,0.790924895961988,0.0438879842863647,0.41507952057858,0.889136537559259,11,"Jak3,Wnt5a,Rag1,Efna1,Ptcra"
GOBP_TORC1_SIGNALING,0.648305084745763,0.790924895961988,0.0363783055518278,0.327963415742855,0.902114784354374,48,"Spaar,Castor1,Rnf152,Gpr137b"
GOBP_POSITIVE_REGULATION_OF_MUSCLE_CELL_APOPTOTIC_PROCESS,0.648899188876014,0.791367351402165,0.0404934829859503,0.36090219454954,0.89438112182438,24,"Gata6,Agt,Pou4f2,Il12b"
GOBP_POSITIVE_REGULATION_OF_NEURAL_PRECURSOR_CELL_PROLIFERATION,0.649473684210526,0.791825837560223,0.035996889024589,0.327633834119786,0.907335269410014,51,"Gjc2,Sox10,Mdk,Dll4,Shh,Vegfc,Tox,Prox1,Lyn,Cx3cr1"
GOBP_REGULATION_OF_FATTY_ACID_METABOLIC_PROCESS,0.649590163934426,0.791825837560223,0.0347156757446657,0.315209792485837,0.918150638260894,85,"Ceacam1,Pla2g3,Slc45a3,Ptgs2,Twist1,Plin5,Apoc1,Mid1ip1,Cav1,Avpr1a"
GOBP_ANGIOTENSIN_ACTIVATED_SIGNALING_PATHWAY,0.650124069478908,0.79228453267163,0.0435378240914002,0.401627661345688,0.872140678294868,12,"Agtr2,Car2,Cav1"
GOBP_NEGATIVE_REGULATION_OF_ACTIVIN_RECEPTOR_SIGNALING_PATHWAY,0.650872817955112,0.793004763902169,0.0437125833579551,0.414557530165779,0.888018388565471,11,Igsf1
GOBP_RETICULOPHAGY,0.651331719128329,0.793371590031042,0.042331839351853,0.389624318091783,0.873698133913217,14,"Sting1,Ddrgk1,Ulk2,Retreg3,Ufl1,Tex264,Retreg1,Rb1cc1,Uba5"
GOBP_REGULATION_OF_EPITHELIAL_CELL_DIFFERENTIATION_INVOLVED_IN_KIDNEY_DEVELOPMENT,0.652173913043478,0.794205005055612,0.0421619430092452,0.383197492646795,0.878345066118381,16,"Wnt9b,Mmp9,Stat1,Gata3,Osr1,Pax2,Gdnf"
GOBP_REGULATION_OF_TRANSCRIPTION_REGULATORY_REGION_DNA_BINDING,0.652631578947369,0.794569858892812,0.0357690767485421,0.326598767770013,0.905234400913766,52,"Msx2,Twist1,Klf4,Foxc1,Tgfb1,Trim6,Hey2,Pou4f2"
GOBP_MACROMOLECULE_DEPALMITOYLATION,0.653409090909091,0.795323849878935,0.126875729929857,-0.298012661667017,-0.850729455696433,14,"Abhd12b,Abhd17c,Lypla1,Abhd10"
GOBP_NUCLEOTIDE_SUGAR_TRANSMEMBRANE_TRANSPORT,0.655086848635236,0.796787221894346,0.0431901998334182,0.400673270326816,0.870068203436514,12,"Slc35a2,Slc35a5,Slc35d2"
GOBP_REGULATION_OF_LIGASE_ACTIVITY,0.655086848635236,0.796787221894346,0.0431901998334182,0.399554250514753,0.867638234607555,12,"Ripk3,Mid1ip1"
GOBP_VAGINA_DEVELOPMENT,0.654911838790932,0.796787221894346,0.0438879842863647,0.424636505369546,0.889914217614671,10,"Esr1,Wnt5a,Axl,Rbp4,Tyro3"
GOBP_CELLULAR_GLUCOSE_HOMEOSTASIS,0.655310621242485,0.796858138660543,0.0332359307785383,0.308051667925242,0.927391689156462,140,"Serpinf1,Adra2a,Gjb6,Cltrn,Aqp4,Icam1,Ager,Gpld1,Adcy5,Slc9b2"
GOBP_NEUROTRANSMITTER_RECEPTOR_INTERNALIZATION,0.65546218487395,0.796858138660543,0.0416556773979467,0.370773056683032,0.87181159255508,19,"Itgb3,Dnm3,Cacng8,Cacng7,Arc"
GOBP_CHEMOKINE_C_C_MOTIF_LIGAND_5_PRODUCTION,0.655860349127182,0.797149413699793,0.0433636987883266,0.413487514420622,0.885726321509364,11,"Oas3,Mcoln2,Il10,Defb25"
GOBP_SYNAPTONEMAL_COMPLEX_ORGANIZATION,0.656462585034014,0.797688521867534,0.0389556479965885,0.349837472132855,0.885006930705157,26,"Hspa2,P3h4,1700028K03Rik,Sycp2,Syce1,Tex12"
GOBP_NON_MOTILE_CILIUM_ASSEMBLY,0.657894736842105,0.798853038035331,0.287857117255149,-0.218848815836388,-0.933177070123998,63,"Rpgrip1,Wrap73,Cep89,Bbs7,Bbs10,Ttc8,Atmin,Hap1,Intu,Ift52"
GOBP_POSITIVE_REGULATION_BY_HOST_OF_VIRAL_PROCESS,0.658056580565806,0.798853038035331,0.0425877779273254,0.398422668026361,0.878100203343622,13,"Cav2,Pcx,Csf1r,Apoe"
GOBP_POSITIVE_REGULATION_OF_CALCIUM_ION_TRANSMEMBRANE_TRANSPORTER_ACTIVITY,0.657865786578658,0.798853038035331,0.0374584205912161,0.338933024009823,0.894220921471323,37,"Gstm7,Jph2,Hspa2,Casq1,Akap6,Ehd3,P2ry6,Atp2a1,Cdk5,Stim1"
GOBP_POSITIVE_REGULATION_OF_MYOTUBE_DIFFERENTIATION,0.658056580565806,0.798853038035331,0.0425877779273254,0.398449116295271,0.878158493777804,13,"Cyp26b1,Atp11a,Smyd1"
GOBP_NEGATIVE_REGULATION_OF_TRANSFERASE_ACTIVITY,0.658341658341658,0.799006160425765,0.0328701032730105,0.306149207538686,0.944428217928541,259,"Ptprb,Ceacam1,Zfp36,Nppa,Adora2a,Epha1,Irak3,Dbndd2,Gprc5a,Agt"
GOBP_POSITIVE_REGULATION_OF_RUFFLE_ASSEMBLY,0.658653846153846,0.799192103455319,0.041488040200221,0.384014687726661,0.872502636975787,15,"Eps8l2,P2ry12,Eps8l3,Nlgn1,Fam98a"
GOBP_REGULATION_OF_LONG_TERM_SYNAPTIC_POTENTIATION,0.658823529411765,0.799205087440382,0.0360729976388226,0.328946834314131,0.892762129421946,44,"Fam107a,Adora2a,Ager,Adora1,Arc,Prnp,Cx3cr1,Cyp46a1,Nrgn,Igsf11"
GOBP_CELLULAR_RESPONSE_TO_GLUCOSE_STARVATION,0.659610343584716,0.799474698795181,0.143902565267782,-0.24864115398648,-1.01012862188546,49,"Bhlha15,Prkaa2,Asns,Suv39h1,Sesn1,Rrp8,Hnrnpa1"
GOBP_DSRNA_PROCESSING,0.659835266163831,0.799474698795181,0.143902565267782,-0.241917102714426,-1.00256791856857,54,"Lin28b,Pus10,Mycn,Dgcr8,Ago2,Tert,Srrt,Lin28a,Trp53,Egfr"
GOBP_POSITIVE_REGULATION_BY_SYMBIONT_OF_ENTRY_INTO_HOST,0.659600997506234,0.799474698795181,0.0431036828790402,0.412610438145938,0.883847547627769,11,"Lgals9,Trim21"
GOBP_POSITIVE_REGULATION_OF_PROTEIN_LOCALIZATION_TO_CELL_SURFACE,0.659880239520958,0.799474698795181,0.0412376090540066,0.375714423554954,0.879723514580184,18,"Map1a,Snx33,Cd247,Tnf,Stx4a,Tyrobp,Abca12"
GOBP_REGULATION_OF_ADENYLATE_CYCLASE_ACTIVITY,0.66,0.799474698795181,0.172324344900946,-0.254740348978434,-0.906717830603474,32,"Galr1,Hpca,Npr3,Akap5"
GOBP_REGULATION_OF_MACROPHAGE_APOPTOTIC_PROCESS,0.659949622166247,0.799474698795181,0.0435378240914002,0.421974883249014,0.884336234240589,10,"Ccr5,Irf7,Nod2"
GOBP_REGULATION_OF_AEROBIC_RESPIRATION,0.660194174757282,0.799517252831813,0.169570644405628,-0.253983447779937,-0.898702949751579,31,"Ppif,Shmt2,Cox7a1,Mlxipl,Ak4,Actn3,Dnajc15,Slc25a33,Cox7a2,Ide"
GOBP_RAP_PROTEIN_SIGNAL_TRANSDUCTION,0.660516605166052,0.799715070850131,0.0424170054438747,0.39762211043646,0.876335821347079,13,"Rapgef3,Plk2,Rap1a,Rap2a"
GOBP_RESPONSE_TO_VITAMIN_E,0.662468513853904,0.801885196037461,0.0433636987883266,0.420500225020838,0.881245780860389,10,Col1a1
GOBP_MOTOR_NEURON_AXON_GUIDANCE,0.662921348314607,0.802240158396131,0.0380842053196415,0.341898365430798,0.876040897058105,29,"Hoxa2,Rhog,Rhoh,Egr2,Alcam,Nog,Ntn1"
GOBP_RESPONSE_TO_DIETARY_EXCESS,0.664044943820225,0.80340648196974,0.0380056241581377,0.341686739415538,0.875498650990284,29,"Cntn2,Sctr,Gfral,Mc4r,Bmp8a,Sgip1,Pcsk1n"
GOBP_PARAXIAL_MESODERM_DEVELOPMENT,0.664670658682635,0.803970019537441,0.0409055783172035,0.373193643914499,0.865250225552952,17,"Foxc2,Foxc1,Wnt5a,Wnt11,Tcf15,Lef1"
GOBP_POLYOL_TRANSPORT,0.665835411471322,0.805185136749179,0.0426733861156084,0.405212038832854,0.867999530988579,11,"Slc5a11,Aqp9,Aqp11"
GOBP_POSITIVE_REGULATION_OF_VASCULAR_ENDOTHELIAL_CELL_PROLIFERATION,0.666666666666667,0.805996472663139,0.0411544018789903,0.377896991615752,0.866195537434321,16,"Mdk,Apln"
GOBP_PROTEIN_HOMOTETRAMERIZATION,0.667017913593256,0.806227230496104,0.0347904098478036,0.323300220824416,0.89972134442492,54,"Aldh1a2,Pkd2l1,Aqp4,Gbp5,Kcnj2,Aldh1a3,Trpa1,Kcnj12,Tdo2"
GOBP_ZYMOGEN_ACTIVATION,0.668717948717949,0.808087771203156,0.0333826959919392,0.316283775078398,0.91315447279868,73,"Clec3b,Plat,Plau,Ctsh,Thbs1,F11,Vsir,Nlrc4,Hp,Klk1b27"
GOBP_ACROSOME_ASSEMBLY,0.669461077844311,0.808598395856647,0.0405756447890657,0.373398774739105,0.874301495655446,18,"Pla2g3,Actl7a,Zpbp,Nectin2,Spink2"
GOBP_METANEPHROS_MORPHOGENESIS,0.669623059866962,0.808598395856647,0.036993251998507,0.342681148617937,0.890145937218789,32,"Wnt4,Sox8,Agtr2,Wnt7b,Wnt9b,Foxj1,Stat1,Hes1"
GOBP_REGULATION_OF_DOPAMINE_RECEPTOR_SIGNALING_PATHWAY,0.669576059850374,0.808598395856647,0.0424170054438747,0.403461127539405,0.86424892627828,11,"Rgs4,Cav2,Lrrk2,Palm,Alk,Drd3"
GOBP_NEGATIVE_REGULATION_OF_PROTEIN_BINDING,0.670396744659207,0.809338240970661,0.0328701032730105,0.311802773819707,0.914895752159649,92,"Dkk1,Dnajb2,Slpi,Atp2a3,Dab2,Rgma,Xirp1,Nog,Efhb,Nfatc4"
GOBP_NEGATIVE_REGULATION_OF_INTRACELLULAR_TRANSPORT,0.670859538784067,0.809702497351142,0.0342688261591917,0.318434586590772,0.89540306428792,59,"Apod,Pln,Sp100,Cryaa"
GOBP_MAINTENANCE_OF_PROTEIN_LOCATION,0.671747967479675,0.810017072792178,0.0327241935806629,0.309936573833496,0.909744631107753,91,"Sp100,Gsn,Srgn,Syne1,Pfn4,Rit2,Nfkbia,Mdfi,Ltbp1,Cav1"
GOBP_NEGATIVE_REGULATION_OF_APOPTOTIC_SIGNALING_PATHWAY,0.671671671671672,0.810017072792178,0.0319980480340634,0.305811966141905,0.936520797315054,219,"Wnt4,Snai2,Nos3,Hspa1a,Asah2,Faim2,Cxcl12,Ptgs2,Icam1,Hspa1b"
GOBP_POSITIVE_REGULATION_OF_MITOCHONDRION_ORGANIZATION,0.671487603305785,0.810017072792178,0.0335297167141207,0.315411774652271,0.905756585368669,70,"Dcn,Tnfsf10,Kdr,Plaur,Gzmb,Gper1,Cideb,Mmp9,Hip1r,Trem2"
GOBP_POSITIVE_REGULATION_OF_VIRAL_LIFE_CYCLE,0.671764705882353,0.810017072792178,0.0395979123961192,0.362086777162907,0.868508909295063,21,"Lgals9,Trim21,Axl,Cd209b,Clec4g,Tyro3"
GOBP_FOREBRAIN_NEURON_DIFFERENTIATION,0.672432432432433,0.810017217181629,0.0356176233437444,0.332625735509285,0.894129906190389,41,"Ndnf,Inhba,Gata2,Gbx2,Lhx6,Dlx2,Prox1,Csf1r,Zswim6,Fgfr2"
GOBP_GROOMING_BEHAVIOR,0.673053892215569,0.810017217181629,0.0403295396423143,0.370896380814545,0.85992401636423,17,"Hoxb8,Slc1a1,Mc4r,Avpr1a"
GOBP_MEMBRANE_DISRUPTION_IN_ANOTHER_ORGANISM,0.672705314009662,0.810017217181629,0.0407403526717903,0.376789726734319,0.863657523318479,16,"Defa34,Defa23,Ltf"
GOBP_MITOCHONDRION_LOCALIZATION,0.672413793103448,0.810017217181629,0.227987202850442,-0.222885978649229,-0.912708039646455,50,"Slc4a5,Bhlha15,Mgarp,Nefl,Myo19,Zbed3,Mark1,Lrpprc,Msto1"
GOBP_NEGATIVE_REGULATION_OF_B_CELL_APOPTOTIC_PROCESS,0.671957671957672,0.810017217181629,0.119887845115423,-0.307203520390443,-0.864139680989502,13,"Aurkb,Ada"
GOBP_PROTEIN_O_LINKED_MANNOSYLATION,0.673053892215569,0.810017217181629,0.0403295396423143,0.370542937097438,0.859104556384314,17,"Tmtc1,Tmtc2"
GOBP_REGULATION_OF_CELL_MATURATION,0.673053892215569,0.810017217181629,0.0403295396423143,0.372322506088777,0.871781446436306,18,"Ret,Nppc,Bnc1,Sirt2,Wee2,Rac3,Lrrk2,Ednrb"
GOBP_VISUAL_BEHAVIOR,0.672669491525424,0.810017217181629,0.0346410167413251,0.321725518692316,0.884956470705804,48,"Hrh1,Foxb1,Lrrn4,Hoxa1,Nps,Dbh"
GOBP_COMMISSURAL_NEURON_AXON_GUIDANCE,0.675,0.811776315789474,0.115734447701689,-0.31503074098808,-0.857063423806114,11,"Ephb2,Nfib,Vegfa,Smo"
GOBP_NEGATIVE_REGULATION_OF_BINDING,0.675,0.811776315789474,0.0317090865085553,0.306724642823481,0.931333245275226,159,"Pln,Cyp2d22,Sp100,Msx2,Dkk1,Dnajb2,Slpi,Atp2a3,Jun,Dab2"
GOBP_REGULATION_OF_CYTOPLASMIC_TRANSPORT,0.674915635545557,0.811776315789474,0.0373029764832679,0.338988922848136,0.869490198230909,28,"Dab2,Atp9a,Lrrk2,Prkn,Msn,Src"
GOBP_CELLULAR_RESPONSE_TO_COPPER_ION,0.676646706586826,0.813002708731676,0.0400845633477088,0.371425465342228,0.869681053720986,18,"Bace1,Mt4,Prnp,Snca,Map1lc3a,Mt3"
GOBP_EPITHELIAL_CELL_MORPHOGENESIS,0.676666666666667,0.813002708731676,0.0366082221336689,0.341197203536586,0.886298576353521,33,"Col22a1,Col15a1,Col18a1,Grhl2,Notch4,Pkhd1,Arhgef26,Ar,Rilpl1,Ihh"
GOBP_REGULATION_OF_VOLTAGE_GATED_CALCIUM_CHANNEL_ACTIVITY,0.676666666666667,0.813002708731676,0.0366082221336689,0.341269809659318,0.886487179022433,33,"Rem1,Nppa,Pde4b,Oprl1,Cacnb1,Cacnb4,Ehd3,Cdk5,Rrad,Gpr35"
GOBP_RESPONSE_TO_NITROSATIVE_STRESS,0.67632241813602,0.813002708731676,0.0424170054438747,0.412986154989894,0.865498482481344,10,"Stox1,Dusp6,Ddit3"
GOBP_NEGATIVE_REGULATION_OF_CIRCADIAN_RHYTHM,0.677248677248677,0.813507550903011,0.119348440591015,-0.301689667435977,-0.848629640196221,13,"Suv39h2,Suv39h1,Sfpq,Piwil2,Sin3a,Cry1"
GOBP_ALPHA_LINOLENIC_ACID_METABOLIC_PROCESS,0.677884615384615,0.814076913888787,0.112843355675562,-0.314950815097419,-0.833496860217403,10,"Elovl3,Elovl2"
GOBP_RESPONSE_TO_ANTIBIOTIC,0.678343949044586,0.814433969870345,0.0343431191135615,0.321013727277503,0.878044584252061,46,"Gjb2,Aoc3,Pla2g4a,Crip1,Pla2g4f"
GOBP_LEYDIG_CELL_DIFFERENTIATION,0.678841309823678,0.814836500593034,0.0422468188360053,0.412391104199269,0.864251429644188,10,"Pdgfra,Dhh,Ar"
GOBP_GLYCOLIPID_CATABOLIC_PROCESS,0.679176755447942,0.815044533214802,0.0404114482034376,0.381719451542945,0.855972168587496,14,"Neu4,Pnliprp2,Hexb,Hexa"
GOBP_NEGATIVE_REGULATION_OF_CYCLIN_DEPENDENT_PROTEIN_SERINE_THREONINE_KINASE_ACTIVITY,0.680044593088071,0.815554660065627,0.0365314928349125,0.337546810756504,0.868299454761359,30,"Hhex,Cdkn1c,Tnfaip3,Myocd,Kat2b,Wee2,Fbxo7,Cdkn1a,Cdkn2b,Lats2"
GOBP_REGULATION_OF_NEUROTRANSMITTER_RECEPTOR_ACTIVITY,0.68025078369906,0.815554660065627,0.0334561741060508,0.316004330044868,0.891524785774781,60,"Slc6a9,Ccl2,Cacng8,Shisa6,Cacng7,Nlgn3,Dlgap1,Rasgrf2,Ptk2b,Arc"
GOBP_THYROID_HORMONE_TRANSPORT,0.680100755667506,0.815554660065627,0.0421619430092452,0.411802614038306,0.86301812597259,10,Slco1c1
GOBP_TRANSCYTOSIS,0.68,0.815554660065627,0.0390355298112393,0.358604754503983,0.860156856990536,21,"Ager,Gpihbp1,Fcgrt,Ptafr,Mfsd2a,Lrp1,Pigr,Src,Lrpap1"
GOBP_ACTIN_FILAMENT_DEPOLYMERIZATION,0.681341719077568,0.816575112115841,0.0335297167141207,0.316217353965001,0.889168449798928,59,"Gsn,Vil1,Sema5a,Lmod1,Spta1,Capg,Plek"
GOBP_FATTY_ACID_ELONGATION,0.681426814268143,0.816575112115841,0.0409883873374721,0.391308632715391,0.862421286568879,13,"Elovl7,Hacd4,Elovl1,Elovl5,Abcd1"
GOBP_POSITIVE_REGULATION_OF_MONOOXYGENASE_ACTIVITY,0.681868743047831,0.816909955028944,0.0363018462359236,0.33989408176177,0.877122223902508,31,"Agtr2,Nod1,Cdh3,Ptk2b,S100a1,Tnf,Htr2b,Vdr,Il1b,Gdnf"
GOBP_DEVELOPMENT_OF_PRIMARY_SEXUAL_CHARACTERISTICS,0.682317682317682,0.817253035265902,0.0311335139616949,0.304433039168997,0.934658102975933,225,"A2m,Wnt4,Nos3,Gata6,Foxl2,Sox8,Inhba,Kdr,Pcyt1b,Tnfaip6"
GOBP_CELLULAR_POTASSIUM_ION_HOMEOSTASIS,0.684019370460049,0.818121669117931,0.0400845633477088,0.38068738408419,0.853657848431089,14,"Kcnj2,Slc12a2,Atp1b2,Kctd7,Atp4b,Atp1a4,Atp1a2,Atp1a1"
GOBP_EMBRYONIC_CAMERA_TYPE_EYE_MORPHOGENESIS,0.683673469387755,0.818121669117931,0.0370705393657621,0.341969358073937,0.86510244354068,26,"Twist1,Tbx2,Wnt5a,Prox1,Aldh1a3,Phactr4,Pax2,Hipk2,Ihh,Foxf2"
GOBP_ENDOCYTIC_RECYCLING,0.683778234086242,0.818121669117931,0.0323604297137014,0.311580664844673,0.899752054379075,74,"Pla2g3,Micall2,Trarg1,Atp9a,Dennd1c,Ehd2,Ehd4,Micall1,Pla2g4e,Acap2"
GOBP_POSITIVE_REGULATION_OF_CILIUM_MOVEMENT,0.683622828784119,0.818121669117931,0.0412376090540066,0.391011403377275,0.849087309922523,12,"Ttll6,Ccr6,Defb1,Prdm14,Tacr2,Rnase10"
GOBP_PROTEIN_AUTOUBIQUITINATION,0.683778234086242,0.818121669117931,0.0323604297137014,0.311672410793876,0.900016989323986,74,"Rnf112,Asb4,Rnf208,Rnf13,Rnf186,Trim21,Sh3rf2,Rnf183,Trim13,Sash1"
GOBP_REGULATION_OF_TRANSMISSION_OF_NERVE_IMPULSE,0.683908045977011,0.818121669117931,0.124434168630393,-0.289704455871012,-0.847766427863702,16,"Chrnb4,Cartpt"
GOBP_POSITIVE_REGULATION_OF_IMMUNOGLOBULIN_PRODUCTION,0.685263157894737,0.819414342230457,0.0334561741060508,0.319158276889444,0.883863420039962,51,"Il6,Cd40,H2-T23,Tgfb1,Tlr9,Hpx,Il4ra,Il4,Dnajb9,Xcl1"
GOBP_NEGATIVE_REGULATION_OF_TUMOR_NECROSIS_FACTOR_MEDIATED_SIGNALING_PATHWAY,0.687281213535589,0.82163202388666,0.0381628909049257,0.349055288791881,0.850192200665452,22,"Naip2,Ccdc3,Nr1h4,Rffl"
GOBP_REGULATION_OF_ORGANELLE_TRANSPORT_ALONG_MICROTUBULE,0.6875,0.821698169281978,0.111918316325105,-0.31247821344609,-0.826953280667326,10,"Nefh,Map2,Trim58,Hap1"
GOBP_VIRION_ASSEMBLY,0.688325991189427,0.822489840197112,0.0353910624222457,0.330200347443828,0.867117959978095,35,"Pcx,Apoe,Lrsam1,Chmp2b,Mvb12b,Chmp7,Chmp4b,Vps37c,Rab43,Usp6nl"
GOBP_REGULATION_OF_AUTOPHAGY_OF_MITOCHONDRION_IN_RESPONSE_TO_MITOCHONDRIAL_DEPOLARIZATION,0.688775510204082,0.822831390160627,0.115734447701689,-0.30303641538269,-0.837115219389021,12,"Hk2,Htra2,Hdac6,Vps13c,Tomm7,Huwe1,Mul1,Cdc37"
GOBP_DNA_METHYLATION_INVOLVED_IN_GAMETE_GENERATION,0.68944099378882,0.823430714130767,0.129442887745046,-0.264325230888684,-0.869591984916596,20,"Morc1,Tdrd1,Dnmt3l,Tdrkh,Prmt7,Kdm1b,Piwil2"
GOBP_MESENCHYMAL_TO_EPITHELIAL_TRANSITION_INVOLVED_IN_METANEPHROS_MORPHOGENESIS,0.689826302729529,0.823695207558513,0.0408229003677776,0.389946586113429,0.846775042765328,12,"Wnt9b,Stat1,Pax2,Gdnf"
GOBP_LATE_ENDOSOME_TO_VACUOLE_TRANSPORT_VIA_MULTIVESICULAR_BODY_SORTING_PATHWAY,0.690821256038647,0.82449156080396,0.0395172228473919,0.370756121327166,0.849827611479355,16,"Tmem50b,Leprot,Chmp7,Chmp4b"
GOBP_SULFATION,0.690781796966161,0.82449156080396,0.0379271467108098,0.348337367671276,0.848443563824729,22,"Sult1a1,Chst4,Chst5,Hs3st3b1,Sult2a1,Sult2a6"
GOBP_NEGATIVE_REGULATION_OF_MEMBRANE_POTENTIAL,0.691435768261965,0.825029102077592,0.0414044273760278,0.405476932492016,0.849761343117222,10,"Mapt,Pip5kl1,Trpv1,Rnf122"
GOBP_NADP_METABOLIC_PROCESS,0.691629955947137,0.825064971178514,0.0351652290409302,0.329489690963547,0.865251750562518,35,"Fmo2,Aldh1l1,Fmo5"
GOBP_REGULATION_OF_INSULIN_SECRETION,0.692,0.825138588538142,0.0304894126298511,0.303354071892248,0.915952610737594,145,"Kcna5,Adra2a,Nkx6-1,Il6,Cd38,Gpld1,Adcy5,Slc9b2,Nos2,Cftr"
GOBP_REGULATION_OF_TRANSCRIPTION_FROM_RNA_POLYMERASE_II_PROMOTER_IN_RESPONSE_TO_OXIDATIVE_STRESS,0.692019950124688,0.825138588538142,0.0409055783172035,0.394285340636813,0.844593590393292,11,Epas1
GOBP_REGULATION_OF_RNA_POLYMERASE_II_REGULATORY_REGION_SEQUENCE_SPECIFIC_DNA_BINDING,0.69249692496925,0.825511510984211,0.0402477565068868,0.386455293488638,0.85172481143352,13,"Zbtb7c,Tmsb4x,Ddrgk1,Ddit3"
GOBP_GANGLION_DEVELOPMENT,0.693413173652695,0.826407781875793,0.0389556479965885,0.362276700287936,0.839939269460149,17,"Rgs4,Pou4f2,Six1,Cyp1b1"
GOBP_PHOSPHATIDYLGLYCEROL_METABOLIC_PROCESS,0.693743139407245,0.826605063237786,0.0348652196832942,0.328729524600677,0.866098971006743,36,"Pla2g3,Pla2g2d,Pla2g2f,Pla2g4a,Pla2g4f,Pla2g5"
GOBP_MORPHOGENESIS_OF_A_POLARIZED_EPITHELIUM,0.695121951219512,0.827855496038969,0.0310617758113358,0.306661669061264,0.902776366842802,95,"Foxf1,Dkk1,Ajap1,Dab2,Rspo3,Trp63,Wnt9b,Lama1,Prickle1,Wnt5a"
GOBP_VIRAL_RELEASE_FROM_HOST_CELL,0.695011337868481,0.827855496038969,0.0363018462359236,0.338530318563565,0.856402478430904,26,"Cav2,Pcx,Trim31,Chmp2b,Chmp7,Chmp4b"
GOBP_RETROGRADE_AXONAL_TRANSPORT,0.695294117647059,0.827864407724246,0.0380056241581377,0.353624871124211,0.848212004664053,21,"Map1a,Dlg2,Kif1a,Agbl4"
GOBP_NUCLEOSIDE_MONOPHOSPHATE_CATABOLIC_PROCESS,0.695808383233533,0.828280545232055,0.0387962208304479,0.361672165118913,0.838537653436186,17,"Xdh,Gda,Dpys"
GOBP_REGULATION_OF_THE_FORCE_OF_HEART_CONTRACTION,0.696145124716553,0.828289122355056,0.0362254755857254,0.337697878648814,0.854296600265655,26,"Pln,Nos3,Atp2b4,Cav1,Myh6,Slc8a1,Atp1a2,Atp1a1"
GOBP_THROMBIN_ACTIVATED_RECEPTOR_SIGNALING_PATHWAY,0.696029776674938,0.828289122355056,0.0404114482034376,0.388194411495779,0.842970168483493,12,"F2rl3,Plek,Snca"
GOBP_RESPONSE_TO_LEPTIN,0.696616102683781,0.828653371554985,0.037536290520292,0.347467446272392,0.846324700675331,22,"Edn1,Lepr"
GOBP_NEGATIVE_REGULATION_OF_MUSCLE_ORGAN_DEVELOPMENT,0.69727047146402,0.829017528765971,0.0403295396423143,0.387474797747169,0.841407516098642,12,"Twist1,Tgfb1,Sirt2"
GOBP_POSITIVE_REGULATION_OF_KERATINOCYTE_PROLIFERATION,0.697416974169742,0.829017528765971,0.0399218624292714,0.38470840771563,0.847874777598611,13,"Mdk,Trp63,Fgf7,Cdh3,Reg3b"
GOBP_PROTEIN_LOCALIZATION_TO_EXTRACELLULAR_REGION,0.697302697302697,0.829017528765971,0.0300618095810088,0.304613388336637,0.944718811826394,340,"Kcna5,Adra2a,Nkx6-1,Sncg,Or51e2,Cltrn,Adora2a,Hcar2,Il6,Cd38"
GOBP_CHAPERONE_MEDIATED_AUTOPHAGY,0.698067632850242,0.829256874843956,0.0390355298112393,0.366357249141817,0.839744748844219,16,"Synpo2,Plk3,Snca,Clu,Gfap"
GOBP_NEGATIVE_REGULATION_OF_MUSCLE_CELL_DIFFERENTIATION,0.69811320754717,0.829256874843956,0.0323604297137014,0.313057461859665,0.88028318044352,59,"Pi16,Dkk1,Tcf23,Rgs4,Hey2,Shh,Tmem119,Myocd"
GOBP_VESICLE_DOCKING,0.69811320754717,0.829256874843956,0.234392647294686,-0.216051849869473,-0.91419514815164,55,"Snap25,Syt1,Rab3c,Bves,Ppfia3,Unc13a,Cplx2,Stxbp1,Ctbp2,Rabepk"
GOBP_TETRAPYRROLE_METABOLIC_PROCESS,0.699271592091571,0.830436639131663,0.0319257308349884,0.311696841702298,0.881019125827775,61,"Slco2b1,Slc6a9,Spta1,Hpx,Tmem14a,Cpox,Lmbrd1,Slc25a38,Gm10768,Cyp1a2"
GOBP_CELL_VOLUME_HOMEOSTASIS,0.699666295884316,0.830709133068129,0.035090109926935,0.336800029078774,0.869137788409797,31,"Aqp4,Sctr,Kcnn4,Slc12a4,Slc12a2,Lrrc8e,Slc12a3"
GOBP_NEGATIVE_REGULATION_OF_CALCINEURIN_MEDIATED_SIGNALING,0.7,0.830909090909091,0.124434168630393,-0.290862047972695,-0.838884079917263,15,"Homer2,Myoz1,Dyrk2,Actn3"
GOBP_ALPHA_AMINO_ACID_CATABOLIC_PROCESS,0.700811359026369,0.8314795142378,0.0305608138615649,0.305147044771617,0.895308615151977,90,"Aspa,Nos3,Fah,Sds,Otc,Nos2,Dao,Kmo,Aldh6a1,Glul"
GOBP_POSITIVE_REGULATION_OF_GLUCOSE_METABOLIC_PROCESS,0.70076169749728,0.8314795142378,0.0339723613634993,0.327821059864076,0.872171444258385,39,"Slc45a3,Nnmt,Gpld1"
GOBP_POSITIVE_REGULATION_OF_ESTABLISHMENT_OF_PROTEIN_LOCALIZATION,0.701298701298701,0.831861390143599,0.029777461260706,0.303383231551023,0.938730168166637,306,"Nkx6-1,Prr5l,Or51e2,Adora2a,Hcar2,Ptgs2,Chp2,Cd38,Gpld1,Jup"
GOBP_NEGATIVE_REGULATION_OF_DEFENSE_RESPONSE_TO_VIRUS,0.701814058956916,0.832276309123948,0.0358449292332649,0.335727499544963,0.84931200226821,26,"Mill2,Fgl2,Nlrx1,Htra1,Rnf125"
GOBP_DISACCHARIDE_METABOLIC_PROCESS,0.703241895261845,0.833444725948262,0.0401660980049421,0.39086979480417,0.837277193305626,11,"Mgam,Fbp1,Treh,Sis"
GOBP_POSITIVE_REGULATION_OF_PROTEIN_LOCALIZATION,0.703296703296703,0.833444725948262,0.0296354881939192,0.305382362104803,0.95216092794151,442,"Pecam1,Nkx6-1,Epha2,Pls1,Prr5l,Or51e2,Adora2a,Hcar2,Prkch,Mndal"
GOBP_REGULATION_OF_NUCLEAR_TRANSCRIBED_MRNA_POLY_A_TAIL_SHORTENING,0.703125,0.833444725948262,0.0384786917635432,0.367771129176397,0.835596372392844,15,Zfp36
GOBP_WATER_TRANSPORT,0.703529411764706,0.833524004935465,0.0374584205912161,0.350327405676259,0.840302635141979,21,"Slc14a1,Aqp4,Cftr"
GOBP_NEGATIVE_REGULATION_OF_SMOOTHENED_SIGNALING_PATHWAY,0.704444444444444,0.834411456697036,0.0347156757446657,0.330828507372517,0.859364707747325,33,"Hhip,Cd3e,Enpp1,Kctd21,Prkacb"
GOBP_TRANSPOSITION,0.704918032786885,0.834775724574717,0.149207542435322,-0.250953223422329,-0.87695217966637,27,"Tex19.1,Morc1,Tex19.2,Tex15,Smyd5"
GOBP_REGULATION_OF_T_CELL_DIFFERENTIATION_IN_THYMUS,0.705142857142857,0.834845299777942,0.035996889024589,0.33842529857008,0.846916724737302,25,"Egr3,Foxn1,Shh,Tox,Foxj1"
GOBP_FIBROBLAST_PROLIFERATION,0.70594262295082,0.835211964212597,0.0307037368093842,0.308415860521735,0.896230014153123,80,"Col3a1,Agt,Pdgfd,Wnt2,Jun,Wnt7b,Fn1,Esr1,Myc,Pdgfa"
GOBP_PROTEIN_TARGETING_TO_LYSOSOME,0.705950991831972,0.835211964212597,0.0369160593316849,0.345191101078986,0.840780218206223,22,"Scarb2,Laptm5,Sort1,Clu"
GOBP_REGULATION_OF_VIRAL_INDUCED_CYTOPLASMIC_PATTERN_RECOGNITION_RECEPTOR_SIGNALING_PATHWAY,0.705677867902665,0.835211964212597,0.0366082221336689,0.343206498077559,0.850527975179406,24,"Ddx60,Birc3,Nlrx1,Oasl1,Rnf125,Usp17le"
GOBP_ENDOPLASMIC_RETICULUM_TUBULAR_NETWORK_ORGANIZATION,0.706586826347305,0.835544585353499,0.0380842053196415,0.361368206076781,0.846132297236396,18,"Rtn4,Atl1,Atl3,Zfyve27,Tmem170,Reep3,Rtn3,Rab10,Rab3gap1,Rab18"
GOBP_REGULATION_OF_RECEPTOR_LOCALIZATION_TO_SYNAPSE,0.706586826347305,0.835544585353499,0.0380842053196415,0.361481297037106,0.846397096165709,18,"Prkcz,Stx7,Rap1a,Iqsec2,Tyrobp"
GOBP_TYPE_B_PANCREATIC_CELL_APOPTOTIC_PROCESS,0.706730769230769,0.835544585353499,0.110122263835536,-0.308700631244334,-0.816956154914839,10,"Neurod1,Ryr2,Srsf6,Eif2s1"
GOBP_REGULATION_OF_CELL_DIVISION,0.707,0.835666353162474,0.0294227657846801,0.302199143320744,0.917817592778488,178,"Sox17,Tgfa,Fgf1,Osm,Lbh,Pdgfd,Opn1mw,Tle6,Mdk,Tal1"
GOBP_REGULATION_OF_DOUBLE_STRAND_BREAK_REPAIR_VIA_NONHOMOLOGOUS_END_JOINING,0.70873786407767,0.837523564343782,0.163180127180689,-0.24814084770138,-0.878029311486114,31,"Usp51,Aunip,Dek,Nsd2,Smchd1,Ercc6,Rif1,Hsf1,Shld3"
GOBP_HISTONE_H2B_UBIQUITINATION,0.709183673469388,0.837586186423396,0.11378726182188,-0.300111565514757,-0.829035542443982,12,"Rnf8,Cdc73,Leo1,Wdr70,Wac,Rnf40,Cdk9,Rnf20"
GOBP_PROTEIN_LOCALIZATION_TO_CELL_PERIPHERY,0.709290709290709,0.837586186423396,0.0292103127923884,0.302402877823961,0.937970710916315,330,"Mal,Epha2,Pls1,Prkch,Jup,Vamp5,Vil1,Emp2,Dab2,Epb41l3"
GOBP_REGULATION_OF_INTRINSIC_APOPTOTIC_SIGNALING_PATHWAY,0.709290709290709,0.837586186423396,0.0292103127923884,0.300429233241818,0.91235872245551,162,"S100a8,Snai2,Hspa1a,Cxcl12,Ptgs2,Septin4,S100a9,Ripk3,Dapk2,Ackr3"
GOBP_NAD_METABOLIC_PROCESS,0.709786276715411,0.837777791276912,0.0349401058848478,0.331143234440521,0.849366386775716,28,"Cd38,Gpd1,Kmo,Aldob"
GOBP_NEURAL_PRECURSOR_CELL_PROLIFERATION,0.70970970970971,0.837777791276912,0.0292811015816512,0.299307839510483,0.902606949830886,142,"Lims2,Gjc2,Sox10,Id4,Kcna1,Hhip,Wnt2,Gata2,Mdk,Ephb1"
GOBP_GASTRO_INTESTINAL_SYSTEM_SMOOTH_MUSCLE_CONTRACTION,0.71,0.837833333333333,0.112378519110475,-0.305459862742518,-0.831025172262009,11,"Ptger3,Kit"
GOBP_POSITIVE_REGULATION_OF_CELLULAR_RESPONSE_TO_INSULIN_STIMULUS,0.710857142857143,0.838647936433433,0.0356176233437444,0.337201765581265,0.843854806624579,25,"Agt,Prkcz,Nr1h4"
GOBP_REGULATION_OF_RECEPTOR_INTERNALIZATION,0.711297071129707,0.838970055506579,0.0313490001730997,0.308708062012453,0.867201282956466,58,"Sele,Itgb3,Dkk1,Apln,Arrb1,Apela,Arc"
GOBP_DNA_DAMAGE_RESPONSE_SIGNAL_TRANSDUCTION_RESULTING_IN_TRANSCRIPTION,0.711884753901561,0.839466258002145,0.037848772270503,0.354378013210087,0.833261356224458,19,"Sp100,Mndal"
GOBP_REGULATION_OF_NK_T_CELL_ACTIVATION,0.713216957605985,0.840839973237637,0.0395172228473919,0.384709169449606,0.82408059644794,11,"Il18,Il12b,Zbtb7b,Il23a,Il12a,Jak2"
GOBP_INTESTINAL_LIPID_ABSORPTION,0.714117647058824,0.841507917908199,0.0367619553883609,0.347351155667526,0.833163739684024,21,"Pnlip,Akr1c20,Ldlr,Abcg8,Npc1l1,Enpp7,Prap1,Fabp2,Cyp8b1,Cel"
GOBP_NADH_METABOLIC_PROCESS,0.714285714285714,0.841507917908199,0.160801401070022,-0.24717545571238,-0.875654073778148,30,"Gck,Hk2,Tigar,Pfkp,Actn3,Trp53,Idh3b,Eno1"
GOBP_REGULATION_OF_NON_MOTILE_CILIUM_ASSEMBLY,0.714285714285714,0.841507917908199,0.11331290842208,-0.29898453320559,-0.825922200776592,12,"Wrap73,Atmin,Hap1,Cenpj"
GOBP_CELLULAR_RESPONSE_TO_TESTOSTERONE_STIMULUS,0.714463840399002,0.841520554284392,0.0394366509525593,0.384265771535091,0.823130799440552,11,"Myc,Ar,Msn,Ncoa4,Elk1,Spp1,Srd5a1,Igf1r"
GOBP_CELLULAR_RESPONSE_TO_UV_A,0.71571072319202,0.842236133863796,0.0393561959521291,0.38383048339613,0.822198374279763,11,"Mmp3,Mmp9"
GOBP_DIET_INDUCED_THERMOGENESIS,0.715880893300248,0.842236133863796,0.0391155247681459,0.382731166123547,0.83110664666165,12,"Sctr,Mc4r,Bmp8a"
GOBP_L_SERINE_METABOLIC_PROCESS,0.71536523929471,0.842236133863796,0.0398406946073899,0.398349291610483,0.834823887485592,10,"Sds,Serinc3,Serinc5,Cbs"
GOBP_MITOCHONDRION_MORPHOGENESIS,0.715814506539834,0.842236133863796,0.0371479221137289,0.349510054616827,0.828600881683656,20,"Myh14,Fez1,Bcl2l1,Mtm1,Cert1,Pid1"
GOBP_PROTEIN_LOCALIZATION_TO_VACUOLE,0.715909090909091,0.842236133863796,0.0304180507344859,0.304978839384304,0.870087320134612,66,"Gpr137b,Rtn4,Cacng8,Cacng7,Scarb2,Tnfaip3,Lmbrd1,Laptm5,Sort1,Cacng4"
GOBP_B_CELL_ACTIVATION_INVOLVED_IN_IMMUNE_RESPONSE,0.716923076923077,0.842730652326397,0.0299906706583812,0.303871800290443,0.88529935442338,86,"Dock10,Il6,Cd40,Batf,Nkx2-3,Tlr4,Tgfb1,Il27ra,Itm2a,Lfng"
GOBP_HORMONE_MEDIATED_SIGNALING_PATHWAY,0.717,0.842730652326397,0.0287155399266326,0.300953554045065,0.916536389145369,189,"Srarp,Or51e2,Lbh,Pak1,Nodal,Rxfp2,Dab2,Zfp366,Paqr7,Lhcgr"
GOBP_NEGATIVE_REGULATION_OF_STRIATED_MUSCLE_CELL_DIFFERENTIATION,0.716960352422908,0.842730652326397,0.0334561741060508,0.323658131119314,0.849937865175158,35,"Pi16,Dkk1,Rgs4,Tmem119,Myocd"
GOBP_REGULATION_OF_PROTEIN_LIPIDATION,0.716624685138539,0.842730652326397,0.03975964750879,0.397733557694887,0.833533488853287,10,"Hhatl,Svip,Rab3gap1,Rab3gap2,Rb1cc1,Dbi"
GOBP_ANTIBACTERIAL_HUMORAL_RESPONSE,0.718685831622177,0.844514650669631,0.0299195667151671,0.302980400478211,0.876725272650285,75,"Trf,Wfdc12,Slpi,H2-T23,Klk5,Klk1b27,Sftpd,Ear6,Spon2,Nod2"
GOBP_REGULATION_OF_MALE_GONAD_DEVELOPMENT,0.719143576826197,0.84485505041021,0.0395979123961192,0.396435521972568,0.830813184711611,10,Wnt4
GOBP_WHITE_FAT_CELL_DIFFERENTIATION,0.719806763285024,0.845436588559303,0.0376142599562161,0.357475588702077,0.819386675589875,16,"Snai2,Fabp4,Pdgfra,Adig"
GOBP_INTESTINAL_EPITHELIAL_CELL_DEVELOPMENT,0.720787207872079,0.846390398031521,0.0383995813369433,0.375925949186124,0.828518753859252,13,Hoxa5
GOBP_NEGATIVE_REGULATION_OF_AMYLOID_PRECURSOR_PROTEIN_CATABOLIC_PROCESS,0.721176470588235,0.846649723878342,0.0363018462359236,0.342205346971723,0.820820895427596,21,"Rtn4,Prnp,Igf1,Spon1,Clu,Ntrk2,Apoe,Bin1"
GOBP_EXTRACELLULAR_REGULATION_OF_SIGNAL_TRANSDUCTION,0.722084367245658,0.846844271290606,0.0387166740042594,0.37941589109711,0.823907475666796,12,"Grem2,Ltbp1,Nrros,Nbl1,Lrpap1"
GOBP_FERTILIZATION,0.722277722277722,0.846844271290606,0.0282923737721474,0.300056333742216,0.913445466097535,186,"Clgn,Foxl2,Ccdc87,Plat,Zp3,Trpc7,Ovch2,Spag8,Hoxd9,Glrb"
GOBP_MALE_SEX_DIFFERENTIATION,0.722277722277722,0.846844271290606,0.0282923737721474,0.298847558505209,0.908311284483024,164,"Wnt4,Tbx3,Gata6,Sox8,Inhba,Rxfp2,Tlr3,Lhcgr,Il1a,Bmp5"
GOBP_NEGATIVE_REGULATION_OF_CELL_CELL_ADHESION_MEDIATED_BY_CADHERIN,0.721662468513854,0.846844271290606,0.0394366509525593,0.394712211422652,0.827201628615176,10,"Ppm1f,Notch4,Plg,Rgcc,Epcam,Notch1"
GOBP_POSITIVE_REGULATION_OF_NITRIC_OXIDE_SYNTHASE_ACTIVITY,0.722352941176471,0.846844271290606,0.0362254755857254,0.34190166579022,0.820092479400404,21,"Agtr2,Nod1,Ptk2b,S100a1,Tnf,Htr2b,Apoe"
GOBP_REGULATION_OF_TRANSCRIPTION_FROM_RNA_POLYMERASE_II_PROMOTER_IN_RESPONSE_TO_HYPOXIA,0.722017220172202,0.846844271290606,0.0383205781976994,0.375785135910214,0.828208409654133,13,"Stox1,Egr1,Sirt2"
GOBP_NADPH_REGENERATION,0.724550898203593,0.84922298094415,0.123257226381337,-0.277289249589737,-0.837443825995769,17,"Tigar,Rpe,Dera,Trp53,Pgam1,Pgls,Nnt"
GOBP_NUCLEOSIDE_BISPHOSPHATE_METABOLIC_PROCESS,0.724798387096774,0.849315033085195,0.0285743975105342,0.298889074840909,0.892035518389822,122,"Hmgcs2,Sult1a1,Slc26a1,Elovl7,Dip2a,Acsm5,Acss2,Hmgcs1,Enpp1,Acot11"
GOBP_ALDITOL_PHOSPHATE_METABOLIC_PROCESS,0.725,0.849353297599627,0.11101149245045,-0.302117203747582,-0.82193123192517,11,"Gpat3,Gk2"
GOBP_ACTIN_CROSSLINK_FORMATION,0.726392251815981,0.850161350880714,0.0373029764832679,0.365309674712008,0.81917469284127,14,"Gas2l2,Tnnt2,Lcp1"
GOBP_CELLULAR_PROCESS_INVOLVED_IN_REPRODUCTION_IN_MULTICELLULAR_ORGANISM,0.726273726273726,0.850161350880714,0.0280106629226489,0.302429567049071,0.940750415339453,389,"Edn1,Drc7,Wnt4,Pla2g3,Slc26a3,Paqr5,Zmynd15,Foxl2,Ttc12,Septin4"
GOBP_LATE_ENDOSOME_TO_VACUOLE_TRANSPORT,0.726535341830823,0.850161350880714,0.0352404270679709,0.337632203014912,0.836713860588796,24,"Tmem50b,Leprot,Chmp2b,Chmp7,Chmp4b,Becn2,Tmem50a,Chmp3,Vps28,Chmp1b"
GOBP_NEGATIVE_REGULATION_OF_ENDOPLASMIC_RETICULUM_UNFOLDED_PROTEIN_RESPONSE,0.726392251815981,0.850161350880714,0.0373029764832679,0.365571967042362,0.819762860234653,14,"Ppp1r15a,Dnajb9,Wfs1,Ddrgk1,Abca7,Nck2,Ufl1,Ppp1r15b,Atf6b"
GOBP_REGULATION_OF_CELLULAR_PH,0.726434426229508,0.850161350880714,0.0292811015816512,0.30399630947277,0.883387178209264,80,"Slc26a3,Slc9a2,Atp6v0a4,Slc9a9,Cftr,Car2,Avpr1b,Avpr1a,Slc4a4,Slc9b1"
GOBP_CHAPERONE_MEDIATED_PROTEIN_COMPLEX_ASSEMBLY,0.726954492415403,0.850453859290721,0.0355420211253902,0.33761534358366,0.822327984008738,22,"Hspa1a,Hopx"
GOBP_CELL_AGING,0.727364185110664,0.850735169509378,0.0282923737721474,0.297676236554398,0.887161821216567,116,"Bglap3,Bglap2,Bglap,Tbx3,Twist1,Tbx2,Mapk10,Trp63,Prelp,Kir3dl2"
GOBP_MICROTUBULE_ANCHORING,0.728409090909091,0.851377035940234,0.0341946045318573,0.327585738020767,0.833302874324905,27,"Ccdc187,Ccdc68,Saxo1"
GOBP_NUCLEOSIDE_TRIPHOSPHATE_BIOSYNTHETIC_PROCESS,0.72840790842872,0.851377035940234,0.0299195667151671,0.304938350653503,0.861916077355405,61,"Ak7,Nme9,Tgfb1,Myc,Cmpk2,Ak9,Ak8,Il4,Trem2,Uckl1"
GOBP_REACTIVE_OXYGEN_SPECIES_BIOSYNTHETIC_PROCESS,0.728421052631579,0.851377035940234,0.0304894126298511,0.309573744594021,0.858046113093542,52,"Tlr4,Ncf1,Mpv17l,Mmp8,Nox4,Fyn,Snca,Alox5,Cyp1a2,Tlr6"
GOBP_REGULATION_OF_CEREBELLAR_GRANULE_CELL_PRECURSOR_PROLIFERATION,0.729219143576826,0.852111723561298,0.0389556479965885,0.392081748895878,0.821688946658073,10,"Shh,Slc6a4,Fgf2,Gpr37l1,Cend1"
GOBP_ISOPRENOID_CATABOLIC_PROCESS,0.729426433915212,0.852155864116145,0.0384786917635432,0.373914223326477,0.80095688028464,11,"Cyp26c1,Cyp26b1,Cyp2w1"
GOBP_REGULATION_OF_PEPTIDYL_LYSINE_ACETYLATION,0.729618163054696,0.85218180893958,0.0294227657846801,0.301592956197618,0.866591707256412,71,"Snai2,Twist1,Arid5a,Dip2a,Gata2,Arrb1,Rapgef3,Rps6ka5,Myocd,Muc1"
GOBP_RESPONSE_TO_EXTRACELLULAR_STIMULUS,0.73026973026973,0.85274470013146,0.0277292221875017,0.302446301656175,0.942633752923197,466,"Bglap3,Bglap2,Bglap,A2m,Tbxa2r,Hmgcs2,Wnt4,Aldh1a2,Col1a1,Zfp36"
GOBP_HIPPO_SIGNALING,0.731182795698925,0.853612613557477,0.169570644405628,-0.226542090706502,-0.852061703195673,37,"Sox11,Mob1b,Ajuba,Cit,Tead1,Wwc1,Tead2,Map2k3,Stk4,Mob1a"
GOBP_ADULT_BEHAVIOR,0.732196589769308,0.854457905426513,0.0277995594097672,0.298904727602059,0.898764700218188,135,"Efnb3,Sncg,Cnp,Cxcl12,Htr2a,Cntn2,Kcnj10,Hoxb8,Chl1,Hoxd9"
GOBP_MAINTENANCE_OF_PROTEIN_LOCATION_IN_NUCLEUS,0.732246798603027,0.854457905426513,0.035090109926935,0.332155663378663,0.816973504012632,23,"Sp100,Syne1"
GOBP_REGULATION_OF_IRE1_MEDIATED_UNFOLDED_PROTEIN_RESPONSE,0.732954545454545,0.855085286609422,0.118815039412263,-0.277040361143598,-0.790860342386996,14,Agr2
GOBP_TONGUE_MORPHOGENESIS,0.734256926952141,0.856405933129562,0.03863723737086,0.388858961412571,0.814934924416745,10,"Six1,Cyp26b1"
GOBP_BRANCHING_MORPHOGENESIS_OF_A_NERVE,0.73551637279597,0.857214415508982,0.0385579101998489,0.386953357706056,0.810941335052375,10,"Rtn4,Dlx2,Fgfr2,Lrrk2"
GOBP_CELLULAR_POLYSACCHARIDE_CATABOLIC_PROCESS,0.735632183908046,0.857214415508982,0.119348440591015,-0.281759608862767,-0.82451730472594,16,"Aoah,Stbd1,Ins2,Ppp1ca,Pygl"
GOBP_NEURON_MIGRATION,0.735264735264735,0.857214415508982,0.0273777349570556,0.296897338203865,0.90204158215065,163,"Nkx6-1,Dcdc2a,Ndnf,Col3a1,Cxcl12,Twist1,Septin4,Cntn2,Phactr1,Ntrk3"
GOBP_SEQUESTERING_OF_EXTRACELLULAR_LIGAND_FROM_RECEPTOR,0.73551637279597,0.857214415508982,0.0385579101998489,0.385908448405568,0.808751510035298,10,"Grem2,Ltbp1,Nrros,Nbl1"
GOBP_AUTOPHAGY_OF_NUCLEUS,0.736714975845411,0.857680913287374,0.0365314928349125,0.350299380154129,0.802937749142078,16,"Wipi1,Atg9a,Ulk2,Wdr45,Atg3,Rb1cc1,Atg7,Atg12"
GOBP_LIPOPROTEIN_CATABOLIC_PROCESS,0.736714975845411,0.857680913287374,0.0365314928349125,0.350346549345873,0.803045867873638,16,"Notum,Abhd12,Ldlr,Apob,Apoe"
GOBP_NEGATIVE_REGULATION_OF_GLUCONEOGENESIS,0.736714975845411,0.857680913287374,0.0365314928349125,0.349605806179926,0.801347975487712,16,"C1qtnf3,Lepr"
GOBP_POLYSACCHARIDE_CATABOLIC_PROCESS,0.736526946107785,0.857680913287374,0.122107920287081,-0.266947214970202,-0.833026832549358,18,"Aoah,Chit1,Stbd1,Ins2,Ppp1ca,Pygl"
GOBP_ENDOSOME_TRANSPORT_VIA_MULTIVESICULAR_BODY_SORTING_PATHWAY,0.736900780379041,0.857698592953332,0.0327241935806629,0.325871566513784,0.838266262661457,30,"Tmem50b,Sort1,Leprot,Rilp,Chmp2b,Chmp7,Chmp4b,Tmem50a,Dennd10,Chmp3"
GOBP_CELL_FATE_SPECIFICATION,0.737804878048781,0.858552111562782,0.0280810636309052,0.299063632970424,0.880408630313401,95,"Sox17,Tbx10,Tbx3,Nkx2-2,Dkk1,Tbx2,Ntrk3,Nodal,Sox18,Tbx5"
GOBP_NUCLEOTIDE_TRANSMEMBRANE_TRANSPORT,0.738295318127251,0.858923990795115,0.0361491929398957,0.347224817971362,0.816441799300015,19,"Slc17a9,Lrrc8e,Lrrc8c,Lrrc8d,Slc25a42,Slc25a41"
GOBP_RNA_DECAPPING,0.738922155688623,0.859454344434685,0.035996889024589,0.348710509522741,0.81649469856864,18,Zfp36
GOBP_RNA_MEDIATED_GENE_SILENCING_BY_INHIBITION_OF_TRANSLATION,0.739130434782609,0.859497732050005,0.0363783055518278,0.348184028811541,0.798089052450367,16,Zfp36
GOBP_LOCOMOTION_INVOLVED_IN_LOCOMOTORY_BEHAVIOR,0.739795918367347,0.859637576942412,0.11101149245045,-0.292107213126903,-0.806924123270929,12,Gnb3
GOBP_NEGATIVE_REGULATION_OF_CELL_MORPHOGENESIS_INVOLVED_IN_DIFFERENTIATION,0.739795918367347,0.859637576942412,0.11101149245045,-0.290529710148848,-0.802566390389575,12,"Efna5,Rcc2,Ap1ar,Fbln1,Meltf"
GOBP_PYRIDINE_CONTAINING_COMPOUND_METABOLIC_PROCESS,0.73993471164309,0.859637576942412,0.0313490001730997,0.317760718288411,0.845405797641846,39,"Ptgis,Nnmt,Kmo"
GOBP_REGULATION_OF_EMBRYONIC_DEVELOPMENT,0.739583333333333,0.859637576942412,0.0292103127923884,0.30160227593445,0.855817851925593,64,"Sox17,Wnt4,Lama4,Wnt2,Nodal,Tle6,Tbx18,Lama1,Lama2"
GOBP_POSITIVE_REGULATION_OF_CYTOPLASMIC_TRANSPORT,0.740467404674047,0.860057680983464,0.0371479221137289,0.369356897530881,0.814040949112806,13,"Dab2,Prkn,Msn"
GOBP_FOREBRAIN_NEURON_DEVELOPMENT,0.74095682613769,0.860228629328907,0.0346410167413251,0.331938739837986,0.808501508989423,22,"Ndnf,Gbx2,Lhx6,Fgfr2,Slc4a10,Nrp1"
GOBP_REGULATION_OF_NMDA_RECEPTOR_ACTIVITY,0.74095682613769,0.860228629328907,0.0346410167413251,0.331267224021291,0.806865901312617,22,"Slc6a9,Ccl2,Rasgrf2,Ptk2b,Capn1,Pink1,Rasgrf1,Nlgn1,App"
GOBP_DEOXYRIBONUCLEOSIDE_METABOLIC_PROCESS,0.741895261845387,0.860928030906061,0.0376923295943841,0.369031622076508,0.79049792253209,11,"Xdh,Gda"
GOBP_WATER_SOLUBLE_VITAMIN_METABOLIC_PROCESS,0.741901776384535,0.860928030906061,0.0292103127923884,0.301646786390437,0.851018676162452,60,"Slc52a3,Nnmt,Slc19a3,Gsto2"
GOBP_POSITIVE_REGULATION_OF_VACUOLE_ORGANIZATION,0.742352941176471,0.861252766049877,0.0349401058848478,0.334011087218188,0.801165972768487,21,"Pip4k2a,Wipi1,Lrsam1,Snx18,Pip4k2c,Anxa2,Sh3glb1,Ralb,Rab3gap1,Wdr45"
GOBP_ANOIKIS,0.745272525027809,0.863643380201659,0.0320704174637537,0.325134224932278,0.839033304025872,31,"Snai2,Dapk2,Itga5,Cav1,Sik1,Ntrk2,Src,Bmf,Pdk4"
GOBP_CELLULAR_RESPONSE_TO_PH,0.745142857142857,0.863643380201659,0.0333826959919392,0.325118603683671,0.813616429227795,25,"Pkd2l1,Gpld1"
GOBP_GLYCOPROTEIN_CATABOLIC_PROCESS,0.744897959183674,0.863643380201659,0.0330162512586498,0.323285892730403,0.817837648783824,26,"Neu4,Cela1,Adamts9,Fbxo2"
GOBP_IMMATURE_B_CELL_DIFFERENTIATION,0.745,0.863643380201659,0.109250039480711,-0.297280565615311,-0.808772815624737,11,"Kit,Rag2"
GOBP_POSITIVE_REGULATION_OF_FEEDING_BEHAVIOR,0.745,0.863643380201659,0.109250039480711,-0.295906327041821,-0.805034102338447,11,"Insl5,Mc1r,Cfap20,Ghsr,Agrp"
GOBP_BASIC_AMINO_ACID_TRANSPORT,0.7455919395466,0.863814399654473,0.0379271467108098,0.382564799110771,0.801744196701351,10,"Slc7a7,Slc25a29,Slc3a1,Slc15a4,Cln3,Slc38a3,Slc66a1"
GOBP_POSITIVE_REGULATION_OF_DOUBLE_STRAND_BREAK_REPAIR_VIA_NONHOMOLOGOUS_END_JOINING,0.746376811594203,0.864334658361347,0.0359208664409425,0.345761799927498,0.792536947256219,16,"Kdm4d,Dtx3l,Parp9,Parp3"
GOBP_VIRAL_PROTEIN_PROCESSING,0.746384872080089,0.864334658361347,0.0319980480340634,0.324807406782016,0.838189925225971,31,"St6galnac3,Mgat4c,St6galnac2,Parp9,Mgat4a,St6gal1,Fut8,St3gal1,Mgat5"
GOBP_REGULATION_OF_TELOMERASE_ACTIVITY,0.747368421052632,0.865274309680235,0.0292103127923884,0.302249216188766,0.837036183202417,51,"Parm1,Sox7,Mapk15,Klf4"
GOBP_PEROXISOME_ORGANIZATION,0.748898678414097,0.866846340407015,0.0313490001730997,0.318203194053583,0.83561300471737,35,"Pex5l,Hacl1,Abcd1,Pjvk,Fis1,Plaat3,Rab8b,Pex11g,Scp2,Abcd4"
GOBP_REGULATION_OF_SKELETAL_MUSCLE_TISSUE_DEVELOPMENT,0.749433106575964,0.867265245570297,0.0327241935806629,0.32078910373517,0.811521356958885,26,"Twist1,Tgfb1,Shh,Megf10,Mtm1,Lmod3,Flot1,Niban2,Myf5,Bcl2"
GOBP_AMYLOID_BETA_FORMATION,0.749732620320856,0.867322291235335,0.0298484971250709,0.306394008091288,0.831553730182691,44,"Rtn4,Bace1,Abca2,Abcg1,Prnp,Tnf,Igf1,Spon1,Clu,Psen2"
GOBP_CYTOPLASMIC_SEQUESTERING_OF_TRANSCRIPTION_FACTOR,0.75,0.867322291235335,0.0354665010333725,0.349497573386358,0.794077841661328,15,"Nfkbia,Mdfi,Il10,Tmsb4x,Nfkbie,Sri"
GOBP_ESTABLISHMENT_OF_CENTROSOME_LOCALIZATION,0.75,0.867322291235335,0.106323255932708,-0.296756933517296,-0.785347935225705,10,"Mad2l1,Ezr,Cep83"
GOBP_POSITIVE_REGULATION_OF_LAMELLIPODIUM_ASSEMBLY,0.750281214848144,0.867447945501753,0.0322878452489437,0.3187299958115,0.817527029826962,28,"Ocln,Clrn1,Pik3r1,Dnm2,Fscn1,Plce1"
GOBP_NEGATIVE_REGULATION_OF_GLIAL_CELL_PROLIFERATION,0.750620347394541,0.867605851194444,0.0369160593316849,0.367396843587829,0.797807928110534,12,Sox10
GOBP_THIOESTER_METABOLIC_PROCESS,0.750762970498474,0.867605851194444,0.027237219988033,0.297033470228594,0.871559469571994,92,"Hmgcs2,Elovl7,Dip2a,Acsm5,Acss2,Hmgcs1,Acot11,Elovl1,Far2,Glyat"
GOBP_CELLULAR_AMINO_ACID_CATABOLIC_PROCESS,0.751012145748988,0.867694336171032,0.0269562963008324,0.295503808908304,0.875624162492011,107,"Aspa,Nos3,Fah,Sds,Otc,Hnmt,Nos2,Carns1,Hdc,Dao"
GOBP_MOTOR_NEURON_APOPTOTIC_PROCESS,0.751889168765743,0.868109060952088,0.037536290520292,0.37889516578771,0.794053715957631,10,"Slc1a1,Fas,Crlf1"
GOBP_NEGATIVE_REGULATION_BY_HOST_OF_VIRAL_PROCESS,0.751861042183623,0.868109060952088,0.0368389606870506,0.36732905408389,0.797660722154279,12,"Zc3h12a,Prkn,Apcs,Ltf,Ptx3,Crp"
GOBP_REGULATION_OF_MITOCHONDRIAL_MEMBRANE_PERMEABILITY,0.751840168243954,0.868109060952088,0.0288567763564905,0.305143102334712,0.848188643418891,53,"Cnp,Hspa1a,Gzmb,Mpv17l,Bcl2l1,Tmem14a"
GOBP_PIRNA_METABOLIC_PROCESS,0.752625437572929,0.868759603829877,0.0338984188001938,0.326623150789468,0.795554355641211,22,"Mov10l1,Mael,Exd1,Tdrd6,Tdrd7,Ddx4,Piwil4,Gpat2,Pld6"
GOBP_SEX_DIFFERENTIATION,0.753,0.868992424242424,0.0261841515946199,0.295731097975029,0.914821657292016,273,"A2m,Wnt4,Tbx3,Nos3,Gata6,Foxl2,Sox8,Inhba,Kdr,Pcyt1b"
GOBP_REGULATION_OF_MACROAUTOPHAGY,0.753507014028056,0.869292382267801,0.0262543396498271,0.293249189872948,0.888132815347764,155,"Dcn,Irgm2,Calcoco2,Kdr,Pip4k2a,Nod1,Wipi1,Snx32,Npc1,Epm2a"
GOBP_SODIUM_ION_EXPORT_ACROSS_PLASMA_MEMBRANE,0.753605769230769,0.869292382267801,0.0352404270679709,0.348036394792042,0.79075796297601,15,"Fxyd1,Atp1b2,Atp4b,Slc4a4,Slc8a1,Atp1a4,Atp1a2,Atp1a1"
GOBP_NEGATIVE_REGULATION_OF_RECEPTOR_MEDIATED_ENDOCYTOSIS,0.753880266075388,0.869360496492175,0.0313490001730997,0.320888539106512,0.833537621015152,32,"Itgb3,Apoc1,Sh3gl3,Abca2,Rin3,Itgav,Lrpap1,App,Lrrtm1,Lrrtm2"
GOBP_VESICLE_MEDIATED_TRANSPORT_BETWEEN_ENDOSOMAL_COMPARTMENTS,0.754010695187166,0.869360496492175,0.0295645497308931,0.304554519943555,0.826561356994965,44,"Myo1d,Emp2,Dab2"
GOBP_CHEMOSENSORY_BEHAVIOR,0.754491017964072,0.869515439547315,0.120433371642259,-0.267037568518929,-0.806482629225506,17,"Lmx1a,Ntrk1"
GOBP_POSITIVE_REGULATION_OF_OSTEOBLAST_PROLIFERATION,0.754342431761787,0.869515439547315,0.0366850427613443,0.36613679962706,0.795071723161542,12,"Sox8,Ccn1,Tmem119"
GOBP_REGULATION_OF_RETROGRADE_PROTEIN_TRANSPORT_ER_TO_CYTOSOL,0.757687576875769,0.872999186100044,0.0360729976388226,0.363675954459538,0.80152048362112,13,"Derl3,Os9,Edem2,Svip,Bcap31,Erlec1"
GOBP_ADRENAL_GLAND_DEVELOPMENT,0.757954545454545,0.873106668194317,0.0322878452489437,0.318602982344225,0.810452807133805,27,"Wnt4,Mdk,Cdkn1c,Cyp1b1"
GOBP_NECROTIC_CELL_DEATH,0.758403361344538,0.873223476289279,0.0283628487151644,0.301650086983948,0.843082463796025,56,"Zbp1,Tlr3,Ripk3,Mlkl,Fas,Slc6a13,Birc3,Cav1,Slc6a6,Tnf"
GOBP_PROTEIN_N_LINKED_GLYCOSYLATION,0.758264462809917,0.873223476289279,0.0275182928235944,0.29463360861573,0.840572963880341,66,"Gal3st1,Slc39a8,Mgat4c,Mgat3,Derl3,Mgat4d,Mgat4a,Gfpt2,Magt1,St6gal1"
GOBP_GMP_METABOLIC_PROCESS,0.76,0.874861460957179,0.0324330694656715,0.319477905195067,0.799500457669572,25,"Xdh,Gda,Dlg2"
GOBP_DICARBOXYLIC_ACID_BIOSYNTHETIC_PROCESS,0.761377613776138,0.875392648115528,0.0358449292332649,0.361829381951202,0.797450746065546,13,"Got1l1,Kmo"
GOBP_GOLGI_TO_VACUOLE_TRANSPORT,0.760998810939358,0.875392648115528,0.0342688261591917,0.333732756297621,0.7911968553182,20,"Laptm5,Ehd3,Sort1,Lamp1,Rnf215,Cln3,Ccdc91,Rbsn,Vps52"
GOBP_NEGATIVE_REGULATION_OF_DENDRITIC_SPINE_DEVELOPMENT,0.761377613776138,0.875392648115528,0.0358449292332649,0.361514608697867,0.796757004268349,13,"Dnm3,Grin3a,Nlgn1,Efna1"
GOBP_POSITIVE_REGULATION_OF_ISOTYPE_SWITCHING,0.761061946902655,0.875392648115528,0.149207542435322,-0.233975394676182,-0.828884984255582,28,"Cd28,Atad5,Exosc3,Nsd2,Hmces,Paxip1,Tnfsf13,Msh2,Trp53bp1,Rif1"
GOBP_PROTEIN_EXPORT_FROM_NUCLEUS,0.761506276150628,0.875392648115528,0.0279402790995263,0.297301493726651,0.835158742223665,58,"Sp100,Ranbp3l,Ifi27,Tgfb1,Egr2,Rapgef3"
GOBP_REGULATION_OF_CELL_CELL_ADHESION_MEDIATED_BY_CADHERIN,0.761176470588235,0.875392648115528,0.0337507376805299,0.329981296404753,0.791500032323253,21,"Foxa1,Ppm1f,Adam19,Wnt5a,Notch4,Plg,Rgcc,Tjp1,Ptpru"
GOBP_PLATELET_MORPHOGENESIS,0.76196032672112,0.875714348977383,0.0333092817548776,0.324354607713773,0.790028876750733,22,"Mpl,Tal1,Mpig6b"
GOBP_SPINAL_CORD_DEVELOPMENT,0.76219512195122,0.875783972125436,0.0263947139776277,0.294256068389301,0.868188767665269,99,"Vit,Daam2,Nkx2-2,Foxb1,Hoxb8,Mdga2,Gata2,Sox13,Tal1,Dll4"
GOBP_BONE_MINERALIZATION_INVOLVED_IN_BONE_MATURATION,0.762607626076261,0.875857559123912,0.0357690767485421,0.359823979926666,0.793030957567432,13,"Phospho1,Ccdc154,Rflna,Igf1"
GOBP_NEGATIVE_REGULATION_OF_INTERFERON_BETA_PRODUCTION,0.762607626076261,0.875857559123912,0.0357690767485421,0.359679608438345,0.792712771270756,13,"Nlrx1,Relb,Rel,Pirb,Nlrc3,Sirpa,Nmi"
GOBP_ACTIN_FILAMENT_NETWORK_FORMATION,0.76302729528536,0.876139381772386,0.0361491929398957,0.360627461735084,0.783108110720196,12,Pls1
GOBP_ATRIAL_SEPTUM_MORPHOGENESIS,0.765625,0.878807380936624,0.0344919215094074,0.345915207098394,0.785938507066173,15,"Ccn1,Hey2,Tbx5"
GOBP_VOCALIZATION_BEHAVIOR,0.765700483091787,0.878807380936624,0.0347156757446657,0.339266369232698,0.777648463869534,16,"Myh14,Srpx2,Nlgn3,Nrxn2"
GOBP_LIPID_DROPLET_ORGANIZATION,0.765932792584009,0.878873350449627,0.0327241935806629,0.322267353471142,0.798636975551363,24,"Cds1,Plin5,Zfyve1,Sqle,Tspo2,Smim22,Cidec,Rab3gap1,Cds2,Rab18"
GOBP_GLOMERULAR_EPITHELIAL_CELL_DIFFERENTIATION,0.767171129220023,0.879892600180027,0.0328701032730105,0.322298458518076,0.792728621017686,23,"Ednra,Foxc2,Foxj1,Klf15,Jag1,Ednrb,Myo1e,Lamb2"
GOBP_NEGATIVE_REGULATION_OF_VASCULAR_ASSOCIATED_SMOOTH_MUSCLE_CELL_MIGRATION,0.767002518891688,0.879892600180027,0.0366082221336689,0.373412791950514,0.782564260005762,10,"Gna12,Myocd,Prkg1"
GOBP_NEGATIVE_REGULATION_OF_MITOCHONDRION_ORGANIZATION,0.768008474576271,0.880652053306322,0.0281514818960232,0.297069347920764,0.817135808062071,48,"Hspa1a,Iapp,Mpv17l,Bcl2l1,Mapt,Tmem14a,Pink1,Igf1,Prkn,Clu"
GOBP_PROTEIN_LOCALIZATION_TO_GOLGI_APPARATUS,0.769403824521935,0.881648740795935,0.0310617758113358,0.310535007037629,0.796507279819717,28,"Gbp5,Arl5c,Zdhhc15,Rab33b,Optn"
GOBP_REGULATION_OF_RESPIRATORY_SYSTEM_PROCESS,0.769323671497585,0.881648740795935,0.0344919215094074,0.336155990261191,0.77051901736791,16,"Adora1,Nlgn3,Tshz3,Nlgn1,Atp1a2,Tlx3"
GOBP_VESICLE_DOCKING_INVOLVED_IN_EXOCYTOSIS,0.769230769230769,0.881648740795935,0.166933848713193,-0.224754929910896,-0.829523324842374,36,"Snap25,Rab3c,Ppfia3,Unc13a,Cplx2,Stxbp1,Ctbp2,Rabepk,Rab3d"
GOBP_HEPARAN_SULFATE_PROTEOGLYCAN_METABOLIC_PROCESS,0.77,0.881929824561404,0.158514105424824,-0.233488093623856,-0.831072967322843,32,"Hpse,Hs6st2,Hs3st5,Hs2st1"
GOBP_NEURON_DEATH_IN_RESPONSE_TO_OXIDATIVE_STRESS,0.77,0.881929824561404,0.0304180507344859,0.314003342444435,0.815659426554792,33,"Tlr4,Slc1a1,Trem2,Pink1,Fbxo7,Tnf,Tlr6,Il10,Prkn"
GOBP_REGULATION_OF_MONOOXYGENASE_ACTIVITY,0.770855332629356,0.882708372922044,0.0277995594097672,0.292983233186662,0.808902007566251,49,"Agtr2,Il1a,Nod1,Cdh3,Ptk2b,Atp2b4,S100a1,Cav1,Snca,Tnf"
GOBP_INTRINSIC_APOPTOTIC_SIGNALING_PATHWAY,0.771228771228771,0.882934874280809,0.0248493879589072,0.293868192958479,0.9090605929343,285,"Epha2,S100a8,Snai2,Hspa1a,Cxcl12,Casp4,Ptgs2,Septin4,Tmem117,Atp2a3"
GOBP_ASPARTATE_FAMILY_AMINO_ACID_CATABOLIC_PROCESS,0.772455089820359,0.883936202259719,0.0338984188001938,0.336976665143905,0.789020270733753,18,"Aspa,Sds,Hykk,Pipox"
GOBP_NUCLEOSIDE_DIPHOSPHATE_CATABOLIC_PROCESS,0.772447724477245,0.883936202259719,0.0351652290409302,0.356445046997718,0.785583987477374,13,"Entpd1,Entpd2,Nudt16,Entpd3,Entpd5"
GOBP_ISOTYPE_SWITCHING_TO_IGG_ISOTYPES,0.772836538461538,0.884171433510731,0.0340463727579649,0.343709701624582,0.780927476490344,15,"Cd40,Il27ra,Il4"
GOBP_REGULATION_OF_MEIOTIC_NUCLEAR_DIVISION,0.773081201334817,0.884250102186604,0.0302754424728262,0.316155375270085,0.815862707636056,31,"Wnt4,Msx2,Meiosin,Wnt5a,Sirt2,Wee2,Stra8,Mos,Fbxo43"
GOBP_SKELETAL_MUSCLE_ACETYLCHOLINE_GATED_CHANNEL_CLUSTERING,0.773299748110831,0.884298870280516,0.0362254755857254,0.37146287613246,0.778477805384702,10,"Colq,Fnta,Lrp4,Fzd9"
GOBP_POSITIVE_REGULATION_OF_SIGNAL_TRANSDUCTION_BY_P53_CLASS_MEDIATOR,0.773903262092239,0.884787741309457,0.0307752597613667,0.309266464643558,0.793253529908311,28,"Mndal,Hic1,Myc,Chd5"
GOBP_CELLULAR_COMPONENT_DISASSEMBLY,0.774225774225774,0.884955199416318,0.0246382257063476,0.29762482672428,0.928148347084538,461,"Stmn4,C3,Ctsk,Stmnd1,Gsn,Adamts4,Snai2,Irgm2,Irak3,Cidea"
GOBP_DETECTION_OF_CALCIUM_ION,0.774907749077491,0.885533360903057,0.0350150690873584,0.355407959206323,0.783298306782999,13,"Casq2,Kcnmb1,Casr"
GOBP_ACTIVATION_OF_CYSTEINE_TYPE_ENDOPEPTIDASE_ACTIVITY,0.775147928994083,0.88560650887574,0.11776578836269,-0.255750563045565,-0.823626859203475,19,"Nlrp6,Asph,Ripk2,Perp,Cycs,Apaf1"
GOBP_POSITIVE_REGULATION_OF_ATP_DEPENDENT_ACTIVITY,0.775531914893617,0.885843884610364,0.0278699114874201,0.297847234770615,0.812573911641792,45,"Dnajb2,Hspa2,Tnnt2,Casr,Aldob,Plscr1,Atp1b2,Dnm2,Atp2a1"
GOBP_BIOLOGICAL_PROCESS_INVOLVED_IN_INTRASPECIES_INTERACTION_BETWEEN_ORGANISMS,0.775789473684211,0.885936775150051,0.0273074724591201,0.298186718858101,0.826484673071502,52,"Kcnq1,Slc6a4,Oxtr,Nlgn3,Grid1,Nrxn2,Cx3cr1,Gad1,Ptchd1,Avpr1a"
GOBP_NEGATIVE_REGULATION_OF_AUTOPHAGY,0.776639344262295,0.886334468407113,0.0258331720982323,0.290037174964513,0.842823131675675,80,"Rasip1,Lepr,Npc1,Fez1,Dapl1,Nrbp2,Sirt2,Trem2,Pink1,Snca"
GOBP_POLYAMINE_BIOSYNTHETIC_PROCESS,0.776442307692308,0.886334468407113,0.0338245444462164,0.342586038337872,0.778374451275263,15,"Nnmt,Smox"
GOBP_POSITIVE_REGULATION_OF_ATP_METABOLIC_PROCESS,0.776666666666667,0.886334468407113,0.0299906706583812,0.312575447993821,0.814987798231131,34,"Htr2a,Gpd1,Myc,Il4,Trem2,Pink1,Slc4a4,Igf1"
GOBP_POSITIVE_REGULATION_OF_PROTEOLYSIS_INVOLVED_IN_CELLULAR_PROTEIN_CATABOLIC_PROCESS,0.777665995975855,0.8868709078427,0.0247790185105207,0.29112614233229,0.874350717371726,131,"Ecscr,Hspa1a,Mndal,Hspa1b,Rnf144b,Dnajb2,Dab2,Cbfa2t3,Smad7,Sh3rf2"
GOBP_REGULATION_OF_MUSCLE_ORGAN_DEVELOPMENT,0.777659574468085,0.8868709078427,0.0277292221875017,0.29611676256105,0.80785291239063,45,"Twist1,Jph2,Lox,Erbb3,Tgfb1,Shh"
GOBP_REGULATION_OF_RESPIRATORY_GASEOUS_EXCHANGE_BY_NERVOUS_SYSTEM_PROCESS,0.777367773677737,0.8868709078427,0.0348652196832942,0.354710582553742,0.781761329523468,13,"Adora1,Nlgn3,Tshz3,Nlgn1,Atp1a2,Tlx3"
GOBP_SYNAPTIC_VESICLE_PRIMING,0.777911164465786,0.886949290943413,0.0336769978828608,0.335760195561947,0.789484633614323,19,"Sv2a,Unc13c,Otof,Stx1b,Snca"
GOBP_CELLULAR_RESPONSE_TO_ANTIBIOTIC,0.778450363196126,0.887161635861919,0.0340463727579649,0.348992559094816,0.782585001685934,14,"Pla2g4a,Crip1,Pla2g4f"
GOBP_HEART_FIELD_SPECIFICATION,0.778443113772455,0.887161635861919,0.0335297167141207,0.334600778179708,0.783457206077859,18,"Dkk1,Foxh1,Wnt5a"
GOBP_POSITIVE_REGULATION_OF_EPIDERMAL_CELL_DIFFERENTIATION,0.778679026651217,0.887221094056135,0.0319257308349884,0.31455405795406,0.779522029724721,24,"Prkch,Foxc1,Ovol2,Il20,Vdr,Trim16"
GOBP_B_CELL_HOMEOSTASIS,0.779264214046823,0.887686653979918,0.0299906706583812,0.313414694216312,0.806222424357414,30,"Dock10,Spns2,Tnfsf13b,Tnfaip3,Lyn"
GOBP_REGULATION_OF_GONAD_DEVELOPMENT,0.779661016949153,0.887937456321566,0.0339723613634993,0.34862880533203,0.781769315988218,14,Wnt4
GOBP_NEGATIVE_REGULATION_OF_DNA_BIOSYNTHETIC_PROCESS,0.780195865070729,0.888276506254676,0.0287155399266326,0.309312582635833,0.822929442167752,39,"Acvrl1,Sox7,Kcnk2,Nppc"
GOBP_PYRIMIDINE_NUCLEOBASE_METABOLIC_PROCESS,0.78031212484994,0.888276506254676,0.0335297167141207,0.334750770338439,0.787111136954278,19,"Cda,Dpysl5,Dpys,Aldh6a1"
GOBP_EMBRYONIC_BODY_MORPHOGENESIS,0.780856423173804,0.88869486966147,0.0357690767485421,0.367452030590453,0.770072243386725,10,"Grem2,Phldb1,Phldb2,Clasp2"
GOBP_BASEMENT_MEMBRANE_ORGANIZATION,0.781979977753059,0.889772147615352,0.0297064584935533,0.312628060669912,0.806760207202771,31,"Nid1,Cav2,Phldb1,Cav1,Ramp2,Ctss,Ntn4,Phldb2,Col4a1,Lamb2"
GOBP_CATECHOLAMINE_UPTAKE_INVOLVED_IN_SYNAPTIC_TRANSMISSION,0.78287841191067,0.890592843782516,0.0349401058848478,0.350575892995464,0.761280973741814,12,"Slc6a3,Snca,Rab3b,Prkn,Gdnf"
GOBP_POSITIVE_REGULATION_OF_UBIQUITIN_DEPENDENT_PROTEIN_CATABOLIC_PROCESS,0.784412955465587,0.892136635096268,0.0246382257063476,0.289241194552028,0.857067053292696,107,"Hspa1a,Mndal,Hspa1b,Rnf144b,Dnajb2,Dab2,Cbfa2t3,Smad7,Sh3rf2,Agbl4"
GOBP_L_GLUTAMATE_TRANSMEMBRANE_TRANSPORT,0.785393258426966,0.892404581765924,0.0299906706583812,0.310145775300603,0.794681726163782,29,"Kcnj10,Slc25a18,Slc1a1,Tnf,Slc7a13,Slc17a8,Atp1a2,Slc3a1,Ntsr1,Slc1a2"
GOBP_PROTEIN_HYDROXYLATION,0.785227272727273,0.892404581765924,0.0305608138615649,0.308397911366954,0.784493450571369,27,"Plod1,P3h4,Fkbp10,P4ha3"
GOBP_REGULATION_OF_MEIOTIC_CELL_CYCLE_PHASE_TRANSITION,0.785536159600998,0.892404581765924,0.0350150690873584,0.358943587036979,0.768888471568764,11,"Mapk15,Ovol1,Topaz1,Mos,Usp17le"
GOBP_REGULATION_OF_RECEPTOR_CATABOLIC_PROCESS,0.785536159600998,0.892404581765924,0.0350150690873584,0.358951237723814,0.768904860007281,11,"Abca2,Laptm5,Dtx3l,Apoe,Mtmr2,Mylip,Anxa2"
GOBP_SINGLE_FERTILIZATION,0.785214785214785,0.892404581765924,0.0238622865877092,0.287661741539472,0.87008986081475,147,"Clgn,Foxl2,Ccdc87,Plat,Zp3,Trpc7,Spag8,Hoxd9,Glrb,Hoxd10"
GOBP_PROTEIN_LOCALIZATION_TO_ENDOPLASMIC_RETICULUM,0.785714285714286,0.892405267574721,0.248911114434702,-0.194300783336827,-0.857191431760539,64,"Pdia2,Ryr2,Get3,Sec61b,Srp68,Sec61g,Spcs3,Sec16b,Btf3,Kdelr2"
GOBP_PURINE_CONTAINING_COMPOUND_METABOLIC_PROCESS,0.786213786213786,0.892770883961306,0.0237915888102658,0.296914437858487,0.923101078546531,378,"Hmgcs2,Epha2,Adcy4,Nppa,Pde2a,Nos3,Nppb,Sult1a1,Htr2a,Nme9"
GOBP_BRAIN_MORPHOGENESIS,0.787234042553192,0.893554772304914,0.161978948883402,-0.22635699058657,-0.823244020078013,35,"Gsx2,Hesx1,Fancd2,Otx1,Emx1,Uchl5,Fgf8,Smo,Gdf7,Foxo3"
GOBP_POSITIVE_REGULATION_OF_FATTY_ACID_OXIDATION,0.787259615384615,0.893554772304914,0.0331626424471441,0.338168833970324,0.768338318330552,15,"Twist1,Plin5,Fabp1,Abcd1,Irs2"
GOBP_CEREBELLAR_CORTEX_MORPHOGENESIS,0.787777777777778,0.89394105843993,0.0292811015816512,0.309221101811266,0.803237012124003,33,"Kndc1,Faim2,Grid2,Prox1,Wnt7a,Zfp365,Cdk5,A230056J06Rik,Ophn1,Cend1"
GOBP_REGULATION_OF_DENDRITIC_SPINE_MORPHOGENESIS,0.788008565310492,0.894001141461486,0.0273777349570556,0.295322424320803,0.798556223354448,43,"Dnm3,Srcin1,Cux2,Kif1a,Abi3,Arc,Zdhhc15,Lrrk2,Cdk5,Nlgn1"
GOBP_POSITIVE_REGULATION_OF_TELOMERE_CAPPING,0.790419161676647,0.896331406665577,0.117249716749792,-0.263594817394431,-0.796085144729025,17,"Aurkb,Nek2,Hnrnpd,Rtel1,Pkib,Nabp2,Map3k4,Mapk1"
GOBP_PROTEIN_LOCALIZATION_TO_CILIARY_MEMBRANE,0.790419161676647,0.896331406665577,0.117249716749792,-0.258571985193844,-0.80689136178503,18,"Tub,Efcab7,Bloc1s6,Rabep1,Dtnbp1,Arl3,Exoc4,Arl13a,Lztfl1,Bbip1"
GOBP_ACTIVATION_OF_NF_KAPPAB_INDUCING_KINASE_ACTIVITY,0.791062801932367,0.896858977292289,0.0331626424471441,0.326916690900295,0.749341183055948,16,"Tlr3,Tlr6,Card10"
GOBP_VACUOLAR_ACIDIFICATION,0.791425260718424,0.897067595407332,0.0311335139616949,0.309124973021131,0.766067772183136,24,"Atp6v0a4,Slc11a1,Clic4,Snapin,Ppt1,Tmem106b,Cln3,Atp6v0a2,Tcirg1,Atp6v0e2"
GOBP_GOLGI_TO_PLASMA_MEMBRANE_PROTEIN_TRANSPORT,0.791666666666667,0.89713893898407,0.186432558434075,-0.223511411925373,-0.857531602698773,42,"Amn,Rab26,Krt18,Gga2,Rack1,Nsf,Rab34,Lypla1"
GOBP_RETROGRADE_TRANSPORT_ENDOSOME_TO_GOLGI,0.792008196721312,0.897323688284434,0.0247790185105207,0.288464069605651,0.841038308878218,87,"Rab7b,Atp9a,Rab9b,Snx32,Baiap3,Pheta2,Rab6b,Trappc10,Ehd3,Lrrk2"
GOBP_NEGATIVE_REGULATION_OF_POTASSIUM_ION_TRANSMEMBRANE_TRANSPORT,0.792298716452742,0.897450574044149,0.0314209215415833,0.314654174560278,0.766401580803657,22,"Casq2,Kcne4,Rgs4"
GOBP_ESTABLISHMENT_OF_TISSUE_POLARITY,0.794661190965092,0.899574153596241,0.0247086313801197,0.286231272362753,0.824469659210359,72,"Dkk1,Dab2,Rspo3,Trp63,Wnt9b,Prickle1,Wnt5a,Nkd1,Wnt7a,Dact1"
GOBP_NEGATIVE_REGULATION_OF_PROTEIN_EXIT_FROM_ENDOPLASMIC_RETICULUM,0.794710327455919,0.899574153596241,0.0349401058848478,0.362166617223909,0.758995559113513,10,"Derl3,Os9,Svip,Insig1,Erlec1"
GOBP_SPERM_DNA_CONDENSATION,0.794587945879459,0.899574153596241,0.0338245444462164,0.348826509446249,0.768793177340327,13,"H1f7,Tnp1,Chd5"
GOBP_EPIGENETIC_MAINTENANCE_OF_CHROMATIN_IN_TRANSCRIPTION_COMPETENT_CONFORMATION,0.795285359801489,0.899617350072476,0.0341946045318573,0.345532512400377,0.750329194777285,12,"Fam47e,Kat2b,Padi2,Wbp2"
GOBP_NEPHRIC_DUCT_MORPHOGENESIS,0.795285359801489,0.899617350072476,0.0341946045318573,0.345382825996024,0.750004148435142,12,"Wnt9b,Gata3,Osr1,Hnf1b,Pax2"
GOBP_ORGANIC_ACID_CATABOLIC_PROCESS,0.795204795204795,0.899617350072476,0.0231538258045259,0.288405490899515,0.887736358844262,239,"Aspa,Cyp4f14,Nos3,Aldh1l1,Fah,Twist1,Cyp26c1,Sds,Otc,Hnmt"
GOBP_POSITIVE_REGULATION_OF_NUCLEOTIDE_METABOLIC_PROCESS,0.797385620915033,0.901790217399296,0.0276588991389961,0.302941332276168,0.808588653344714,40,"Nos3,Htr2a,Gpd1,Nos2,Myc,Il4,Adora2b,Trem2,Pink1,Slc4a4"
GOBP_POSITIVE_REGULATION_OF_PROTEIN_AUTOPHOSPHORYLATION,0.798185941043084,0.902492290963469,0.0296354881939192,0.303321908453117,0.767333440809277,26,"Pdgfd,Vegfc,Pdgfa,Rassf2,Pdgfb,Rap2a,Src"
GOBP_DENDRITE_ARBORIZATION,0.798488664987406,0.902631553607305,0.0347156757446657,0.36108385740691,0.756726410457604,10,"Phactr1,Zfp365,Nrp1,Ptn"
GOBP_LIPID_PHOSPHORYLATION,0.799278846153846,0.903321663582595,0.0324330694656715,0.334897806266646,0.760906362240604,15,"Dgki,Dgkb,Dgkg,Dgkk,Sphk1,Dgka"
GOBP_NEGATIVE_REGULATION_OF_HISTONE_METHYLATION,0.79976717112922,0.903670390934275,0.0308468245215279,0.305923569361738,0.752452774338472,23,"Ezhip,Kdm4d,Pax5,Phf1"
GOBP_ANTEROGRADE_AXONAL_TRANSPORT,0.800422386483633,0.904004344384008,0.0258331720982323,0.286570229905262,0.791196246139455,49,"Map1a,Dlg2,Fez1,Kif1a,Agbl4,Arl8a,Kif1b,Ap3m2,Rab27b,A230056J06Rik"
GOBP_POSITIVE_REGULATION_OF_NUCLEOCYTOPLASMIC_TRANSPORT,0.800417972831766,0.904004344384008,0.0252712808055621,0.289490132910169,0.816721811027104,60,"Ptgs2,Chp2,Jup,Tgfb1,Zc3h12a,Shh,Rapgef3,Pik3r1"
GOBP_VIRAL_GENE_EXPRESSION,0.800813008130081,0.904242361156765,0.0237208606775806,0.286627986259999,0.845682468101972,99,"Zfp36,St6galnac3,Ccl3,Jun,Ccl4,Pou2f3,Mgat4c,Ccl5,Trim21,Trim13"
GOBP_CELLULAR_CARBOHYDRATE_BIOSYNTHETIC_PROCESS,0.801848049281314,0.905207757407852,0.024215353215022,0.282059860426991,0.816188135094695,75,"B3gnt3,B3gnt6,B3gnt9,Csgalnact1,Phkg1,Prkag3,Enpp1,Fbp1,Ppp1r3c,Igf1"
GOBP_NEGATIVE_REGULATION_OF_MEIOTIC_CELL_CYCLE,0.803140096618358,0.906462789784572,0.0324330694656715,0.324007533673756,0.742672966416939,16,"Dusp1,Nppc,Ovol1"
GOBP_AROMATIC_AMINO_ACID_FAMILY_CATABOLIC_PROCESS,0.804597701149425,0.907496666744034,0.11331290842208,-0.268820481921524,-0.786653346459669,16,"Pah,Haao"
GOBP_CYSTEINE_METABOLIC_PROCESS,0.80423940149626,0.907496666744034,0.0338984188001938,0.353108885722168,0.756390032432303,11,"Mpst,Agxt,Tst,Cbs,Slc7a11,Cdo1"
GOBP_GLYCOSIDE_METABOLIC_PROCESS,0.804597701149425,0.907496666744034,0.11331290842208,-0.268324198011037,-0.78520106352279,16,"Akr1b8,Abhd10,Cbr4,Th,Gusb,Gla"
GOBP_VESICLE_MEDIATED_TRANSPORT_IN_SYNAPSE,0.804804804804805,0.907526638347634,0.0225842720346634,0.288810561924515,0.879402004081227,195,"Adra2a,Itgb3,Sncg,Adora2a,Nostrin,Sv2a,Htr2a,Pld1,Pld2,Dnm3"
GOBP_RESPONSE_TO_IMMOBILIZATION_STRESS,0.80499405469679,0.907536468481893,0.0315649069021069,0.322824003927744,0.765334933143575,20,"Fos,Ren1,Ptk2b"
GOBP_CHOLESTEROL_STORAGE,0.805522208883554,0.907928283420992,0.0319980480340634,0.326250325921367,0.767123746147159,19,"Ces1d,Abcg1,Trem2,Apob,Nr1h3"
GOBP_PROTEIN_DEMANNOSYLATION,0.805988023952096,0.908249674155388,0.0318534652552707,0.32100989863724,0.744262105557823,17,"Trim13,Edem2,Amfr,Rnf103,Rnf139,Rnf5,Syvn1,Uggt2,Edem3,Uggt1"
GOBP_NEUTROPHIL_MEDIATED_CYTOTOXICITY,0.806888068880689,0.90865284996936,0.0330894161454377,0.344594212794228,0.759465443631903,13,"Cxcl5,Ctsg,Trem1,Myd88,Dnase1l3"
GOBP_RESPONSE_TO_NERVE_GROWTH_FACTOR,0.806794055201699,0.90865284996936,0.0256927476530375,0.287681302831702,0.788018991678473,47,"Tac1,Ntrk3,Mapt,Acap2,Hes1,Sort1,Id1,Ntf5,Rap1a,Trpv1"
GOBP_RESPONSE_TO_OXYGEN_RADICAL,0.806857142857143,0.90865284996936,0.0294936424723046,0.301620712921535,0.754812442745143,25,"Nos3,Sod3,Fbln5,Mt3"
GOBP_ACETYL_COA_BIOSYNTHETIC_PROCESS,0.807185628742515,0.908784357377071,0.0317812506835949,0.32252386266999,0.755179487972254,18,"Dip2a,Acss2"
GOBP_ENDOPLASMIC_RETICULUM_ORGANIZATION,0.807770961145194,0.908832726427236,0.0235793094960052,0.284972579738924,0.832364419080894,88,"Esyt3,Rnf112,Mapk15,Tle6,Rtn4,Cav2,Casq1,Dop1b,Atl1,Shtn1"
GOBP_REGULATION_OF_FAT_CELL_PROLIFERATION,0.807692307692308,0.908832726427236,0.101713902282311,-0.284260812938773,-0.752277764367834,10,"Fgf10,Tfdp1,E2f1,E2f3"
GOBP_REGULATION_OF_HISTONE_PHOSPHORYLATION,0.807692307692308,0.908832726427236,0.0319257308349884,0.332779281840843,0.756092957422801,15,"Twist1,Rps6ka5"
GOBP_DETERMINATION_OF_DORSAL_VENTRAL_ASYMMETRY,0.808564231738035,0.909318208712999,0.0341204536062472,0.358496154070633,0.751303339287786,10,"Grem2,Wnt8b"
GOBP_POSITIVE_REGULATION_OF_ENDOPLASMIC_RETICULUM_STRESS_INDUCED_INTRINSIC_APOPTOTIC_SIGNALING_PATHWAY,0.808564231738035,0.909318208712999,0.0341204536062472,0.358293127908565,0.750877855689727,10,"Rnf183,Serinc3"
GOBP_CELLULAR_RESPONSE_TO_EXTRACELLULAR_STIMULUS,0.809190809190809,0.909792680216605,0.0221551238181839,0.286399113099199,0.881537246190063,238,"Bglap3,Bglap2,Bglap,Wnt4,Col1a1,Fam107a,Snai2,Kif26a,Fos,Rnf152"
GOBP_SMAD_PROTEIN_COMPLEX_ASSEMBLY,0.809348093480935,0.909792680216605,0.0329431471724691,0.344263101626608,0.758735694029409,13,"Tgfb1,Ldlrad4,Pmepa1"
GOBP_ENDOPLASMIC_RETICULUM_MEMBRANE_ORGANIZATION,0.811138014527845,0.910446554549281,0.0320704174637537,0.336571386524201,0.754731618844969,14,"Rtn4,Atl1"
GOBP_NEGATIVE_REGULATION_OF_INTERLEUKIN_13_PRODUCTION,0.811594202898551,0.910446554549281,0.0319257308349884,0.322109846481371,0.738323188001235,16,"Ifnl2,Lef1,Ifna6,Ifna9,Scgb1a1,Lilra5,Tnfrsf21,Ifna15,Ifna2"
GOBP_NEURAL_TUBE_PATTERNING,0.811196487376509,0.910446554549281,0.0271669768425399,0.301464620876193,0.794264519601568,36,"Sox17,Shh,Foxa1,Gbx2,Prkacb,Hes1"
GOBP_POSITIVE_REGULATION_OF_MITOCHONDRIAL_MEMBRANE_POTENTIAL,0.810473815461347,0.910446554549281,0.0335297167141207,0.34816702010859,0.745804125243686,11,"Myc,Tcl1"
GOBP_POSITIVE_REGULATION_OF_PROTEIN_ACETYLATION,0.811702127659575,0.910446554549281,0.0254820564855004,0.287524333764711,0.784411420704726,45,"Snai2,Arid5a,Dip2a,Arrb1,Rapgef3,Rps6ka5"
GOBP_REGULATION_OF_GOLGI_ORGANIZATION,0.810778443113773,0.910446554549281,0.0315649069021069,0.321355996636788,0.75244496635989,18,"Ehd3,Dnm2,Pde4dip,Rab33b"
GOBP_REGULATION_OF_NITRIC_OXIDE_SYNTHASE_ACTIVITY,0.811196487376509,0.910446554549281,0.0271669768425399,0.301367278035234,0.794008051812458,36,"Agtr2,Il1a,Nod1,Ptk2b,Atp2b4,S100a1,Cav1,Tnf,Cnr2,Htr2b"
GOBP_REGULATION_OF_POSTSYNAPTIC_NEUROTRANSMITTER_RECEPTOR_INTERNALIZATION,0.811083123425693,0.910446554549281,0.0339723613634993,0.358098532370406,0.750470040219549,10,Itgb3
GOBP_REGULATION_OF_PROTEIN_LOCALIZATION_TO_ENDOSOME,0.811414392059553,0.910446554549281,0.0332359307785383,0.339419022603956,0.73705365713146,12,"Mgat3,Dtx3l,Msn"
GOBP_SYNAPTIC_VESICLE_EXOCYTOSIS,0.811740890688259,0.910446554549281,0.0227269260340067,0.283983463399869,0.841487570734669,107,"Adra2a,Adora2a,Sv2a,Htr2a,Htr1b,Unc13c,P2ry4,Apba1,Syt10,Bace1"
GOBP_AXONAL_TRANSPORT,0.814122533748702,0.910842446208174,0.0240035948793451,0.280203448070529,0.796889762632364,65,"Map1a,Dlg2,Fez1,Kif1a,Mapt,Agbl4,Arl8a,Kif1b,Ap3m2,Rab27b"
GOBP_EPITHELIAL_CELL_FATE_COMMITMENT,0.813895781637717,0.910842446208174,0.0330894161454377,0.338634867852395,0.735350852960494,12,"Nkx2-2,Prox1,Nrp1"
GOBP_INSULIN_SECRETION,0.814185814185814,0.910842446208174,0.0217960026831818,0.285977783484144,0.868977323119171,177,"Kcna5,Adra2a,Nkx6-1,Cltrn,Il6,Cd38,Gpld1,Adcy5,Slc9b2,Nos2"
GOBP_METANEPHRIC_NEPHRON_MORPHOGENESIS,0.812571428571429,0.910842446208174,0.0291395520262835,0.298670216875988,0.747428761744332,25,"Wnt4,Sox8,Wnt9b,Stat1,Hes1"
GOBP_NEGATIVE_REGULATION_OF_GLYCOLYTIC_PROCESS,0.814268142681427,0.910842446208174,0.0326513265618535,0.341567235148443,0.752794162353036,13,"Cbfa2t3,Fbp1,Git1,Stat3"
GOBP_NEGATIVE_REGULATION_OF_PHOSPHOPROTEIN_PHOSPHATASE_ACTIVITY,0.812571428571429,0.910842446208174,0.0291395520262835,0.298717961997798,0.747548244957781,25,"Ppp1r15a,Ppp4r4,Tnf,Gnai2,Styxl1,Mgat5"
GOBP_POSITIVE_REGULATION_OF_EPIDERMIS_DEVELOPMENT,0.813483146067416,0.910842446208174,0.0282219183873982,0.299645623119899,0.767777348530855,29,"Prkch,Foxc1,Ovol2,Il20,Elapor2,Vdr,Trim16"
GOBP_REGULATION_OF_NEUROBLAST_PROLIFERATION,0.813725490196078,0.910842446208174,0.152144922367565,-0.223606708231485,-0.809180684471703,33,"Pax6,Gli3,Aspm,Dct,Dmrta2,Foxg1,Wdr62,Trp53,Vegfa,Smo"
GOBP_REGULATION_OF_TOLL_LIKE_RECEPTOR_3_SIGNALING_PATHWAY,0.81360201511335,0.910842446208174,0.0338245444462164,0.35766018551907,0.749551393117102,10,"Tnfaip3,Cav1"
GOBP_REGULATION_OF_TRANSLATION_IN_RESPONSE_TO_STRESS,0.813664596273292,0.910842446208174,0.11776578836269,-0.244505265389189,-0.80438714963947,20,"Rbm4,Npm1,Eif2s1,Ppp1ca,Eif2ak4,Tmed2,Eif4g1,Rps6ka3,Ddx3x,Eif2ak1"
GOBP_RESPONSE_TO_THYROID_HORMONE,0.813273340832396,0.910842446208174,0.0282923737721474,0.298983064665033,0.766877106128171,28,"Ctsh,C2,Slc26a5,Ctss,Hes1"
GOBP_RIBOSE_PHOSPHATE_BIOSYNTHETIC_PROCESS,0.813186813186813,0.910842446208174,0.0218679438176212,0.283527474405504,0.861747727676358,164,"Adcy4,Nppa,Nppb,Nme9,Slc26a1,Elovl7,Adcy5,Gucy1a2,Dip2a,Cda"
GOBP_AMINO_SUGAR_CATABOLIC_PROCESS,0.815136476426799,0.911407119851545,0.0330162512586498,0.338510415458881,0.735080602663165,12,"Chia1,Aldh1a7,Nagk,Ctbs,Mgat1,Npl,Gnpda2"
GOBP_POSITIVE_REGULATION_OF_CATECHOLAMINE_SECRETION,0.81549815498155,0.911407119851545,0.0325785172778622,0.34082499850448,0.751158316302355,13,"Cxcl12,Oxtr,Pink1,Oprk1"
GOBP_PYRAMIDAL_NEURON_DIFFERENTIATION,0.815136476426799,0.911407119851545,0.0330162512586498,0.338352735375441,0.734738197923252,12,"Fgfr2,Unc5d,Slc4a10"
GOBP_REGULATION_OF_PROTEIN_ACETYLATION,0.815384615384615,0.911407119851545,0.0232248320654428,0.279607908922052,0.812410400529896,79,"Snai2,Twist1,Arid5a,Dip2a,Gata2,Arrb1,Rapgef3,Rps6ka5,Myocd,Muc1"
GOBP_LIMBIC_SYSTEM_DEVELOPMENT,0.816801619433198,0.91265007952738,0.0223699288741888,0.284803686017227,0.844526989030215,108,"Id4,Kcna1,Tbx3,Ndnf,Foxb1,Mdk,Sox3,Bcan,Fez1,Gsx1"
GOBP_REGULATION_OF_RESPONSE_TO_OXIDATIVE_STRESS,0.816973415132924,0.91265007952738,0.0229405670056901,0.282379479166952,0.824790340714528,88,"Gpr37,Mmp3,Pde8a,Tlr4,Stox1,Ggt7,Mctp1,Fbln5,Trem2,Pink1"
GOBP_REGULATION_OF_POLYSACCHARIDE_METABOLIC_PROCESS,0.817204301075269,0.912705181405327,0.0256927476530375,0.292700282101236,0.788789852292333,42,"Tgfb1,Enpp1,Ap2a1,Pdgfb,Ppp1r3c,Igf1,Rubcnl,Ppp1r3a,Ppp1r3f,Pomc"
GOBP_NEGATIVE_REGULATION_OF_MYOTUBE_DIFFERENTIATION,0.817647058823529,0.912996838006638,0.11378726182188,-0.260829611005818,-0.752266614942952,15,"Bhlha15,Plpp7,Nkx2-5"
GOBP_NEUTROPHIL_MEDIATED_KILLING_OF_SYMBIONT_CELL,0.817955112219451,0.913137985593423,0.0330894161454377,0.345847451138264,0.74083540618949,11,"Cxcl5,Ctsg,Trem1,Myd88"
GOBP_REGULATION_OF_POTASSIUM_ION_TRANSMEMBRANE_TRANSPORTER_ACTIVITY,0.81827731092437,0.913294858351866,0.0243564001293776,0.2882028728539,0.805954014610583,57,"Kcna1,Nppa,Casq2,Lrrc52,Kcne4,Lrrc55,Cav1,Akap6,Kcns1,Lrrc26"
GOBP_POSITIVE_REGULATION_OF_CELLULAR_PROTEIN_CATABOLIC_PROCESS,0.818637274549098,0.913493802254898,0.0216519363667421,0.282886778214425,0.856007849973629,154,"Ecscr,Hspa1a,Mndal,Hspa1b,Rnf144b,Dnajb2,Dab2,Cbfa2t3,Smad7,Sh3rf2"
GOBP_KYNURENINE_METABOLIC_PROCESS,0.819201995012469,0.913921089420258,0.0330162512586498,0.344014390664104,0.736908830768811,11,"Kmo,Tdo2"
GOBP_LONG_CHAIN_FATTY_ACYL_COA_BIOSYNTHETIC_PROCESS,0.819927971188475,0.914202705699712,0.0311335139616949,0.320476645618831,0.753547890704781,19,"Elovl7,Elovl1,Acsl3,Elovl5"
GOBP_NEGATIVE_REGULATION_OF_MACROAUTOPHAGY,0.82,0.914202705699712,0.027237219988033,0.299198252743332,0.780109016248485,34,"Npc1,Fez1,Nrbp2,Pink1,Lrrk2,Mtm1,Rubcn,Usp30,Fez2,Chmp4b"
GOBP_POSITIVE_REGULATION_OF_NUCLEAR_TRANSCRIBED_MRNA_CATABOLIC_PROCESS_DEADENYLATION_DEPENDENT_DECAY,0.819711538461539,0.914202705699712,0.0312052969963336,0.329863276439205,0.749467631663969,15,Zfp36
GOBP_NEGATIVE_REGULATION_OF_LYMPHOCYTE_APOPTOTIC_PROCESS,0.82039911308204,0.914297607787227,0.0270967423183296,0.297640567553849,0.773148867476644,32,"Jak3,Ccl5,Rag1,Efna1,Tsc22d3,Slc46a2,Bcl6,Il7r,Ptcra,Irs2"
GOBP_REGULATION_OF_NAD_P_H_OXIDASE_ACTIVITY,0.820448877805486,0.914297607787227,0.0329431471724691,0.342633320089288,0.73395045713644,11,"Agt,Il13,Gnai2,Slamf8"
GOBP_DORSAL_VENTRAL_NEURAL_TUBE_PATTERNING,0.820689655172414,0.914363230618733,0.124434168630393,-0.238358140288684,-0.803722672623136,22,"Gsc,Gli3"
GOBP_CENTRAL_NERVOUS_SYSTEM_NEURON_DIFFERENTIATION,0.824,0.917644661054497,0.0211456362513594,0.282761663495386,0.858762694541424,168,"Kndc1,Nkx6-1,Id4,Nkx2-2,Ndnf,Cdh11,Faim2,Cntn2,Inhba,Mdga2"
GOBP_LATERAL_VENTRICLE_DEVELOPMENT,0.823821339950372,0.917644661054497,0.0325057651164641,0.333314030559534,0.72379657248553,12,"Dnah5,Pax5,Atp1b2"
GOBP_REGULATION_OF_ESTABLISHMENT_OF_PROTEIN_LOCALIZATION_TO_MITOCHONDRION,0.824709609292503,0.918156420370769,0.024215353215022,0.280861857784369,0.775435911944551,49,"Micall2,Gzmb,Mapt,Ablim3,Rhou,Pink1,Ubl4b,Leprot,Lrrk2,Prkn"
GOBP_VACUOLAR_TRANSPORT,0.824824824824825,0.918156420370769,0.0211456362513594,0.282687792436786,0.855210337378839,153,"Hspa1a,Rab7b,Npc1,Rhob,Cacng8,Cacng7,Dennd3,Scarb2,Psap,Arsb"
GOBP_NEUROEPITHELIAL_CELL_DIFFERENTIATION,0.825028968713789,0.918180346629227,0.0290688186426821,0.293828002198954,0.728159102934033,24,"Wnt4,Nodal,Dspp,Serpine1,Hes1,Dlx3,Fgf2,Wnt11,Fam20c"
GOBP_HAIR_FOLLICLE_MATURATION,0.825721153846154,0.918340761147039,0.0308468245215279,0.326020702078499,0.740737089917405,15,"Msx2,Cdh3,Wnt5a"
GOBP_NUCLEOTIDE_PHOSPHORYLATION,0.825557809330629,0.918340761147039,0.0218679438176212,0.282602069462905,0.833553869797275,98,"Ak7,Htr2a,Nme9,Gpd1,Cbfa2t3,Prkag3,Aldoc,Aldob,Myc,Cmpk2"
GOBP_REGULATION_OF_TRIGLYCERIDE_CATABOLIC_PROCESS,0.825665859564165,0.918340761147039,0.0312052969963336,0.328484638522954,0.736597800420291,14,"Gpld1,Plin5"
GOBP_TRANSPORT_OF_VIRUS,0.82593037214886,0.918370267815155,0.0307752597613667,0.317395416745654,0.746302890016266,19,"Cav2,Cav1,Siglec1,Cd209b"
GOBP_ANTIGEN_PROCESSING_AND_PRESENTATION_OF_EXOGENOUS_PEPTIDE_ANTIGEN_VIA_MHC_CLASS_II,0.826137689614936,0.918397648318063,0.0293519190331994,0.301214905480123,0.733667621108793,22,"Ctse,Ctss,Fcgr2b,Dnm2,H2-DMb1,H2-DMa,Lgmn,Fcer1g,H2-Ab1,Ctsd"
GOBP_REGULATION_OF_PROTEIN_LOCALIZATION_TO_NUCLEUS,0.826479438314945,0.918574427682783,0.0211456362513594,0.279290482343802,0.84002313631829,133,"Apod,Mndal,Ptgs2,Sox7,Chp2,Tmem98,Jup,Otud7b,Cldn18,Tgfb1"
GOBP_PROTEIN_SUMOYLATION,0.826821541710665,0.918751523028186,0.0240742072753014,0.279661615950376,0.772122145424461,49,"Ifih1,Capn3,Egr2,Egr1,Rnf212b"
GOBP_CELLULAR_RESPONSE_TO_LOW_DENSITY_LIPOPROTEIN_PARTICLE_STIMULUS,0.827544910179641,0.919148975579552,0.0305608138615649,0.316697144906321,0.741536411454132,18,"Ces1d,Npc1,Casr,Ldlr,Cdh13,Itgb2,Cd81"
GOBP_LYSOSOMAL_PROTEIN_CATABOLIC_PROCESS,0.827544910179641,0.919148975579552,0.0305608138615649,0.31671695511926,0.741582796445122,18,"Mgat3,Ldlr,Marchf2,Lrp1,Tmem106b,Cln3,Mfsd8,Lamp2"
GOBP_CELLULAR_RESPONSE_TO_REACTIVE_NITROGEN_SPECIES,0.82874251497006,0.919482351242484,0.0304894126298511,0.314801201190331,0.737097118829976,18,"Mmp3,Dpep1,Foxo1,Dnm2,Mt3,Gucy1b1,Kcnc2"
GOBP_DENDRITIC_SPINE_MAINTENANCE,0.828331332533013,0.919482351242484,0.0306322550486472,0.316540561323775,0.744292838710435,19,"Prnp,Trem2,Fyn,Fcgr2b,Apoe,Itga3,Mtmr2,Grin2b,Insr,Tanc1"
GOBP_NEGATIVE_REGULATION_OF_SMOOTH_MUSCLE_CELL_DIFFERENTIATION,0.828502415458937,0.919482351242484,0.030918431706181,0.315522146333445,0.723223209444403,16,"Hey2,Shh,Pdgfb,Ereg"
GOBP_POSITIVE_REGULATION_OF_ESTABLISHMENT_OF_PROTEIN_LOCALIZATION_TO_MITOCHONDRION,0.828759604829857,0.919482351242484,0.0260437699289678,0.296619289449879,0.781498594278571,36,"Micall2,Gzmb,Ablim3,Rhou,Pink1,Ubl4b,Leprot"
GOBP_REGULATION_OF_SODIUM_ION_TRANSMEMBRANE_TRANSPORT,0.828660436137072,0.919482351242484,0.0230116943194552,0.280298921201964,0.793587027779098,62,"Kcnq1,Fxyd5,Scn4b,Fxyd1,Fxyd7,Hecw2,Scn1b,Atp2b4,Atp1b2,Utrn"
GOBP_REGULATION_OF_HEMATOPOIETIC_PROGENITOR_CELL_DIFFERENTIATION,0.83,0.920437524539862,0.0266052822097738,0.29628390837182,0.772510354492195,34,"Osm,Kdr,Foxc1"
GOBP_TETRAPYRROLE_BIOSYNTHETIC_PROCESS,0.829810901001112,0.920437524539862,0.0266754763765933,0.298069872697117,0.769191708967963,31,"Slc6a9,Spta1,Tmem14a,Cpox,Slc25a38"
GOBP_VACUOLE_ORGANIZATION,0.83016983016983,0.920437524539862,0.020635764771317,0.283123058815167,0.861539449802409,182,"Irgm2,Atp10b,Pip4k2a,Rab7b,Wipi1,Fez1,Pacs2,Synpo2,Scarb2,Irgm1"
GOBP_MULTIVESICULAR_BODY_SORTING_PATHWAY,0.830583058305831,0.920692620529969,0.0260437699289678,0.293668510250579,0.774797695239554,37,"Tmem50b,Sort1,Leprot,Rubcn,Rab27b,Rilp,Chmp2b,Chmp7,Chmp4b"
GOBP_SKELETAL_MUSCLE_ADAPTATION,0.830805134189031,0.92073576048683,0.0290688186426821,0.299406150115075,0.72926204481858,22,"Myoc,Tnni1,Igfbp5,Il15,Myoz2"
GOBP_OTIC_VESICLE_MORPHOGENESIS,0.831234256926952,0.921008289524309,0.0327971189467838,0.344199960345581,0.721342688489227,10,"Stox1,Prox1,Fgfr2"
GOBP_POSITIVE_REGULATION_OF_INTERLEUKIN_2_PRODUCTION,0.833333333333333,0.922927223323786,0.0263947139776277,0.295436759374821,0.770301556263577,34,"Il1a,Cd83,Cd3e,Pde4b,Vtcn1,Prkd2,Card11,Il1b,Cd86,Anxa1"
GOBP_REGULATION_OF_NECROTIC_CELL_DEATH,0.833150384193194,0.922927223323786,0.0257629629837414,0.294805919803778,0.776720935239727,36,"Zbp1,Ripk3,Slc6a13,Birc3,Cav1,Slc6a6,Mt3,Arhgef2,Atg9a"
GOBP_MITOCHONDRIAL_CALCIUM_ION_HOMEOSTASIS,0.834285714285714,0.923424852107289,0.0277995594097672,0.290524245731241,0.727043290472347,25,"Tgm2,Mcub,Atp2a1,Rap1gds1,Fis1,Slc8a3,Fate1,Bnip3,Micu1,Slc25a23"
GOBP_REGULATION_OF_ATP_BIOSYNTHETIC_PROCESS,0.834333733493397,0.923424852107289,0.0302754424728262,0.313831148358921,0.737922101707831,19,"Myc,Il4,Trem2,Pink1,Pid1,Tmsb4x"
GOBP_REGULATION_OF_PHOSPHOLIPID_TRANSPORT,0.834140435835351,0.923424852107289,0.0307037368093842,0.323349964371634,0.725083746969438,14,"Atp8a1,Tmem30a,Apoe,Prap1"
GOBP_QUINONE_METABOLIC_PROCESS,0.834801762114538,0.923536192374512,0.0258331720982323,0.295498576802483,0.775989865174169,35,"Cyp4f14,Cyp4f18,Akr1c20,Cyp4f15,Cyp4f40"
GOBP_REGULATION_OF_FATTY_ACID_BETA_OXIDATION,0.834720570749108,0.923536192374512,0.029777461260706,0.311523649947263,0.738544621540581,20,"Twist1,Plin5,Fabp1,Abcd1,Mfsd2a,Irs2"
GOBP_NEUROMUSCULAR_JUNCTION_DEVELOPMENT,0.835117773019272,0.923682518144748,0.024285888595648,0.282593681153842,0.76413751270342,43,"Unc13c,Colq,Six1,Cacnb1,Cacnb4,Lrrk2,Col4a1,Dok7,Lamb2,App"
GOBP_POSITIVE_REGULATION_OF_MEMBRANE_PERMEABILITY,0.835483870967742,0.923884166158125,0.0244973552519294,0.28794074330271,0.775963503513583,42,"Hspa1a,Gzmb,Mpv17l,Tmem14a,Hip1r,Laptm5,Jam3,Mt3,Stpg1"
GOBP_LIPID_OXIDATION,0.835685483870968,0.923903876714175,0.0207818350435559,0.276748093452996,0.824364610687085,113,"Apod,Cyp4f14,Twist1,Alox12,Ilvbl,Plin5,Cyp4f15,Cyp4v3,Hacl1,Hao2"
GOBP_DENDRITIC_TRANSPORT,0.836734693877551,0.924657134781809,0.103197466945307,-0.269927822595554,-0.745655231388354,12,"Sfpq,Hnrnpu,Kif5b,Stau2,Kif5c,Trak2,Kif3b"
GOBP_NERVE_GROWTH_FACTOR_SIGNALING_PATHWAY,0.836734693877551,0.924657134781809,0.103197466945307,-0.268902752972521,-0.742823553943615,12,"Ntrk1,Ntf3"
GOBP_REGULATION_OF_PROTEIN_EXPORT_FROM_NUCLEUS,0.837028824833703,0.924778879656929,0.0260437699289678,0.291803809791451,0.757987350043652,32,"Sp100,Ifi27,Rapgef3,Cdk5,Ptpn14,Il1b,Gas6"
GOBP_REGULATION_OF_PHOSPHATIDYLCHOLINE_METABOLIC_PROCESS,0.837531486146096,0.925130912075681,0.0324330694656715,0.34021860269691,0.712998924511898,10,"Apoc1,Ldlr,Acsl3,Mfsd2a,Capn2"
GOBP_DE_NOVO_PROTEIN_FOLDING,0.838955386289445,0.925582064132389,0.024919740580511,0.290263910947474,0.772250246924687,39,"Hspa1a,Hspa1b,Hspa2"
GOBP_ENDOSOME_TO_LYSOSOME_TRANSPORT,0.839044652128764,0.925582064132389,0.0222983800506052,0.27744592461177,0.785509575769769,62,"Rab7b,Rhob,Cacng8,Cacng7,Dennd3,Dtx3l,Sort1,Mtm1,Cacng4,Cdx2"
GOBP_MYOTUBE_CELL_DEVELOPMENT,0.838955386289445,0.925582064132389,0.024919740580511,0.290285756236278,0.772308366549749,39,"Tmem182,Six1,Cav2,Igf1,Ripor2,Klhl41,Lmod3,Dner,Niban2,Ryr1"
GOBP_POLYOL_CATABOLIC_PROCESS,0.838636363636364,0.925582064132389,0.027237219988033,0.293198316179267,0.745829171610385,27,"Inpp5j,Synj2,Inpp4b,Miox"
GOBP_POSITIVE_REGULATION_OF_ISOTYPE_SWITCHING_TO_IGG_ISOTYPES,0.838790931989924,0.925582064132389,0.0323604297137014,0.339022506193547,0.710492255230001,10,"Cd40,Il4"
GOBP_VESICLE_CARGO_LOADING,0.838509316770186,0.925582064132389,0.115734447701689,-0.238127709317617,-0.783405907612181,20,"Mia2,Sec23a,Sec31a,Rab1a,Tmed2,Sar1a,Sec13,Sec24a,Scap,Sec23b"
GOBP_NEGATIVE_REGULATION_OF_CELL_AGING,0.839348079161816,0.925713645007997,0.0284333438791734,0.289948595100391,0.71316056246995,23,"Twist1,Tbx2"
GOBP_ORGANISM_EMERGENCE_FROM_PROTECTIVE_STRUCTURE,0.84070796460177,0.927010076344176,0.141225119642531,-0.222534423415627,-0.788354016047158,28,"Fbll1,Asf1b,Rbbp8"
GOBP_NEURAL_TUBE_FORMATION,0.842105263157895,0.928347183748846,0.020562605901185,0.277286905541752,0.822065543784466,104,"Twist1,Nodal,Bmp5,Tgfb1,Rgma,Sall4,Rarg,Nog,Dlc1,Prickle1"
GOBP_VIRAL_BUDDING,0.842403628117914,0.928472492556183,0.0268860833830403,0.290373645204025,0.734577365120251,26,"Lrsam1,Chmp2b,Mvb12b,Chmp7,Chmp4b,Vps37c,Chmp3,Vps37a,Vps28,Chmp1b"
GOBP_FUSION_OF_SPERM_TO_EGG_PLASMA_MEMBRANE_INVOLVED_IN_SINGLE_FERTILIZATION,0.843043995243757,0.928567520615769,0.0292811015816512,0.30692357083864,0.727638985050673,20,"Ropn1,Crisp4,Llcfc1,Serpina5"
GOBP_NEGATIVE_REGULATION_OF_CALCIUM_MEDIATED_SIGNALING,0.843043995243757,0.928567520615769,0.0292811015816512,0.306905849605677,0.727596972441697,20,"Plek,Atp2b4,Prnp,Cd22,Myoz2"
GOBP_POSITIVE_REGULATION_OF_PEPTIDYL_LYSINE_ACETYLATION,0.842684268426843,0.928567520615769,0.0252712808055621,0.289870022184007,0.764775988122018,37,"Snai2,Arid5a,Dip2a,Arrb1,Rps6ka5,Muc1,Gata3,Nap1l2,Il1b,Wbp2"
GOBP_ACTIN_FILAMENT_BASED_TRANSPORT,0.843529411764706,0.928852702410415,0.0287155399266326,0.303600488797944,0.728222475985965,21,"Myo1d,Myo7b,Myo6,Myo15a"
GOBP_NEGATIVE_REGULATION_OF_TELOMERASE_ACTIVITY,0.843672456575682,0.928852702410415,0.0313490001730997,0.327015410007085,0.710119020539707,12,Sox7
GOBP_NEUROTRANSMITTER_RECEPTOR_LOCALIZATION_TO_POSTSYNAPTIC_SPECIALIZATION_MEMBRANE,0.844202898550725,0.928945785382616,0.0299906706583812,0.311140781399464,0.713180476006757,16,"Prkcz,Lgi1,Cacng7"
GOBP_POSITIVE_REGULATION_OF_HISTONE_ACETYLATION,0.844271412680756,0.928945785382616,0.0257629629837414,0.291066589815244,0.751119211135324,31,"Snai2,Arid5a,Arrb1,Rps6ka5,Muc1,Gata3,Nap1l2,Il1b,Wbp2"
GOBP_REGULATION_OF_EARLY_ENDOSOME_TO_LATE_ENDOSOME_TRANSPORT,0.844311377245509,0.928945785382616,0.0295645497308931,0.310085135596261,0.726054599460742,18,"Dab2,Msn,Src,Mtmr2,Dennd10,Chmp3,Rab21,Mapk3,Vps11,Map2k1"
GOBP_POSITIVE_REGULATION_OF_PROTEASOMAL_UBIQUITIN_DEPENDENT_PROTEIN_CATABOLIC_PROCESS,0.844827586206897,0.929107039129746,0.0204893625108019,0.275532083211998,0.808417620544554,90,"Hspa1a,Hspa1b,Rnf144b,Dnajb2,Dab2,Cbfa2t3,Smad7,Sh3rf2,Prickle1,Cav1"
GOBP_REGULATION_OF_NUCLEOCYTOPLASMIC_TRANSPORT,0.844670050761421,0.929107039129746,0.020562605901185,0.277300660182449,0.820066817676175,103,"Apod,Sp100,Ptgs2,Chp2,Jup,Ifi27,Tgfb1,Zc3h12a,Shh,Rapgef3"
GOBP_FATTY_ACID_HOMEOSTASIS,0.845410628019324,0.929246535350811,0.0299195667151671,0.309160749355369,0.708641951068416,16,"Adora1,Nr1h4,Abcd1,Enpp7,Apoe"
GOBP_PROTEIN_LOCALIZATION_TO_MICROTUBULE,0.845508982035928,0.929246535350811,0.0294936424723046,0.308775716407111,0.722988635582544,18,"Map1a,Gas2l2,Mapre2,Mapre3"
GOBP_REGULATION_OF_DEACETYLASE_ACTIVITY,0.845386533665835,0.929246535350811,0.0314928902471297,0.331413678773625,0.709917006827543,11,"Prkd2,Pink1,Lrrk2,Fnta"
GOBP_PYRIMIDINE_RIBONUCLEOSIDE_MONOPHOSPHATE_METABOLIC_PROCESS,0.846153846153846,0.929548816568047,0.0296354881939192,0.316363543779419,0.718795491455324,15,"Cda,Dpys,Uckl1,Upp2,Dpyd"
GOBP_REGULATION_OF_CARBOHYDRATE_CATABOLIC_PROCESS,0.846153846153846,0.929548816568047,0.0226556224333514,0.277515955026986,0.772307013956078,54,"Htr2a,Gpd1,Cbfa2t3,Myc,Scarb2,Fbp1,Slc4a4,Igf1,Git1,Ppp1r3b"
GOBP_HYPOTHALAMUS_CELL_DIFFERENTIATION,0.846347607052897,0.929558536302144,0.0319257308349884,0.336284765815449,0.704754750197345,10,Ndnf
GOBP_HINDBRAIN_DEVELOPMENT,0.847,0.930071865443425,0.0194541744944906,0.275595603563608,0.832138204103468,145,"Kndc1,Aldh1a2,Hoxb2,Hoxb3,Faim2,Hoxa2,Gata2,Mdk,Ctnna2,Foxc1"
GOBP_ESTROGEN_BIOSYNTHETIC_PROCESS,0.847607052896725,0.930128935802628,0.0318534652552707,0.334282695716792,0.700558995421373,10,"Hsd17b11,Cyp19a1,Hsd17b7,Hsd3b3"
GOBP_NEUROBLAST_PROLIFERATION,0.847439916405434,0.930128935802628,0.0220834140571177,0.276463596620333,0.779970795705464,60,"Sox10,Id4,Kcna1,Hhip,Shh,Eml1"
GOBP_POSITIVE_REGULATION_OF_MITOCHONDRIAL_OUTER_MEMBRANE_PERMEABILIZATION_INVOLVED_IN_APOPTOTIC_SIGNALING_PATHWAY,0.847607052896725,0.930128935802628,0.0318534652552707,0.334744428844148,0.701526653334865,10,"Gzmb,Hip1r"
GOBP_CARBOHYDRATE_HOMEOSTASIS,0.848,0.930294823580752,0.0193794652818346,0.281149486260844,0.863333068193778,230,"Adgrf5,Serpinf1,Adra2a,Gjb6,Cltrn,Aqp4,Il6,Icam1,Ager,Gpld1"
GOBP_NEGATIVE_REGULATION_OF_INTRACELLULAR_PROTEIN_TRANSPORT,0.848128342245989,0.930294823580752,0.0233667307764121,0.279891195738277,0.759625063529679,44,"Apod,Sp100"
GOBP_PROTEIN_AUTO_ADP_RIBOSYLATION,0.84863523573201,0.930647759604017,0.0310617758113358,0.323421011757828,0.702313729149504,12,"Parp8,Parp12"
GOBP_CONVERGENT_EXTENSION,0.849759615384615,0.931534772182254,0.0294227657846801,0.314241599926041,0.713974317508704,15,"Frzb,Wnt5a,Nkd1,Wnt5b"
GOBP_PHAGOSOME_MATURATION,0.85,0.931534772182254,0.135740943810425,-0.234510087557478,-0.798265536803539,26,"Rab38,Rab39,Mreg"
GOBP_POSITIVE_REGULATION_OF_TRANSLATIONAL_INITIATION,0.85,0.931534772182254,0.135740943810425,-0.236696066378011,-0.805706545311056,26,"Boll,Eif2b5,Mettl3,Ythdf2,Larp1,Rps6kb1,Khdrbs1,Dhx29,Polr2d,Eif2ak4"
GOBP_POSITIVE_REGULATION_OF_PROTEIN_KINASE_A_SIGNALING,0.850374064837905,0.931741591966031,0.0312052969963336,0.327305303977933,0.701116509670407,11,"Iapp,Calcr,Akap12,Ramp3"
GOBP_HISTONE_H3_K27_METHYLATION,0.851497005988024,0.932159287696384,0.0291395520262835,0.304311430669283,0.712535650833614,18,"Ezhip,Phf1,Chd5,Gata3,Ezh1"
GOBP_NEUROTRANSMITTER_GATED_ION_CHANNEL_CLUSTERING,0.851089588377724,0.932159287696384,0.0297064584935533,0.318064046426099,0.71323054266317,14,"Glrb,Shisa6,Nlgn1,Apoe"
GOBP_THYMOCYTE_APOPTOTIC_PROCESS,0.851449275362319,0.932159287696384,0.0295645497308931,0.307643145158806,0.705163378833601,16,"Jak3,Wnt5a,Rag1,Efna1,Ptcra"
GOBP_VITAMIN_TRANSMEMBRANE_TRANSPORT,0.851497005988024,0.932159287696384,0.0291395520262835,0.304806283217672,0.71369433252315,18,Slc19a3
GOBP_NOTCH_RECEPTOR_PROCESSING,0.85264483627204,0.933009488885404,0.0315649069021069,0.329487732028223,0.690510150573025,10,"Psen2,Galnt11,Dner,Aph1b,Psen1,Adam17,Psenen,Aph1a"
GOBP_PLATELET_DENSE_GRANULE_ORGANIZATION,0.85264483627204,0.933009488885404,0.0315649069021069,0.329429209251823,0.69038750390908,10,F2rl3
GOBP_POSITIVE_REGULATION_OF_MYOBLAST_DIFFERENTIATION,0.852975495915986,0.933168186718098,0.0277292221875017,0.292922618007496,0.713470138471288,22,"Ranbp3l,Smyd1,Ripor2,Plcb1,Cxcl9,Myf5,Myf6,Lrrc8a,Myog,Igfbp3"
GOBP_BEHAVIORAL_RESPONSE_TO_COCAINE,0.853510895883777,0.933550755789327,0.0295645497308931,0.317251832037638,0.711409223606363,14,"Htr2a,Oprk1,Cdk5,Abat"
GOBP_MEMBRANE_FUSION,0.854,0.933882532086143,0.0189287891242153,0.27489873162839,0.834148583013092,158,"Tie1,Cltrn,Ch25h,Septin8,Pip4k2a,Rab7b,Syt11,Trarg1,Dcstamp,Dysf"
GOBP_MITOCHONDRIAL_FISSION,0.854189336235038,0.933886427414862,0.0239329549624917,0.28459084936233,0.757157005757895,39,"Dcn,Kdr,Mapt,Stat2,Inf2,Pink1,Lrrk2,Prkn"
GOBP_LIPID_IMPORT_INTO_CELL,0.856287425149701,0.935607451653439,0.0288567763564905,0.302151145054207,0.700538046862158,17,"Thbs1,Acsl3,Slc2a1,Slc27a4,Slc27a5,Irs2"
GOBP_NEGATIVE_REGULATION_OF_MEGAKARYOCYTE_DIFFERENTIATION,0.85632183908046,0.935607451653439,0.109250039480711,-0.254862790795664,-0.74580874877677,16,"H4c4,H4c16,Gabpa,H4c6,H4c18"
GOBP_POSITIVE_REGULATION_OF_SMOOTHENED_SIGNALING_PATHWAY,0.856201975850713,0.935607451653439,0.024285888595648,0.286090384942488,0.753758240348519,36,"Dcdc2a,Scube1,Shh,Foxa1"
GOBP_POSITIVE_REGULATION_OF_LIPID_CATABOLIC_PROCESS,0.857142857142857,0.936226130839048,0.0255522951965404,0.28533055626493,0.731859082130753,28,"Twist1,Adora1,Plin5,Angptl3,Fabp1,Abhd5,Abcd1,Il1b,Enpp7,Irs2"
GOBP_PROGRAMMED_CELL_DEATH_INVOLVED_IN_CELL_DEVELOPMENT,0.857318573185732,0.936226130839048,0.0301329841082956,0.319750129390168,0.70471054025992,13,"Il1a,Kitl,Fgf2,Il1b,Cntf,Dnase1l3"
GOBP_VESICLE_TRANSPORT_ALONG_MICROTUBULE,0.857446808510638,0.936226130839048,0.0224414263839237,0.27469818004703,0.749419664257091,45,"Prkcz,Kif1a,Rasgrp1,Ap3m2,Bicdl2,Dync1i1,Kif3a,Bloc1s4,Kif13a,Kif1c"
GOBP_CELLULAR_RESPONSE_TO_ALDEHYDE,0.858548585485855,0.937225567695416,0.0300618095810088,0.315962736594363,0.696363348568712,13,"Sgk1,Aldh1a7,Rdh12,Adh4,Rdh11"
GOBP_AUTOPHAGIC_CELL_DEATH,0.858942065491184,0.937310679852708,0.0312052969963336,0.326618011609966,0.684496053884462,10,"Trem2,Laptm5,Sh3glb1,Bnip3,Trp53inp1"
GOBP_NEGATIVE_REGULATION_OF_MONOOXYGENASE_ACTIVITY,0.859102244389027,0.937310679852708,0.0307037368093842,0.324032886119816,0.694106705188226,11,"Atp2b4,Cav1,Snca,Cnr2"
GOBP_POSTSYNAPTIC_SIGNAL_TRANSDUCTION,0.859185918591859,0.937310679852708,0.024215353215022,0.283350585714087,0.747575491048482,37,"Ly6h,Ly6g6d,Lypd1,Nrg1,Chrm5"
GOBP_REGULATION_OF_RESPIRATORY_GASEOUS_EXCHANGE,0.86,0.93799522673031,0.0277292221875017,0.298157856324677,0.715167664014954,21,"Adora1,Nlgn3,Tshz3,Nlgn1,Atp1a2,Tlx3,Nr4a2,Ntsr1"
GOBP_MICROTUBULE_SEVERING,0.860349127182045,0.938172464716733,0.0306322550486472,0.321854202004105,0.689439773781015,11,"Ttll6,Katnal1,Fignl2"
GOBP_POSITIVE_REGULATION_OF_FIBROBLAST_MIGRATION,0.860774818401937,0.938433097398945,0.0291395520262835,0.314343078555654,0.704886600732951,14,"Tgfb1,Thbs1"
GOBP_POLYAMINE_METABOLIC_PROCESS,0.861944777911164,0.938814187143343,0.0286449572929609,0.302036870984897,0.710189806830552,19,"Nnmt,Smox"
GOBP_POSITIVE_REGULATION_OF_INTEGRIN_ACTIVATION,0.861596009975062,0.938814187143343,0.0305608138615649,0.321394691924347,0.688455463110327,11,"Rasip1,P2ry12,Plek,Skap1"
GOBP_POSITIVE_REGULATION_OF_NEUROBLAST_PROLIFERATION,0.862108922363847,0.938814187143343,0.0268158762373842,0.279147300224424,0.691777659708015,24,"Sox10,Shh,Vegfc,Cx3cr1"
GOBP_PRO_B_CELL_DIFFERENTIATION,0.862244897959184,0.938814187143343,0.101350743797099,-0.261893578934599,-0.723461239830041,12,"Hes5,Nudt21"
GOBP_REGULATION_OF_POSTSYNAPTIC_MEMBRANE_NEUROTRANSMITTER_RECEPTOR_LEVELS,0.861344537815126,0.938814187143343,0.0214353576364558,0.274033410593338,0.765896556753698,56,"Itgb3,Dnm3,Prkcz,Lgi1,Cacng8,Shisa6,Cacng7,Arc,Stx1b,Cpt1c"
GOBP_UBIQUITIN_RECYCLING,0.862244897959184,0.938814187143343,0.101350743797099,-0.263176466812528,-0.727005120739627,12,"Ube2c,Plaa,Ube2s,Fbxw7,Ide,Ube2k"
GOBP_ATP_BIOSYNTHETIC_PROCESS,0.864537444933921,0.940538722454804,0.0239329549624917,0.285021228120711,0.748475971608495,35,"Tgfb1,Myc,Ak9,Il4,Trem2,Pink1"
GOBP_HISTONE_ARGININE_METHYLATION,0.864764267990075,0.940538722454804,0.0301329841082956,0.319567784282411,0.693946386091571,12,"Nr1h4,Prmt2,Prdm14"
GOBP_NUCLEOSIDE_TRIPHOSPHATE_METABOLIC_PROCESS,0.864615384615385,0.940538722454804,0.0197519290144334,0.273144347342611,0.795778068697656,86,"Ak7,Nme9,Enpp3,Tgfb1,Enpp1,Myc,Cmpk2,Ak9,Ak8,Gimap7"
GOBP_PRESYNAPTIC_MODULATION_OF_CHEMICAL_SYNAPTIC_TRANSMISSION,0.864089775561097,0.940538722454804,0.0304180507344859,0.319510418255758,0.684419184560211,11,"Htr1b,Prkcg,Cdk5,Git1"
GOBP_REGULATION_OF_RESPONSE_TO_REACTIVE_OXYGEN_SPECIES,0.864293659621802,0.940538722454804,0.0244973552519294,0.278936067130524,0.71981548563598,31,"Gpr37,Pde8a,Fbln5,Pink1,Il10,Lrrk2,Gpr37l1,Stk26"
GOBP_SERINE_FAMILY_AMINO_ACID_METABOLIC_PROCESS,0.864983534577388,0.940573702859729,0.0237208606775806,0.281951709810883,0.742854132245762,36,"Sds,Dao,Mpst,Serinc3,Glyat,Agxt,Scly,Serinc5,Tst,Agxt2"
GOBP_REGULATION_OF_HYDROGEN_PEROXIDE_MEDIATED_PROGRAMMED_CELL_DEATH,0.865384615384615,0.940806328187384,0.09754492162472,-0.264864474001397,-0.70094661414041,10,"Trap1,Hdac6,Foxo3,Endog,Pawr,Park7,Met"
GOBP_BINDING_OF_SPERM_TO_ZONA_PELLUCIDA,0.865786578657866,0.941039812089317,0.0237915888102658,0.282056950138716,0.744162439164157,37,"Clgn,Zp3,Prss55,Zp1,Crisp4,Zpbp,Zp2"
GOBP_REGULATION_OF_PROTEIN_LOCALIZATION_TO_CELL_SURFACE,0.866158868335147,0.941240949226282,0.0231538258045259,0.281536608328,0.749031164742284,39,"Map1a,Gpm6b,Abca2,Snx33,Hfe,Cd247,Tnf,Astn2,Leprot,Stx4a"
GOBP_HEPATOCYTE_DIFFERENTIATION,0.866586538461539,0.941502167461888,0.0284333438791734,0.307663306826908,0.699028071286271,15,"Frzb,Prox1,Hnf1b,Hnf4a,Itga2,Anxa1"
GOBP_CYTOSOLIC_TRANSPORT,0.867132867132867,0.941707028677639,0.0178589946943486,0.273713594224641,0.832346603756193,165,"Myo1d,Pip4k2a,Emp2,Dab2,Rab7b,Ces1d,Atp9a,Wipi1,Rab9b,Snx32"
GOBP_NEPHRIC_DUCT_DEVELOPMENT,0.867149758454106,0.941707028677639,0.0286449572929609,0.303242144408276,0.69507563721371,16,"Wnt9b,Gata3,Osr1,Hnf1b,Pax2,Wnt11"
GOBP_ESTABLISHMENT_OF_PROTEIN_LOCALIZATION_TO_PLASMA_MEMBRANE,0.868421052631579,0.942883937706036,0.248911114434702,-0.199049456901022,-0.848752086186909,63,"Amn,Rab26,Krt18,Grip1,Akap5,Gga2,Rack1,Nsf,Rab34,Lypla1"
GOBP_ENDOPLASMIC_RETICULUM_TO_CYTOSOL_TRANSPORT,0.869516310461192,0.943665477696117,0.0247790185105207,0.281839109561778,0.722903690135846,28,"Derl3,Os9,Rhbdd1,Sel1l,Edem2,Svip,Selenos,Derl1,Bcap31,Erlec1"
GOBP_REGULATION_OF_REACTIVE_OXYGEN_SPECIES_BIOSYNTHETIC_PROCESS,0.869423286180631,0.943665477696117,0.0229405670056901,0.278783618850253,0.741706806722605,39,"Tlr4,Mpv17l,Mmp8,Fyn,Snca,Alox5,Tlr6,Adgrb1,Ccn6,Abcd1"
GOBP_POSITIVE_REGULATION_OF_CELL_CELL_ADHESION_MEDIATED_BY_CADHERIN,0.870324189526185,0.944134592306458,0.0300618095810088,0.317467755563944,0.680043622907184,11,"Foxa1,Adam19,Wnt5a,Tjp1,Ptpru,Flot1"
GOBP_UMP_BIOSYNTHETIC_PROCESS,0.870324189526185,0.944134592306458,0.0300618095810088,0.316638082285152,0.67826639037742,11,"Cda,Uckl1,Upp2"
GOBP_CELLULAR_GLUCAN_METABOLIC_PROCESS,0.870867768595041,0.94452044719035,0.0197519290144334,0.265378949290044,0.757111081129639,66,"Lepr,Phkg1,Prkag3,Pcdh12,Enpp1,Il6st,Mgam,Ppp1r3c,Igf1,Rubcnl"
GOBP_DEFENSE_RESPONSE_TO_TUMOR_CELL,0.871536523929471,0.944779780046296,0.0304894126298511,0.318769871149697,0.668048641358419,10,"Klf4,Abi3,Laptm5,Dlec1,Spi1"
GOBP_PROTEIN_TARGETING_TO_VACUOLE,0.871569703622393,0.944779780046296,0.0232958000490367,0.280138488768376,0.73807686473068,36,"Scarb2,Laptm5,Sort1,Clu,Rnf215,Vps37c,Smurf1,Vps13d,Lamp2,Ncoa4"
GOBP_RESPONSE_TO_UV_A,0.871670702179177,0.944779780046296,0.0285038599247822,0.307795769845427,0.690204839003358,14,"Mmp3,Mmp9"
GOBP_RESPONSE_TO_UV_B,0.871980676328503,0.944912019811033,0.0283628487151644,0.300699534521273,0.689247601038713,16,"Il12b,Crip1,Cdkn1a,Ivl,Il12a,Bcl2"
GOBP_FAT_CELL_PROLIFERATION,0.872448979591837,0.945215737156932,0.100633389423036,-0.255950349033676,-0.707043515920168,12,"Fgf10,Tfdp1,E2f1,E2f3"
GOBP_MICROTUBULE_ANCHORING_AT_CENTROSOME,0.87281795511222,0.945411734615197,0.0299195667151671,0.315119753958218,0.675013998667981,11,Ccdc68
GOBP_INTRACILIARY_RETROGRADE_TRANSPORT,0.873308733087331,0.945739552182252,0.0292103127923884,0.306529541366537,0.675573139294811,13,Ttc21a
GOBP_POSITIVE_REGULATION_OF_RIG_I_SIGNALING_PATHWAY,0.874064837905237,0.946354499278403,0.0298484971250709,0.31310582835468,0.670699994364575,11,"Ddx60,Oasl1,Usp17le"
GOBP_RETINA_LAYER_FORMATION,0.874285714285714,0.946389811738649,0.0253415500976615,0.275783961095112,0.690155405203508,25,"Sdk2,Ptprm,Slc1a1"
GOBP_REGULATION_OF_MEGAKARYOCYTE_DIFFERENTIATION,0.874722838137472,0.946455382547799,0.0236501012290726,0.277424341409326,0.720635352680102,32,"Lox,Gata2,Rab7b"
GOBP_REGULATION_OF_SKELETAL_MUSCLE_ADAPTATION,0.87468982630273,0.946455382547799,0.0295645497308931,0.317002686124113,0.688376235768321,12,"Tnni1,Igfbp5"
GOBP_CYTOPLASM_ORGANIZATION,0.875,0.946551538627071,0.107140237276725,-0.247340093121465,-0.706075713750178,14,"Tdrd1,Tdrkh,Padi6"
GOBP_REGULATION_OF_GLYCOLYTIC_PROCESS,0.875531914893617,0.946923179038342,0.0212181723861707,0.269770879192601,0.735977215707239,45,"Htr2a,Gpd1,Cbfa2t3,Myc,Fbp1,Slc4a4,Igf1,Git1,App,Stat3"
GOBP_ESTABLISHMENT_OF_PROTEIN_LOCALIZATION_TO_VACUOLE,0.876451953537487,0.947103175071571,0.0207088406492443,0.265627410386121,0.733374886982232,49,"Cacng8,Cacng7,Scarb2,Tnfaip3,Laptm5,Sort1,Cacng4,Clu"
GOBP_GLUCOSE_IMPORT,0.875897435897436,0.947103175071571,0.0189287891242153,0.261195940973066,0.754108369034405,73,"Ocln,Trarg1,Pea15a,Slc2a10,Pou4f2,Enpp1,Myc,Rnasel,Pik3r1,Stxbp3"
GOBP_NEGATIVE_REGULATION_OF_PEPTIDYL_LYSINE_ACETYLATION,0.876350540216086,0.947103175071571,0.0277995594097672,0.299809925505416,0.704953512418094,19,"Twist1,Klf15,Snca,Sdr16c5,Spi1"
GOBP_POSITIVE_REGULATION_OF_GLUCOSE_TRANSMEMBRANE_TRANSPORT,0.876344086021505,0.947103175071571,0.0217960026831818,0.273010144259198,0.735727447266481,42,"C3,Ocln,Pou4f2,Clip3,Rnasel,Pik3r1,Itln1,Klf15,Igf1"
GOBP_REGULATION_OF_OXIDATIVE_STRESS_INDUCED_CELL_DEATH,0.876811594202899,0.947288176242848,0.0194541744944906,0.266028693226989,0.759649637792187,67,"Gpr37,Mmp3,Pde8a,Tlr4,Trem2,Pink1,Fbxo7,Fyn,Tnf,Tlr6"
GOBP_RESPONSE_TO_REDOX_STATE,0.877171215880893,0.947473077402933,0.0294227657846801,0.316116632710048,0.686452157075736,12,"Npas2,Sirt2,Slc7a11,Selenos,Vasn,Fkbp1b,Rnf7"
GOBP_REGULATION_OF_PROTEIN_EXIT_FROM_ENDOPLASMIC_RETICULUM,0.877714285714286,0.947829057579917,0.0251307059474849,0.274842962815529,0.687800536391114,25,"Derl3,Tmem30b,Tmem30a,Cd81,Slc51b,Os9,Edem2,Svip,Insig1,Bcap31"
GOBP_SMOOTHENED_SIGNALING_PATHWAY,0.877877877877878,0.947829057579917,0.0171553985751332,0.267204481933239,0.804284658854739,138,"Foxf1,Nkx6-1,Pkd2l1,Dcdc2a,Nkx2-2,Hhip,Iqub,Cd3e,Scube1,Shh"
GOBP_NEGATIVE_REGULATION_OF_PROTEIN_MODIFICATION_BY_SMALL_PROTEIN_CONJUGATION_OR_REMOVAL,0.878172588832487,0.947943655585337,0.0180905963991599,0.267765356454719,0.786791348404125,94,"Isg15,Hspa1a,Sox7,Hspa1b,Capn3,Smad7,Trim21,Arrb1,Sh3rf2,Tnfaip3"
GOBP_COPII_COATED_VESICLE_BUDDING,0.878754171301446,0.948367801445335,0.0235793094960052,0.272878834577143,0.704184341779702,31,Mapk15
GOBP_ARP2_3_COMPLEX_MEDIATED_ACTIN_NUCLEATION,0.879253567508233,0.948703087328587,0.0227981839377501,0.276653748457986,0.728895669336926,36,"Dnai3,Ctnna2,Hip1r,Arpc1b,Was,Magel2,Gmfg,Wasf2,Arpc3,Abi2"
GOBP_BLASTOCYST_DEVELOPMENT,0.882056451612903,0.94980476130495,0.0173129588067077,0.264455774259004,0.78774881037438,113,"Sox17,St8sia6,Hopx,Klf4,Nodal,Zp3,Rbm46,Tm4sf1,Junb,Rtn4"
GOBP_CEREBELLAR_CORTEX_DEVELOPMENT,0.88135593220339,0.94980476130495,0.020562605901185,0.263321255777915,0.724306390497738,48,"Kndc1,Faim2,Mdk,Grid2,Prox1,Wnt7a,Zfp365,Dixdc1,Cdk5,A230056J06Rik"
GOBP_MESENCHYMAL_TO_EPITHELIAL_TRANSITION,0.882282996432818,0.94980476130495,0.0269562963008324,0.290521329259451,0.68875337459519,20,"Wnt4,Wnt9b,Stat1,Gata3,Pax2,Gdnf,Tcf15"
GOBP_NEGATIVE_REGULATION_OF_PROTEIN_CATABOLIC_PROCESS,0.881168177240685,0.94980476130495,0.0173129588067077,0.268189768250883,0.800477149231002,120,"Irak3,Timp4,Map1a,Nos2,Fhit,Shh,Nrg1,Timp3,Mgat3,Prkcg"
GOBP_NUCLEOSIDE_TRIPHOSPHATE_CATABOLIC_PROCESS,0.882133995037221,0.94980476130495,0.0291395520262835,0.313699504133534,0.681203324987868,12,"Enpp3,Enpp1"
GOBP_POSITIVE_REGULATION_OF_SYSTEMIC_ARTERIAL_BLOOD_PRESSURE,0.881918819188192,0.94980476130495,0.0287155399266326,0.303233504218539,0.668308866646315,13,"Adora1,Avpr1a,Wnk1,Avpr2,Cyp11b2,Adra1a,Rhoa"
GOBP_POSTSYNAPTIC_MODULATION_OF_CHEMICAL_SYNAPTIC_TRANSMISSION,0.880681818181818,0.94980476130495,0.106729884364606,-0.245922691477793,-0.702029491948463,14,"Dcc,Eif4e,Eif4a3,Ghsr"
GOBP_RECEPTOR_LOCALIZATION_TO_SYNAPSE,0.882352941176471,0.94980476130495,0.019974159565129,0.26579940941612,0.742883329511506,56,"Anks1b,Prkcz,Lgi1,Dlg2,Cacng8,Shisa6,Cacng7,Stx1b,Stx7,Rap1a"
GOBP_REGULATION_OF_OSTEOBLAST_PROLIFERATION,0.881142857142857,0.94980476130495,0.024919740580511,0.27212898464907,0.681008746564946,25,"Sox8,Ccn1,Tmem119,Fgfr2,Mn1,Itgav,Plxnb1,Ltf,Bcl2,Bmp2"
GOBP_RESPONSE_TO_INACTIVITY,0.882133995037221,0.94980476130495,0.0291395520262835,0.312437507692201,0.678462880197131,12,"Casq1,Sgca,Il10"
GOBP_SULFUR_COMPOUND_BIOSYNTHETIC_PROCESS,0.881881881881882,0.94980476130495,0.016838053046391,0.264780732198798,0.797774719493058,141,"B3gnt3,Slc26a1,Dsel,Elovl7,Chsy3,Csgalnact1,Dip2a,Acss2,Ggt7,Mpst"
GOBP_RESPONSE_TO_STEROL_DEPLETION,0.882634730538922,0.9499046864524,0.0273074724591201,0.291845765697766,0.683347688081054,18,"Lyn,Npc1l1,Zbtb7b,Srebf1,Amfr,Pip4p1,Srebf2,Insig1,Insig2,Erlin2"
GOBP_PHAGOSOME_LYSOSOME_FUSION,0.883374689826303,0.95049755260206,0.0290688186426821,0.311140847200423,0.675647161884731,12,"Rab7b,Pla2g5"
GOBP_NEGATIVE_REGULATION_OF_INTRINSIC_APOPTOTIC_SIGNALING_PATHWAY,0.884381338742394,0.951377057534349,0.0175479783225763,0.265989447378066,0.784553820177627,98,"Snai2,Hspa1a,Cxcl12,Ptgs2,Ackr3,Plaur,Creb3l1,Snai1,Bcl2l1,Taf9b"
GOBP_AXO_DENDRITIC_TRANSPORT,0.884892086330935,0.951485185296652,0.0183973177537706,0.261763452120849,0.759024211312893,77,"Map1a,Apba1,Dlg2,Fez1,Kif1a,Mapt,Agbl4,Arl8a,Kif1b,Ap3m2"
GOBP_ESTABLISHMENT_OF_EPITHELIAL_CELL_POLARITY,0.885809312638581,0.951485185296652,0.0229405670056901,0.269699254806131,0.700568726656961,32,"Foxf1,Lama1,Wnt5a,Hes1,Cyth1,Rap2a,Msn,Ophn1,Tcf15"
GOBP_FRUCTOSE_METABOLIC_PROCESS,0.885856079404467,0.951485185296652,0.0289274314524646,0.307411812275984,0.667549504872044,12,"Aldoc,Aldob,Fbp1"
GOBP_LIPID_GLYCOSYLATION,0.885,0.951485185296652,0.0985499803531691,-0.265526010979669,-0.72238230264781,11,"B4galnt2,Gbgt1"
GOBP_MITOCHONDRIAL_OUTER_MEMBRANE_PERMEABILIZATION_INVOLVED_IN_PROGRAMMED_CELL_DEATH,0.886563876651982,0.951485185296652,0.0225128737259091,0.277016206313942,0.727454497123686,35,"Hspa1a,Gzmb,Mpv17l,Tmem14a,Hip1r"
GOBP_MONOSACCHARIDE_BIOSYNTHETIC_PROCESS,0.885480572597137,0.951485185296652,0.0180135486781383,0.261357661340697,0.760840210850665,81,"Nnmt,C1qtnf3,Sds,Gpd1,Lepr,Atf3,G6pc2,Foxo1,Pcx,Kat2b"
GOBP_NEGATIVE_REGULATION_OF_CARBOHYDRATE_METABOLIC_PROCESS,0.886411889596603,0.951485185296652,0.0203426159572209,0.264647668340746,0.724925070566498,47,"C1qtnf3,Lepr,Tgfb1,Cbfa2t3,Enpp1,Ap2a1,Plek,Fbp1,Prkn,Serpina12"
GOBP_PROTEIN_TETRAMERIZATION,0.885480572597137,0.951485185296652,0.0180135486781383,0.262854581930238,0.765254145098479,84,"Aldh1a2,Pkd2l1,Trpm6,Aqp4,Gbp5,Krt1,Trp63,Kcnj2,Aldh1a3,Trpa1"
GOBP_REGULATION_OF_MITOCHONDRIAL_MEMBRANE_PERMEABILITY_INVOLVED_IN_APOPTOTIC_PROCESS,0.886338797814208,0.951485185296652,0.0220834140571177,0.272967010103196,0.72322312526573,38,"Hspa1a,Gzmb,Mpv17l,Tmem14a,Hip1r"
GOBP_REGULATION_OF_PHOSPHOPROTEIN_PHOSPHATASE_ACTIVITY,0.886195995785037,0.951485185296652,0.0199001825208318,0.26489513974852,0.737184189538809,54,"Agtr2,Ppp1r15a,Gna12,Itga1,Ppp4r4,Tnf,Nuak1,Gnai2,Styxl1"
GOBP_REGULATION_OF_TRANSLATION_IN_RESPONSE_TO_ENDOPLASMIC_RETICULUM_STRESS,0.886533665835412,0.951485185296652,0.0291395520262835,0.306451556947104,0.656445964604049,11,Ppp1r15a
GOBP_TRANSFERRIN_TRANSPORT,0.887909319899244,0.952522439422429,0.0295645497308931,0.313586234263882,0.657185250893145,10,"Tfr2,Dnm2"
GOBP_VENTRICULAR_CARDIAC_MUSCLE_CELL_DEVELOPMENT,0.887909319899244,0.952522439422429,0.0295645497308931,0.314279065804925,0.658637223653351,10,"Hey2,Prox1,Fhl2,Nkx2-6,Mef2a"
GOBP_LAYER_FORMATION_IN_CEREBRAL_CORTEX,0.888888888888889,0.953166477057262,0.101713902282311,-0.249294892198768,-0.701247200367882,13,"Gli3,Nr2e1,Cdk5r1"
GOBP_REGULATION_OF_SYNAPTIC_VESICLE_ENDOCYTOSIS,0.888888888888889,0.953166477057262,0.101713902282311,-0.250169513741803,-0.703707442946561,13,Slc17a7
GOBP_FATTY_ACYL_COA_BIOSYNTHETIC_PROCESS,0.889142857142857,0.953235475124151,0.0244268887168729,0.268199900504685,0.671176127405446,25,"Elovl7,Elovl1,Acsl3,Elovl5,Slc25a1,Acsbg2"
GOBP_MAST_CELL_MIGRATION,0.889578163771712,0.953498812213304,0.0287155399266326,0.306794114517442,0.66620816463589,12,"Pgf,Vegfc,Rin3,Pik3cd"
GOBP_CYTOPLASMIC_SEQUESTERING_OF_PROTEIN,0.890315052508752,0.95367862112966,0.0254820564855004,0.278912033281213,0.67934462814805,22,"Nfkbia,Mdfi,Il10,Tmsb4x,Nfkbie,Sri,Gopc"
GOBP_OLIGOSACCHARIDE_BIOSYNTHETIC_PROCESS,0.890285714285714,0.95367862112966,0.0243564001293776,0.267621088851551,0.669727638561427,25,"B3galt5,Fut2"
GOBP_RESPONSE_TO_FOOD,0.89010989010989,0.95367862112966,0.154190966581424,-0.200051268643438,-0.738347290401281,36,"Cartpt,Lep,Oprm1,Hsd11b2,Gast"
GOBP_POSITIVE_REGULATION_OF_NEURON_MIGRATION,0.890804597701149,0.953796530914521,0.106729884364606,-0.245194180288122,-0.717515351052732,16,"Kif20b,Sema3a,Wdr62,Plaa,Reln"
GOBP_REFLEX,0.890756302521008,0.953796530914521,0.0269562963008324,0.290176657367888,0.682302473770298,19,"Glrb,Slc1a1,Npnt,Aldh1a3"
GOBP_CELL_DEATH_IN_RESPONSE_TO_OXIDATIVE_STRESS,0.89161554192229,0.954055199924085,0.0175479783225763,0.262689272300145,0.767278043863766,88,"Gpr37,Rnf112,Mmp3,Pde8a,Tlr4,Slc1a1,Cyp1b1,Trem2,Pink1,Fbxo7"
GOBP_LONG_CHAIN_FATTY_ACYL_COA_METABOLIC_PROCESS,0.891428571428572,0.954055199924085,0.024285888595648,0.266510709215325,0.666948889192805,25,"Elovl7,Elovl1,Far2,Acsl3,Elovl5,Acot7,Acsbg2"
GOBP_NEGATIVE_REGULATION_OF_HISTONE_ACETYLATION,0.891304347826087,0.954055199924085,0.027237219988033,0.293853204305061,0.673554804290773,16,"Twist1,Snca,Sdr16c5,Spi1"
GOBP_CORNEA_DEVELOPMENT_IN_CAMERA_TYPE_EYE,0.892768079800499,0.954866400428177,0.0287861460642093,0.302302483336152,0.647558287034754,11,"Wnt6,Wnt9b"
GOBP_DEPHOSPHORYLATION,0.893106893106893,0.954866400428177,0.0157837626630889,0.282395659518232,0.879777860261997,405,"Ptprb,Ppp1r16b,Dusp15,Cdh5,Sema4d,Chp2,Ptprr,Tns2,Ppp1r36,Gpld1"
GOBP_MEMBRANE_DEPOLARIZATION_DURING_ACTION_POTENTIAL,0.894273127753304,0.954866400428177,0.022011648277252,0.270786466746163,0.711094977495602,35,"Hcn2,Scn4b,Kcnj2,Scn1b"
GOBP_NEUROTRANSMITTER_RECEPTOR_TRANSPORT_ENDOSOME_TO_POSTSYNAPTIC_MEMBRANE,0.894230769230769,0.954866400428177,0.0956031492204301,-0.255629942554674,-0.676508026915156,10,Grip1
GOBP_PEPTIDYL_THREONINE_MODIFICATION,0.894259818731118,0.954866400428177,0.0162749990509926,0.264054392176632,0.788134120365645,120,"Irgm2,Cadm4,Tgfb1,Trim6,Stox1,Eogt,Dyrk4,Smad7,Galnt13,Tgfbr2"
GOBP_PONS_DEVELOPMENT,0.894230769230769,0.954866400428177,0.0956031492204301,-0.255066002517434,-0.675015596262945,10,"Ascl1,Cdk5r1"
GOBP_REGULATION_OF_SHORT_TERM_NEURONAL_SYNAPTIC_PLASTICITY,0.894117647058824,0.954866400428177,0.107972360317345,-0.241128113835603,-0.695444927679784,15,"Syp,Ppfia3,Syt4"
GOBP_RELEASE_OF_CYTOCHROME_C_FROM_MITOCHONDRIA,0.893572181243414,0.954866400428177,0.0193794652818346,0.260357938850541,0.724986245829081,55,"Tnfsf10,Plaur,Bcl2l1,Gper1,Cideb,Mmp9,Pink1,Igf1,Prkn,Clu"
GOBP_SOMATIC_DIVERSIFICATION_OF_IMMUNOGLOBULINS,0.893992125385299,0.954866400428177,0.143902565267782,-0.203486011796746,-0.89709209897841,66,"Exo1,Ung,Cd28,Atad5,Thoc1,Polq,Exosc3,Nsd2,Msh6,Hmces"
GOBP_URATE_METABOLIC_PROCESS,0.892768079800499,0.954866400428177,0.0287861460642093,0.30231436462664,0.647583737795301,11,"Slc16a9,Slc17a3"
GOBP_NEGATIVE_REGULATION_OF_VIRAL_INDUCED_CYTOPLASMIC_PATTERN_RECOGNITION_RECEPTOR_SIGNALING_PATHWAY,0.895,0.955439583775749,0.0978773277424561,-0.260155441191099,-0.707771287493084,11,"C1qbp,Dhx58"
GOBP_PENILE_ERECTION,0.895261845386534,0.955516198887071,0.0286449572929609,0.301799600061697,0.646481067197884,11,"Oxtr,Avpr1a,Ednrb,P2ry1,Oxt"
GOBP_NEGATIVE_REGULATION_OF_PROTEIN_LOCALIZATION_TO_CELL_SURFACE,0.895781637717122,0.955868030737417,0.0283628487151644,0.299607680727406,0.650602712513484,12,"Gpm6b,Snx33,Astn2,Leprot"
GOBP_CELLULAR_RESPONSE_TO_ESTRADIOL_STIMULUS,0.896514161220044,0.956446665630976,0.0212181723861707,0.266141615836427,0.710365565277114,40,"Msx2,Aqp4,Esr1,Pou4f2,Gper1,Sstr1"
GOBP_CELL_REDOX_HOMEOSTASIS,0.897914379802415,0.957737234726658,0.0215798086475871,0.267146987109394,0.703848341350114,36,"Nos3,Nos2,Slc2a10"
GOBP_VENTRICULAR_CARDIAC_MUSCLE_CELL_DIFFERENTIATION,0.898305084745763,0.957950712986201,0.0269562963008324,0.295670548916325,0.663015101589311,14,"Hey2,Myocd,Prox1"
GOBP_NEGATIVE_REGULATION_OF_DNA_BINDING,0.901052631578947,0.960676899034436,0.0187775930480379,0.254365467157534,0.705025229726671,52,"Sp100,Msx2,Jun,Hey2,Nfkbia,Mdfi,Gzma"
GOBP_NEGATIVE_REGULATION_OF_ATP_METABOLIC_PROCESS,0.901639344262295,0.961098597032773,0.130105630751129,-0.209847157309221,-0.733307663832696,27,"Ppif,Tigar,Mlxipl,Actn3,Trp53,Dnajc15,Parp1"
GOBP_CELLULAR_COPPER_ION_HOMEOSTASIS,0.903381642512077,0.96213972815852,0.0265350909115755,0.289231181873644,0.662960448440262,16,"Prnp,Prnd,Slc31a2"
GOBP_ER_NUCLEUS_SIGNALING_PATHWAY,0.903225806451613,0.96213972815852,0.188204146308491,-0.202709566050209,-0.794365924342844,45,"Agr2,Bok,Eif2s1,Trp53,Ptpn2,Eif2a,Fbxw7,Spring1,Mbtps2,Arhgef10l"
GOBP_ER_OVERLOAD_RESPONSE,0.903061224489796,0.96213972815852,0.0985499803531691,-0.249500852203555,-0.689227267839629,12,"Trp53,Gsk3b,Bcl2l11,Eif2ak3,Atg10,Hspa5,Tmco1,Ccdc47,Ppp1r15b,Selenos"
GOBP_NUCLEOSIDE_BISPHOSPHATE_BIOSYNTHETIC_PROCESS,0.90282131661442,0.96213972815852,0.0181674946847152,0.256710562817653,0.724242701008674,60,"Slc26a1,Elovl7,Dip2a,Acss2,Elovl1,Acsl3,Snca,Elovl5,Acot7,Slc25a1"
GOBP_DENDRITIC_SPINE_DEVELOPMENT,0.904081632653061,0.962681289418966,0.0164369248025913,0.260349565902821,0.76119558093,89,"Dock10,Dnm3,Dip2a,Srcin1,Cux2,Ephb1,Kif1a,Grin3a,Abi3,Arc"
GOBP_CENTRAL_NERVOUS_SYSTEM_NEURON_DEVELOPMENT,0.905641025641026,0.96393339739518,0.0166782153543946,0.25592174466449,0.743589435251452,79,"Ndnf,Cdh11,Cntn2,Gata2,Ephb1,Gabrb1,Mapt,Agbl4,Scn1b,Gbx2"
GOBP_POSITIVE_REGULATION_OF_PROTEIN_LOCALIZATION_TO_NUCLEUS,0.905641025641026,0.96393339739518,0.0166782153543946,0.260879443202326,0.76004552718811,86,"Mndal,Ptgs2,Sox7,Chp2,Jup,Tgfb1,Zc3h12a,Shh,Pik3r1,Dtx3l"
GOBP_COPII_COATED_VESICLE_CARGO_LOADING,0.905882352941176,0.963986153309758,0.107140237276725,-0.238098716731195,-0.686707751343622,15,"Sec23a,Sec31a,Rab1a,Sar1a,Sec13,Sec24a,Scap,Sec23b,Sec24c,Sec24d"
GOBP_NEURON_PROJECTION_ARBORIZATION,0.906354515050167,0.964284475588823,0.0219398252709772,0.266426749158278,0.685351464318393,30,"Phactr1,Wnt5a,Zfp365,Nrp1,Lrrk2,Mfsd2a,Nlgn1,Fzd4,Ptn"
GOBP_REGULATION_OF_DENDRITE_MORPHOGENESIS,0.906639004149378,0.964383045674761,0.0173914717556673,0.253708847347332,0.720628835687555,63,"Kndc1,Sema4d,Ptprd,Cux2,Hecw2,Nfatc4,Trpc5,Adgrb3,Id1"
GOBP_AXONAL_TRANSPORT_OF_MITOCHONDRION,0.908982035928144,0.965398180633463,0.0257629629837414,0.2783694491374,0.651793316396556,18,"Fez1,Mapt,Agbl4"
GOBP_CAMERA_TYPE_EYE_DEVELOPMENT,0.91008991008991,0.965398180633463,0.0143399359768684,0.276372216267863,0.857403111796084,328,"Serpinf1,Flt1,Epha2,Aldh1a2,Acvrl1,Lamc3,Wnt6,Foxl2,Twist1,Col8a2"
GOBP_CELLULAR_RESPONSE_TO_ABIOTIC_STIMULUS,0.91008991008991,0.965398180633463,0.0143399359768684,0.274454142561075,0.850034092211227,313,"Mag,Eng,Pkd2l1,Col1a1,Snai2,Pde2a,Piezo2,Mmp3,Casp4,Agt"
GOBP_CORONARY_VASCULATURE_MORPHOGENESIS,0.908982035928144,0.965398180633463,0.0257629629837414,0.278766191384749,0.652722275899674,18,"Hey2,Tbx5,Nrp1,Sgcd,Tgfbr3,Fgf2"
GOBP_NEGATIVE_REGULATION_OF_PROTEIN_LOCALIZATION,0.91,0.965398180633463,0.0144273071264209,0.262453798014738,0.799287641287984,189,"Apod,Adra2a,Sp100,Tmem98,Dab2,Mrap,Otud7b,Map1a,Lypd1,Srcin1"
GOBP_NEGATIVE_REGULATION_OF_RECEPTOR_INTERNALIZATION,0.908045977011494,0.965398180633463,0.105520936843198,-0.233738476231139,-0.68399235508136,16,"Pcsk9,Dlg4"
GOBP_NUCLEOSIDE_DIPHOSPHATE_METABOLIC_PROCESS,0.909456740442656,0.965398180633463,0.014944717875289,0.25816471550343,0.773546842782279,128,"Ak7,Htr2a,Nme9,Entpd1,Gpd1,Dlg2,Cbfa2t3,Prkag3,Aldoc,Aldob"
GOBP_POSITIVE_REGULATION_OF_AMYLOID_BETA_FORMATION,0.908982035928144,0.965398180633463,0.0257629629837414,0.278796430891786,0.652793080755016,18,"Abca2,Abcg1,Tnf,Clu,Efna1"
GOBP_PROTEIN_CONTAINING_COMPLEX_DISASSEMBLY,0.908091908091908,0.965398180633463,0.0145143429459948,0.266450881726203,0.820421353826424,241,"Stmn4,Stmnd1,Gsn,Irgm2,Irak3,Nostrin,Calcoco2,Map6d1,Vil1,Sln"
GOBP_REGULATION_OF_B_CELL_APOPTOTIC_PROCESS,0.908442330558858,0.965398180633463,0.025411808387565,0.27954356410953,0.662727840388133,20,"Btk,Lyn,Il10,Bcl6,Irs2,Blk,Foxp1,Hsh2d"
GOBP_REGULATION_OF_PROTEIN_SUMOYLATION,0.909617612977984,0.965398180633463,0.0239329549624917,0.260287056946076,0.645038554776211,24,"Capn3,Egr1"
GOBP_REGULATION_OF_SKELETAL_MUSCLE_FIBER_DEVELOPMENT,0.91,0.965398180633463,0.096887770327544,-0.251832193031579,-0.6851273018858,11,"Shox2,Myod1,Actn3,Fbxo22,Hdac9,Myog,Myf6,Bcl2,Myf5,Niban2"
GOBP_THIOESTER_BIOSYNTHETIC_PROCESS,0.908510638297872,0.965398180633463,0.0189287891242153,0.257146406033415,0.701535675414691,45,"Elovl7,Dip2a,Acss2,Elovl1,Acsl3,Snca,Elovl5,Slc25a1,Acsbg2,Pdha2"
GOBP_SYNAPTIC_VESICLE_CLUSTERING,0.910411622276029,0.965535701515105,0.0262543396498271,0.288207061824566,0.64627889072729,14,"Nlgn1,Pcdh17,Syn3,Cdh2,Brsk1,Pclo,Syn1,Rab3a"
GOBP_ENDOSOME_TO_PLASMA_MEMBRANE_PROTEIN_TRANSPORT,0.911764705882353,0.965600635902018,0.106729884364606,-0.236510443612266,-0.682126964529676,15,"Grip1,Akap5"
GOBP_HINDBRAIN_MORPHOGENESIS,0.910752688172043,0.965600635902018,0.0194541744944906,0.26360684863704,0.710386767334038,42,"Kndc1,Faim2,Grid2,Dlc1,Prox1,Wnt7a,Zfp365,Hes1,Cdk5,A230056J06Rik"
GOBP_METANEPHRIC_RENAL_VESICLE_MORPHOGENESIS,0.911764705882353,0.965600635902018,0.106729884364606,-0.233170349604436,-0.672493697803663,15,"Lhx1,Kif26b,Smo,Sall1"
GOBP_NEGATIVE_REGULATION_OF_NECROTIC_CELL_DEATH,0.911377245508982,0.965600635902018,0.0256225253207008,0.276309911731689,0.646970974289436,18,"Birc3,Cav1,Mt3,Arhgef2"
GOBP_NUCLEAR_MIGRATION,0.912009512485137,0.965600635902018,0.0252009996957834,0.277236009964371,0.657257206928654,20,"Clmn,Ntn1,Slit1,Sun2,Fhod1,Cep120,Hook3,Pafah1b1,Tmem201,Syne3"
GOBP_NUCLEOSIDE_PHOSPHATE_BIOSYNTHETIC_PROCESS,0.911088911088911,0.965600635902018,0.0142522226913804,0.265445565117771,0.814751732104639,224,"Ak7,Ptgis,Nnmt,Adcy4,Nppa,Nos3,Nppb,Nme9,Slc26a1,Elovl7"
GOBP_REGULATION_OF_NEURON_PROJECTION_ARBORIZATION,0.911764705882353,0.965600635902018,0.106729884364606,-0.233268194878128,-0.672775896333748,15,"Grip1,Dlg4"
GOBP_RESPONSE_TO_TOPOLOGICALLY_INCORRECT_PROTEIN,0.911823647294589,0.965600635902018,0.0144273071264209,0.257744219429405,0.780602665400804,155,"Erp27,Hspa1a,Hspa1b,Dnajb2,Hspb7,Comp,Hspa2,Atf3,Thbs1,Creb3l1"
GOBP_NEURON_PROJECTION_MAINTENANCE,0.913098236775819,0.966549765481584,0.0281514818960232,0.301471873596893,0.631797085583422,10,"Map1a,Prnp,Abcd1,App"
GOBP_CEREBELLAR_PURKINJE_CELL_LAYER_FORMATION,0.91389913899139,0.967187937299493,0.0268860833830403,0.291123540855135,0.641619217323486,13,Faim2
GOBP_REGULATION_OF_CARBOHYDRATE_METABOLIC_PROCESS,0.914085914085914,0.967187937299493,0.0139869590598254,0.263145281498576,0.799828413827804,176,"Slc45a3,Nnmt,Hrh1,Htr2a,Gpld1,C1qtnf3,Gpd1,Lepr,Lhcgr,Tgfb1"
GOBP_NEUROBLAST_DIVISION,0.914772727272727,0.967710963804714,0.104343952581949,-0.236736607842412,-0.675806203691531,14,"Aspm,Dct,Numbl"
GOBP_REGULATION_OF_POSTSYNAPTIC_CYTOSOLIC_CALCIUM_ION_CONCENTRATION,0.915617128463476,0.968400442833136,0.0280106629226489,0.300202305997092,0.629136442320302,10,"Wnt5a,Gria1,Slc8a1"
GOBP_COENZYME_A_METABOLIC_PROCESS,0.916167664670659,0.968575152534049,0.107554375265169,-0.23648326220028,-0.737962008270544,18,"Dcakd,Nudt19,Acat1,Pank4,Slc25a16,Pank2"
GOBP_INTERMEMBRANE_LIPID_TRANSFER,0.916135881104034,0.968575152534049,0.0182442460385585,0.254118479063536,0.696083428667118,47,"Pltp,Gltp,Abcg1,Abcg8,Osbpl5,Cert1,Gramd1c,Stard3,Apob,Apoe"
GOBP_MUSCLE_CELL_CELLULAR_HOMEOSTASIS,0.916470588235294,0.96869168356998,0.0243564001293776,0.273203810421786,0.655312368112039,21,"Lox,Capn3"
GOBP_CELLULAR_RESPONSE_TO_SALT_STRESS,0.916876574307305,0.968891866330391,0.0279402790995263,0.298922005278654,0.626453305572159,10,"Capn3,Zfp36l1,Efhd1"
GOBP_STRESS_GRANULE_ASSEMBLY,0.917045454545454,0.968891866330391,0.0223699288741888,0.261450724783249,0.665070591206262,27,"Grb7,Mapt"
GOBP_PROTON_TRANSMEMBRANE_TRANSPORT,0.917338709677419,0.968998044452277,0.0144273071264209,0.256783858320093,0.766372348312246,122,"Slc36a2,Slc22a18,Twist1,Slc9a2,Atp6v0a4,Slc25a18,Slc9b2,Slc9a9,Slc2a10,Cox4i2"
GOBP_EARLY_ENDOSOME_TO_GOLGI_TRANSPORT,0.917705735660848,0.969182086799807,0.0273777349570556,0.291259403412781,0.623903046628361,11,"Trappc10,Ehd3,Rbsn,Rab6a,Snx1,Tmed9,Snx8,Stx5a"
GOBP_GLUCAN_BIOSYNTHETIC_PROCESS,0.918918918918919,0.969734047019312,0.0192297089064582,0.256015041394129,0.688193006456864,41,"Phkg1,Prkag3,Enpp1,Ppp1r3c,Igf1,Ppp1r3a,Ppp1r3f,Nr1d1,Ppp1r3b,Ppp1r3e"
GOBP_IMMUNOGLOBULIN_PRODUCTION,0.919,0.969734047019312,0.013628036219219,0.2591926483087,0.78727559227809,170,"Il6,Cd40,Il13ra2,Batf,H2-T23,Tgfb1,Tlr9,Hpx,Il27ra,Vpreb3"
GOBP_NEGATIVE_REGULATION_OF_TYPE_2_IMMUNE_RESPONSE,0.918509895227008,0.969734047019312,0.0236501012290726,0.265439049432514,0.65287663052562,23,"Il27ra,Hlx,Ifnl2,Bcl6,Anxa1,Ifna6,Ifna9,Tbx21,Ifna15,Ifna2"
GOBP_RESPONSE_TO_GAMMA_RADIATION,0.91886195995785,0.969734047019312,0.0175479783225763,0.250368557010773,0.697170061424873,55,"Il1a,Egr1,Bcl2l1,Myc,Cxcl10,Trim13,Cryab,Gata3,Cdkn1a"
GOBP_HISTONE_H3_K9_DEMETHYLATION,0.920049200492005,0.9697984901078,0.0265350909115755,0.289060018762995,0.637071335603584,13,Kdm4d
GOBP_MATING,0.920218579234973,0.9697984901078,0.0198261062533673,0.256323471090593,0.679126249619014,38,"Tac1,Slc6a4,Oxtr,Semg1,P2rx1,Avpr1a,Or2h2,Hexb,Ednrb,Abat"
GOBP_POSITIVE_REGULATION_OF_TRIGLYCERIDE_METABOLIC_PROCESS,0.919486581096849,0.9697984901078,0.0237208606775806,0.266465704806896,0.649029168862476,22,"Gpld1,Plin5,Ldlr,Abhd5,Mfsd2a,Nr1h3"
GOBP_PROTEIN_DEPHOSPHORYLATION,0.92007992007992,0.9697984901078,0.0134461833974729,0.267933939209183,0.829195784247307,277,"Ptprb,Ppp1r16b,Dusp15,Cdh5,Ptprr,Tns2,Agtr2,Dusp1,Ptpre,Ptprd"
GOBP_PROTEIN_K48_LINKED_DEUBIQUITINATION,0.91969196919692,0.9697984901078,0.0202691096367175,0.255963251961595,0.675318363268314,37,"Otud7b,Mindy1,Tnfaip3,Otud7a"
GOBP_REGULATION_OF_TRIGLYCERIDE_METABOLIC_PROCESS,0.919477693144722,0.9697984901078,0.0196032645039178,0.258940126680297,0.688912983067175,39,"C3,Gpld1,Plin5,Ldlr,Abhd5,Serpina12,Sik1,Mfsd2a,Apoe,Nr1h3"
GOBP_GOLGI_VESICLE_BUDDING,0.923173803526448,0.971894180173289,0.0275885895800029,0.294232866843276,0.616626239577504,10,Arfgap3
GOBP_G_PROTEIN_COUPLED_ACETYLCHOLINE_RECEPTOR_SIGNALING_PATHWAY,0.923169267707083,0.971894180173289,0.0250603987343648,0.271960330928137,0.639469791411939,19,"Chrm5,Hrh4,Rgs10,Gnai2,Gnaq,Plcb1"
GOBP_MAINTENANCE_OF_APICAL_BASAL_CELL_POLARITY,0.923076923076923,0.971894180173289,0.0937465422491719,-0.251533891702376,-0.665668094579612,10,"Lin7b,Lin7c,Lhx2,Crb2,Pdzd11,Lin7a,Pdcd6ip,Wdr1,Ank1,Wnt11"
GOBP_PEPTIDE_ANTIGEN_ASSEMBLY_WITH_MHC_PROTEIN_COMPLEX,0.922509225092251,0.971894180173289,0.0263947139776277,0.287134867010889,0.632828414001342,13,"Tapbpl,Tapbp,H2-DMb1,H2-DMa,H2-Ab1"
GOBP_RETROGRADE_TRANS_SYNAPTIC_SIGNALING,0.923173803526448,0.971894180173289,0.0275885895800029,0.293775378187,0.615667476836973,10,"Farp1,Gucy1a1,Plcb1,Nos1,Daglb"
GOBP_ANTIFUNGAL_INNATE_IMMUNE_RESPONSE,0.92436974789916,0.972525213885916,0.0249900772245545,0.271604604224067,0.638633358831956,19,"Rarres2,Cx3cr1,Pla2g5"
GOBP_CAVEOLIN_MEDIATED_ENDOCYTOSIS,0.925,0.972525213885916,0.0959206777921745,-0.2480035066461,-0.67471108963957,11,"Unc119,Cav3,Prom2"
GOBP_ECTODERM_DEVELOPMENT,0.925320886814469,0.972525213885916,0.0233667307764121,0.262543570159711,0.639476045348612,22,"Shh,Krt6b,Vax2,Itgam,Itga6,Krt6a,Zbtb7b"
GOBP_FATTY_ACID_TRANSMEMBRANE_TRANSPORT,0.924550898203593,0.972525213885916,0.0248493879589072,0.270431102901517,0.633205928176246,18,"Thbs1,Slc2a1,Abcd1,Slc27a5,Irs2"
GOBP_POSITIVE_REGULATION_OF_CILIUM_ASSEMBLY,0.925,0.972525213885916,0.129442887745046,-0.211012408879051,-0.718280120059903,26,"Crocc,Wrap73,Mns1,Atmin,Hap1,Cenpj"
GOBP_POSITIVE_REGULATION_OF_PROTEIN_EXIT_FROM_ENDOPLASMIC_RETICULUM,0.924969249692497,0.972525213885916,0.0262543396498271,0.284729803143457,0.627527794231116,13,"Tmem30b,Tmem30a,Cd81,Slc51b"
GOBP_REGULATION_OF_PEPTIDYL_SERINE_PHOSPHORYLATION_OF_STAT_PROTEIN,0.924705882352941,0.972525213885916,0.0238622865877092,0.269582719802586,0.646626744492249,21,"Ret,Ifnk,Ifna13,Ifna6,Ifna9,Ifna15,Ifna2,Lif"
GOBP_RESPONSE_TO_ETHER,0.925187032418953,0.972525213885916,0.0269562963008324,0.287407623079891,0.615652197191484,11,"Zc3h12a,Ptafr,Plcb1,Oxt"
GOBP_CAMERA_TYPE_EYE_MORPHOGENESIS,0.92741935483871,0.97345680014892,0.0135373162884418,0.252656079854798,0.754052978642921,122,"Epha2,Twist1,Col8a2,Sox8,Tbx2,Sdk2,Kdr,Wnt2,Ptprm,Ephb1"
GOBP_MACROMOLECULE_DEACYLATION,0.927565392354125,0.97345680014892,0.0133546284394486,0.248740779184059,0.747053071142424,131,"Aplnr,Tppp,Nnmt,Hopx,Fry,Notum,Hdac11,Mapt,Abhd12,Sirt2"
GOBP_MAINTENANCE_OF_CELL_POLARITY,0.92814371257485,0.97345680014892,0.106729884364606,-0.230079875316579,-0.717979806568559,18,"Carmil2,Lin7b,Lin7c,Lhx2,Gsk3b,Crb2,Pdzd11,Pdlim1,Arpc5,Lin7a"
GOBP_NEGATIVE_REGULATION_OF_BMP_SIGNALING_PATHWAY,0.927291886195996,0.97345680014892,0.0169176756264572,0.243190059765305,0.676780507495069,54,"Grem2,Dkk1,Tnfaip6,Nog,Smad7,Bmper,Wnt5a"
GOBP_NUCLEOTIDE_SUGAR_BIOSYNTHETIC_PROCESS,0.92814371257485,0.97345680014892,0.106729884364606,-0.233800750400703,-0.706103807579755,17,"Gnpnat1,Gfus,Nans,Mpi,Pmm2,Fcsk,Pgm3,Uxs1,Uap1l1,Gmds"
GOBP_PEPTIDYL_ASPARAGINE_MODIFICATION,0.928057553956835,0.97345680014892,0.118815039412263,-0.205028716066614,-0.692739999915341,24,"B4galnt2,Alg8,Hif1an,Stt3b,Stt3a,Tusc3,Ostc,Ost4,Rpn2,Ube2j1"
GOBP_POSITIVE_REGULATION_OF_DENDRITE_DEVELOPMENT,0.92814371257485,0.97345680014892,0.106729884364606,-0.236767735747507,-0.715064427452964,17,"Elavl4,Ezh2,Cobl,Khdc3"
GOBP_POSITIVE_REGULATION_OF_DENDRITIC_CELL_CYTOKINE_PRODUCTION,0.928039702233251,0.97345680014892,0.0265350909115755,0.283339229824954,0.615275519766521,12,"Rigi,Nod2,Ticam1"
GOBP_POSITIVE_REGULATION_OF_RECEPTOR_RECYCLING,0.926799007444169,0.97345680014892,0.0266052822097738,0.28365594793972,0.615963278051185,12,"Snca,Nsg1,Ramp3,Ece1,Vamp3,Anxa2,Psen1"
GOBP_RESPONSE_TO_MISFOLDED_PROTEIN,0.928057553956835,0.97345680014892,0.118815039412263,-0.210799357007161,-0.712237531194651,24,"Stub1,Hdac6,Rnf126,Rnf185,Cul3,Aup1,Bag6,Tor1a,Atxn3,Sdf2l1"
GOBP_ANIMAL_ORGAN_REGENERATION,0.928348909657321,0.973468912984429,0.0157837626630889,0.246330754540192,0.700556891309827,65,"Nnmt,Cxcl12,Il6,Pgf,Angpt2,Myc,Tgfbr2,Axl,Lcp1,Anxa3"
GOBP_RESPONSE_TO_ENDOPLASMIC_RETICULUM_STRESS,0.929070929070929,0.974022848892505,0.012605799966357,0.262945826469756,0.810727770067961,251,"Erp27,Clgn,Hspa1a,Casp4,Tmem117,Dnajb2,Atp2a3,Jun,Cftr,Ubxn10"
GOBP_THYMUS_DEVELOPMENT,0.929787234042553,0.974570564122584,0.0173914717556673,0.246696507397865,0.673026715050868,45,"Hoxa3,Foxn1,Ripk3,Shh,Six1"
GOBP_RIBONUCLEOSIDE_TRIPHOSPHATE_BIOSYNTHETIC_PROCESS,0.930084745762712,0.974679178017334,0.01707634511757,0.247101208510059,0.681220383803289,50,"Nme9,Tgfb1,Myc,Ak9,Il4,Trem2,Uckl1,Pink1"
GOBP_NEGATIVE_REGULATION_OF_NUCLEOTIDE_METABOLIC_PROCESS,0.930372148859544,0.974748731334996,0.0246382257063476,0.267788514066287,0.629660453228859,19,"Cda,Cbfa2t3,Fbp1,Git1,Pid1,Stat3"
GOBP_POSITIVE_REGULATION_OF_REACTIVE_OXYGEN_SPECIES_BIOSYNTHETIC_PROCESS,0.930538922155689,0.974748731334996,0.0244973552519294,0.26556886058969,0.615721945622724,17,"Tlr4,Mmp8,Tlr6,Adgrb1"
GOBP_HIPPOCAMPUS_DEVELOPMENT,0.931352459016393,0.975239609250673,0.0145143429459948,0.245040569886666,0.712066860135226,80,"Id4,Kcna1,Mdk,Bcan,Fez1,Slc32a1,Kirrel3,Dlx2,Sema6b,Atp2b4"
GOBP_LEPTIN_MEDIATED_SIGNALING_PATHWAY,0.93142144638404,0.975239609250673,0.0266052822097738,0.281547100223262,0.603098446060217,11,"Lepr,Mt3,Stat3"
GOBP_PROTEIN_TARGETING_TO_MEMBRANE,0.93158953722334,0.975239609250673,0.0129839954274655,0.244949989993465,0.730535893569687,117,"Rtp4,Rtp3,Nacad,Adora1,Ncf1,Slc1a1,Tcaf2,Zdhhc11,Zdhhc9,Micall1"
GOBP_DENDRITE_DEVELOPMENT,0.932,0.975309343663663,0.0124136372369971,0.258454024540056,0.793313606240718,228,"Kndc1,Dcdc2a,Gpr37,Dock10,Sema4d,Dnm3,Phactr1,Ptprd,Scarf1,Dip2a"
GOBP_EXOCYTIC_PROCESS,0.932238193018481,0.975309343663663,0.0146010500585968,0.243534728463377,0.704709119384842,75,"Pla2g3,Sv2a,Unc13c,Cftr,Trarg1,Otof,Btk,Stxbp3,Plek,Stx1b"
GOBP_FOREBRAIN_DEVELOPMENT,0.932067932067932,0.975309343663663,0.0123167455730572,0.271007161193105,0.842759809951311,369,"Wnt4,Id4,Aldh1a2,Cnp,Kcna1,Tbx3,Aplp1,Ndnf,Col3a1,Dkk1"
GOBP_PEPTIDYL_PROLINE_HYDROXYLATION_TO_4_HYDROXY_L_PROLINE,0.932692307692308,0.975581404654438,0.0931454575337804,-0.245092787362371,-0.648622130618331,10,"Egln3,P4ha2,Prdx4,Egln2,Ero1a"
GOBP_APOPTOTIC_MITOCHONDRIAL_CHANGES,0.934077079107505,0.976477487943639,0.0134461833974729,0.247639530841382,0.731255170334251,97,"Tnfsf10,Hspa1a,Plaur,Gzmb,Mpv17l,Bcl2l1,Gper1,Tmem14a,Cideb,Mmp9"
GOBP_LIPOPROTEIN_LOCALIZATION,0.934131736526946,0.976477487943639,0.106323255932708,-0.226713746499452,-0.684700281584098,17,"Unc119,Prkcb,Pparg,Unc119b,Cubn,Surf4,Zdhhc3,Cd36,Sar1b,Mttp"
GOBP_NEGATIVE_REGULATION_OF_SODIUM_ION_TRANSPORT,0.934131736526946,0.976477487943639,0.106323255932708,-0.227249640106643,-0.686318738821068,17,"Pcsk9,Wnk4,Prkce"
GOBP_ENDOSOMAL_TRANSPORT,0.935,0.97697113573056,0.0121212734616549,0.259917238890205,0.796836838960641,222,"Pla2g3,Micall2,Rassf9,Rab7b,Trarg1,Atp9a,Dennd1c,Rab9b,Snx32,Btbd8"
GOBP_G0_TO_G1_TRANSITION,0.935329341317365,0.97697113573056,0.024215353215022,0.264613559217746,0.619584332477878,18,"Ccn2,Myc,Duxbl1,Cdkn2b,H2-M3,H2-Q10"
GOBP_MRNA_TRANSCRIPTION,0.935064935064935,0.97697113573056,0.16440575583821,-0.196698914101099,-0.749772586514125,41,"Thrb,Taf5,Ncbp1,Taf9,Taf6,Trp53,Taf4b,Pparg,Tbp,Taf10"
GOBP_RESPONSE_TO_CADMIUM_ION,0.935381355932203,0.97697113573056,0.0166782153543946,0.245588844516412,0.677051026694862,50,"Fos,Jun,Ncf1,Npc1,Mt4,Prnp,Slc30a1,Mmp9,Cyp1a2,Mt3"
GOBP_LYMPHOID_PROGENITOR_CELL_DIFFERENTIATION,0.935822637106184,0.977026042935159,0.0227269260340067,0.256634543451783,0.625083458896213,22,"Batf,Shh,Gata3,Hes1"
GOBP_REGULATION_OF_SULFUR_METABOLIC_PROCESS,0.935768261964735,0.977026042935159,0.0268860833830403,0.285532630909469,0.598393083557724,10,"Snca,Bhmt,Pdk4,Slc7a11,Pdk2,Pdk3"
GOBP_CELLULAR_RESPONSE_TO_UNFOLDED_PROTEIN,0.937055837563452,0.978110401875306,0.0132626420191661,0.244647985706294,0.718864161916924,94,"Hspa1a,Hspa1b,Hspa2,Atf3,Creb3l1,Creb3l3,Ppp1r15a,Pacrg,Pik3r1,Derl3"
GOBP_EXTRAEMBRYONIC_MEMBRANE_DEVELOPMENT,0.939546599496222,0.979847410253375,0.0266754763765933,0.27775428839979,0.582091947170931,10,"Bmp5,Htra1"
GOBP_FATTY_ACYL_COA_METABOLIC_PROCESS,0.940983606557377,0.979847410253375,0.0183973177537706,0.242495673608663,0.642489650541922,38,"Elovl7,Elovl1,Far2,Acsl3,Elovl5,Acot7,Abcd1,Slc25a1,Acsm2,Acsbg2"
GOBP_KERATINOCYTE_DEVELOPMENT,0.940959409594096,0.979847410253375,0.0253415500976615,0.272605171254158,0.600805816337138,13,"Fosl2,Abca12,Cdsn,Krt2,Flnb"
GOBP_MEMBRANE_DOCKING,0.940695296523517,0.979847410253375,0.0135373162884418,0.239525229237851,0.69728365712539,81,"Esyt3,Icam1,Unc13c,Cftr,Pacs2,Vcam1,Cav2,Stxbp3,Plek,Stx1b"
GOBP_PEPTIDYL_ARGININE_METHYLATION,0.940821256038647,0.979847410253375,0.0243564001293776,0.268080043202794,0.614478924811268,16,"Nr1h4,Prmt2"
GOBP_PROTEIN_CATABOLIC_PROCESS_IN_THE_VACUOLE,0.939323220536756,0.979847410253375,0.0225128737259091,0.254766803696553,0.620534214625297,22,"Mgat3,Ldlr,Marchf2,Lrp1,Cd81,Tmem106b,Cln3,Mfsd8,Tcirg1,Lamp2"
GOBP_PROTEIN_DEGLYCOSYLATION,0.939428571428571,0.979847410253375,0.0212906370865403,0.247346825442246,0.618990850160503,25,"Trim13,Edem2,Amfr,Man2b1,Rnf103,Aga,Ngly1,Man2a2,Rnf139,Rnf5"
GOBP_PROTEIN_POLYUBIQUITINATION,0.94005994005994,0.979847410253375,0.0115202567953401,0.255089121836105,0.78478018097527,236,"Trim12c,Trim34a,Traf1,Rnf144b,Trim5,Ifi27,Nhlrc4,Rnf152,Trim6,Ube2l6"
GOBP_REGULATION_OF_LYSOSOMAL_LUMEN_PH,0.940821256038647,0.979847410253375,0.0243564001293776,0.266737586492966,0.611401816400641,16,"Lrrk2,Snapin,Ppt1,Tmem106b,Cln3,Atp6ap2,Tasl,Tmem175,Grn,Cln5"
GOBP_REGULATION_OF_PROTEIN_CATABOLIC_PROCESS,0.94005994005994,0.979847410253375,0.0115202567953401,0.269226257383708,0.837082093049101,383,"Sox17,Ecscr,Adra2a,Asb11,Irak3,Hspa1a,Timp4,Mndal,Hspa1b,Rnf144b"
GOBP_SMALL_MOLECULE_CATABOLIC_PROCESS,0.941058941058941,0.979847410253375,0.0114177828322783,0.269418394599405,0.837190034053855,361,"Aspa,Cyp4f14,Nos3,Sult1a1,Aldh1l1,Fah,Twist1,Cyp26c1,Xdh,Enpp4"
GOBP_SYNAPTIC_VESICLE_LOCALIZATION,0.941052631578947,0.979847410253375,0.0157837626630889,0.238233070245473,0.66031103575189,52,"Pink1,Snca,Dnm2,Lrrk2,Ap3m2,Prkn,Cdk5,Nlgn1,Pcdh17,Syn3"
GOBP_REGULATION_OF_PROTEIN_TARGETING_TO_MEMBRANE,0.941629955947137,0.980238929083921,0.0188532541830902,0.248113770056556,0.651555662492192,35,"Slc1a1,Tcaf2,Prnp,Fyn,Itgam,Cdk5,Itgb2,Cemip,Usp17le,Slc51b"
GOBP_PROTEIN_FOLDING,0.942,0.980409799842825,0.0114177828322783,0.252571729065816,0.76910611402917,191,"Erp27,Clgn,Nppa,Nppb,Hspa1a,Hspa1b,Cryaa,Dnaja4,Dnajb2,Hspa2"
GOBP_REGULATION_OF_HISTONE_DEACETYLATION,0.942184154175589,0.980409799842825,0.0169176756264572,0.241103186636404,0.6519465990498,43,"Aplnr,Prkd2,Pink1,Lrrk2,Jdp2,Usp17le,Sdr16c5,Bcl6,Akap8l,Zbtb7b"
GOBP_NEGATIVE_REGULATION_OF_PROTEIN_ACETYLATION,0.942823803967328,0.980872363937036,0.0222983800506052,0.252353875246047,0.614657057007992,22,"Twist1,Klf15,Snca,Sdr16c5,Spi1"
GOBP_NEGATIVE_REGULATION_OF_CATABOLIC_PROCESS,0.943056943056943,0.98091190828621,0.0112106917277743,0.26578331450068,0.822836418814235,309,"Adra2a,Zfp36,Hcar1,Irak3,Cidea,Hcar2,Timp4,Gpld1,Rasip1,Adora1"
GOBP_LYTIC_VACUOLE_ORGANIZATION,0.943531827515401,0.981202833454679,0.013628036219219,0.23649015079439,0.681193750852464,72,"Atp10b,Rab7b,Scarb2,Arsb,Pla2g5,Laptm5,Mt3,Lrrk2,Hexb,Chmp2b"
GOBP_CALCIUM_IMPORT_INTO_THE_MITOCHONDRION,0.943877551020408,0.981359348289471,0.0959206777921745,-0.233961915015986,-0.64630212699008,12,"Mcu,Vdac1,Maip1,Afg3l2"
GOBP_DEMETHYLATION,0.944444444444444,0.981745703519897,0.245041785430996,-0.184368048390128,-0.817354130843554,67,"Apobec2,Apex1,Mmachc,Tdg,Riox1,Kdm2b,Dppa3,Otud4,Jmjd4,Tet3"
GOBP_CARBOHYDRATE_PHOSPHORYLATION,0.944881889763779,0.98186260443421,0.12384217120105,-0.20264510314928,-0.693473203769086,25,"Gck,Hk2,Galk2,Xylb,Galk1,Pfkfb1,Hk1,Fcsk,Pfkm,Pfkfb2"
GOBP_REGULATION_OF_RESPONSE_TO_EXTRACELLULAR_STIMULUS,0.945142857142857,0.98186260443421,0.0209275853209046,0.24498661540324,0.613084372824521,25,"Snai2,Prkcg,Mt3,Mn1,Vdr"
GOBP_SERINE_PHOSPHORYLATION_OF_STAT_PROTEIN,0.945142857142857,0.98186260443421,0.0209275853209046,0.244392303759132,0.611597094913478,25,"Ret,Cdk5,Ifnk,Ifna13,Ifna6,Ifna9,Il24,Ifna15,Ifna2,Lif"
GOBP_COPPER_ION_HOMEOSTASIS,0.945978391356543,0.98191892904178,0.0237208606775806,0.256366067076624,0.602802456075505,19,"Prnp,Prnd,Slc31a2"
GOBP_GLOMERULAR_EPITHELIAL_CELL_DEVELOPMENT,0.945879458794588,0.98191892904178,0.0250603987343648,0.270611583461764,0.596412065714073,13,"Foxj1,Jag1,Myo1e,Lamb2,Podxl,Nphs2"
GOBP_KERATINOCYTE_MIGRATION,0.945978391356543,0.98191892904178,0.0237208606775806,0.257141858018999,0.60462660031892,19,"Fgf7,Eppk1,Iqsec1,Mmp9,Mapre2,Epb41l4b,Hbegf"
GOBP_RESPONSE_TO_PARATHYROID_HORMONE,0.945843828715365,0.98191892904178,0.0263245268606861,0.272668186316,0.57143296119264,10,"Phex,Itga2,Fgf23,Sost,Slc34a1,Pth"
GOBP_NEGATIVE_REGULATION_OF_REACTIVE_OXYGEN_SPECIES_BIOSYNTHETIC_PROCESS,0.947115384615385,0.982507345475749,0.0237208606775806,0.252350595542557,0.573354528069539,15,"Mpv17l,Fyn,Abcd1"
GOBP_POSITIVE_REGULATION_OF_PROTEIN_TARGETING_TO_MEMBRANE,0.947131608548931,0.982507345475749,0.0198261062533673,0.244336781801813,0.626712032531918,28,"Tcaf2,Prnp,Fyn,Itgam,Cdk5,Itgb2,Cemip,Slc51b"
GOBP_PROTEIN_DEPALMITOYLATION,0.947115384615385,0.982507345475749,0.0922597260527354,-0.237491272129849,-0.628505214657207,10,"Abhd17c,Lypla1,Abhd10"
GOBP_FIBROBLAST_APOPTOTIC_PROCESS,0.948379351740696,0.983193029738189,0.0235793094960052,0.252964563858056,0.594804383171852,19,"Trp63,Myc"
GOBP_MICROTUBULE_ANCHORING_AT_MICROTUBULE_ORGANIZING_CENTER,0.948339483394834,0.983193029738189,0.024919740580511,0.268773863578852,0.592361838825961,13,Ccdc68
GOBP_REGULATION_OF_EXOSOMAL_SECRETION,0.948379351740696,0.983193029738189,0.0235793094960052,0.252103588537951,0.592779941936324,19,Atp9a
GOBP_NEGATIVE_REGULATION_OF_PROTEOLYSIS_INVOLVED_IN_CELLULAR_PROTEIN_CATABOLIC_PROCESS,0.948717948717949,0.983341263547449,0.234392647294686,-0.18185049820005,-0.779854268102284,62,"Wnt1,Pbk,Taf9,Uchl5,Usp14,Rps7,Rpl11,Rpl5,Rpl23,Lamp3"
GOBP_SENSORY_SYSTEM_DEVELOPMENT,0.949050949050949,0.983483636544861,0.0105706949179311,0.264204123632546,0.821736954692973,384,"C3,Serpinf1,Flt1,Mfap5,Epha2,Aldh1a2,Acvrl1,Lamc3,Wnt6,Foxl2"
GOBP_PURINE_CONTAINING_COMPOUND_BIOSYNTHETIC_PROCESS,0.95,0.984061405316299,0.0105706949179311,0.245854526407231,0.746762183088529,170,"Adcy4,Nppa,Nos3,Nppb,Nme9,Slc26a1,Elovl7,Adcy5,Gucy1a2,Dip2a"
GOBP_REGULATION_OF_CELLULAR_CARBOHYDRATE_METABOLIC_PROCESS,0.94994994994995,0.984061405316299,0.0106794512946723,0.245513119105024,0.740887411155638,143,"Slc45a3,Nnmt,Hrh1,Gpld1,C1qtnf3,Lepr,Lhcgr,Cbfa2t3,C1qtnf1,Enpp1"
GOBP_HEMATOPOIETIC_STEM_CELL_PROLIFERATION,0.951332560834299,0.985238727505979,0.0213630317196063,0.239910800745764,0.59454249475152,24,Cd34
GOBP_NEGATIVE_REGULATION_OF_FIBROBLAST_PROLIFERATION,0.952380952380952,0.985918255275751,0.137250779610133,-0.192864443101245,-0.683249616357846,30,"Dach1,Ifi30,Cd300a,Trp53,Sod2,Med25,Morc3,Bax,Cdc73"
GOBP_REGULATION_OF_INTESTINAL_ABSORPTION,0.952380952380952,0.985918255275751,0.09754492162472,-0.232006210636196,-0.652615479770338,13,"Lep,Apoa5,Epb41,Hamp"
GOBP_SYNAPTIC_VESICLE_CYTOSKELETAL_TRANSPORT,0.952662721893491,0.986006897870821,0.104343952581949,-0.207753939069235,-0.669057077666174,19,"Map2,Ap3s1,Bloc1s6,Ap3s2,Bloc1s2,Cnih2,Dtnbp1,Ap3d1,Ap3b1,Trim46"
GOBP_CORTICOSTEROID_RECEPTOR_SIGNALING_PATHWAY,0.954081632653061,0.986497205216929,0.0952879846194844,-0.231969807645483,-0.640799080775656,12,"Nedd4,Ptges3,Arid1a,Lmo3,Cry1,Ywhah,Calr,Clock,Cry2,Nr3c1"
GOBP_DISTAL_TUBULE_DEVELOPMENT,0.953865336658354,0.986497205216929,0.0253415500976615,0.263715626370537,0.564901873753081,11,"Klhl3,Jag1,Pax2"
GOBP_NEGATIVE_REGULATION_OF_SODIUM_ION_TRANSMEMBRANE_TRANSPORT,0.954081632653061,0.986497205216929,0.0952879846194844,-0.232039342399273,-0.640991165283388,12,"Pcsk9,Prkce,Camk2d,Nedd4,Commd1"
GOBP_REGULATION_OF_RAC_PROTEIN_SIGNAL_TRANSDUCTION,0.954117647058824,0.986497205216929,0.0220834140571177,0.251359590950406,0.602916366865756,21,"Cadm4,Dnm2,Rasgrf1"
GOBP_SECRETORY_GRANULE_LOCALIZATION,0.954081632653061,0.986497205216929,0.0952879846194844,-0.233119264784839,-0.64397436934345,12,"Ppfia2,Syt4,Map2"
GOBP_POST_GOLGI_VESICLE_MEDIATED_TRANSPORT,0.954453441295547,0.986641466048265,0.0113146012252547,0.235554863484037,0.697200894307684,106,"Sorcs1,Vamp5,Wipi1,Ap2a1,Exoc1l,Exoc6b,Dop1b,Stxbp6,Laptm5,Acsl3"
GOBP_SIGNAL_TRANSDUCTION_BY_P53_CLASS_MEDIATOR,0.954954954954955,0.986956940493125,0.0101263868834473,0.242938622082207,0.73739444198257,167,"Sp100,Snai2,Mndal,Twist1,Batf,Acer2,Hic1,Snai1,Trp63,Fhit"
GOBP_NEGATIVE_REGULATION_OF_ORGANELLE_ASSEMBLY,0.955913978494624,0.987745029782625,0.0161937051076875,0.238306953647892,0.642206783740447,42,"Fez1,Kat2b,Evi5l,Pink1,Dnm2,Lrrk2,Mtm1,Styxl1,Fez2,Ccp110"
GOBP_ORGANELLE_MEMBRANE_FUSION,0.95748987854251,0.98917008208656,0.0110006035430037,0.233894260922391,0.692285803301092,106,"Cltrn,Septin8,Pip4k2a,Rab7b,Syt11,Trarg1,Dysf,Cav2,Stxbp6,Stx1b"
GOBP_NEGATIVE_REGULATION_OF_FATTY_ACID_OXIDATION,0.957816377171216,0.989304073975694,0.0248493879589072,0.260915460073179,0.566581956938418,12,Plin5
GOBP_B_CELL_APOPTOTIC_PROCESS,0.958857142857143,0.98964838733032,0.0200480391102353,0.237556619383252,0.594490644989614,25,"Btk,Lyn,Il10,Bcl6,Irs2,Blk,Foxp1,Hsh2d"
GOBP_IRE1_MEDIATED_UNFOLDED_PROTEIN_RESPONSE,0.958579881656805,0.98964838733032,0.103958471559957,-0.206873228265948,-0.666220809920994,19,Agr2
GOBP_PHOSPHATE_ION_TRANSMEMBRANE_TRANSPORT,0.958937198067633,0.98964838733032,0.0232958000490367,0.249337988730846,0.571519376822964,16,"Adamts8,Ank,Slc20a2"
GOBP_PH_REDUCTION,0.95859872611465,0.98964838733032,0.0150298748621405,0.233476236377347,0.638609901954341,46,"Atp6v0a4,Car2,Avpr1b,Avpr1a,Atp4b,Aqp11,Slc11a1,Slamf8,Clic4,Atp6v1b1"
GOBP_CHAPERONE_MEDIATED_PROTEIN_FOLDING,0.959627329192547,0.989873237409505,0.0128901829648689,0.233036810012867,0.665440731866744,67,"Hspa1a,Hspa1b,Dnajb2,Hspa2"
GOBP_NEGATIVE_REGULATION_OF_TRANSCRIPTION_REGULATORY_REGION_DNA_BINDING,0.959571938168846,0.989873237409505,0.0223699288741888,0.244528199485872,0.579715172751302,20,"Msx2,Hey2,Zfp458,Hey1,Tmsb4x,Ddit3,Per2,Msx1,Sri,Psen1"
GOBP_POSITIVE_REGULATION_OF_ERAD_PATHWAY,0.960227272727273,0.989873237409505,0.101350743797099,-0.220781971134992,-0.630260892542625,14,"Rnft1,Rnf185,Rnft2,Nfe2l2,Ubqln1,Bag6,Atxn3"
GOBP_POSITIVE_REGULATION_OF_TOLL_LIKE_RECEPTOR_4_SIGNALING_PATHWAY,0.960099750623441,0.989873237409505,0.0249900772245545,0.259592113598775,0.556068949730823,11,"Lbp,Nr1h3,Ifi35,Ltf"
GOBP_REGULATION_OF_G0_TO_G1_TRANSITION,0.960336538461539,0.989873237409505,0.0229405670056901,0.244550945670379,0.555633291620877,15,"Ccn2,Duxbl1,Cdkn2b,H2-M3,H2-Q10"
GOBP_SIGNAL_PEPTIDE_PROCESSING,0.960099750623441,0.989873237409505,0.0249900772245545,0.258221835938453,0.55313369546269,11,"Sec11c,Pcsk5"
GOBP_REGULATION_OF_PROTEASOMAL_UBIQUITIN_DEPENDENT_PROTEIN_CATABOLIC_PROCESS,0.960882647943832,0.990233101929816,0.00966564348468499,0.236601026121812,0.711639073959753,134,"Hspa1a,Hspa1b,Rnf144b,Dnajb2,Dab2,Map1a,Fhit,Cbfa2t3,Shh,Smad7"
GOBP_FIBROBLAST_ACTIVATION,0.961538461538461,0.990299907017793,0.0246382257063476,0.257653473808654,0.559498503314233,12,"Il17ra,Rgcc,Akap12,Pdgfrb,Cygb,Rps6ka1,Il17a,Ulk3,Acta2"
GOBP_POSITIVE_REGULATION_OF_CELL_AGING,0.961259079903148,0.990299907017793,0.0232958000490367,0.251993745466052,0.565073726018374,14,"Kir3dl2,Abi3,H2-M3,H2-Q10,Ypel3,H2-Q7,Cgas,B2m"
GOBP_REGULATION_OF_MIRNA_METABOLIC_PROCESS,0.961346633416459,0.990299907017793,0.024919740580511,0.256791938874889,0.550070731232627,11,Zc3h12a
GOBP_ORGANIC_CYCLIC_COMPOUND_CATABOLIC_PROCESS,0.962037962037962,0.990611395978049,0.00906269502060309,0.267001660790088,0.832114535440874,486,"Slco2b1,Prr5l,Cnp,Zfp36,Pde2a,Cidea,Hspa1a,Sult1a1,Aldh1l1,Fah"
GOBP_HISTONE_H3_K9_ACETYLATION,0.96256038647343,0.990946357321715,0.0230827802358481,0.246805036093838,0.565713476486665,16,"Rapgef3,Kat2b,Gata3,Nap1l2,Hdac5"
GOBP_POSITIVE_REGULATION_OF_INTRACELLULAR_TRANSPORT,0.962962962962963,0.991157824491158,0.00918593980608508,0.243191897319142,0.740497301946546,195,"Prr5l,Ptgs2,Chp2,Jup,Micall2,Dab2,Tgfb1,Zc3h12a,Mlc1,Fez1"
GOBP_NEPHRON_TUBULE_EPITHELIAL_CELL_DIFFERENTIATION,0.963680387409201,0.991693205221301,0.0231538258045259,0.249195890432674,0.558799783124886,14,"Stat1,Gata3,Osr1,Pax2"
GOBP_REGULATION_OF_NUCLEOTIDE_METABOLIC_PROCESS,0.964212678936605,0.992037891325075,0.0113146012252547,0.230679853593502,0.67153381900786,81,"Nos3,Htr2a,Gpd1,Cda,Nos2,Cbfa2t3,Myc,Il4,Adora2b,Trem2"
GOBP_POSITIVE_REGULATION_OF_TORC1_SIGNALING,0.964497041420118,0.992127404792088,0.103576326612592,-0.185016610901973,-0.595833097386044,19,"Rragd,Seh1l,Telo2,Rragb,Pih1d1,Mios,Wac,Otud5,Clec16a,Lamtor5"
GOBP_EMBRYONIC_BRAIN_DEVELOPMENT,0.965269461077844,0.992718817683781,0.0224414263839237,0.24163659643012,0.565784496244144,18,Rnf112
GOBP_CIRCADIAN_REGULATION_OF_GENE_EXPRESSION,0.966942148760331,0.994125710690128,0.0120226641890431,0.223887895039742,0.638739458117743,66,"Id4,Zfhx3,Egr1,Relb,Npas2,Ahr,Id1,Hnf1b,Id3,Per1"
GOBP_REGULATION_OF_UBIQUITIN_DEPENDENT_PROTEIN_CATABOLIC_PROCESS,0.967032967032967,0.994125710690128,0.00842359386195179,0.232401159428844,0.70635542981181,164,"Hspa1a,Mndal,Hspa1b,Rnf144b,Dnajb2,Dab2,Map1a,Fhit,Cbfa2t3,Shh"
GOBP_ALPHA_AMINO_ACID_METABOLIC_PROCESS,0.967967967967968,0.994136200877774,0.00855469372683394,0.238192594387066,0.725485429378319,192,"Aspa,Nos3,Fah,Atcay,Dpep1,Sds,Got1l1,Rimklb,Slc39a8,Otc"
GOBP_POSITIVE_REGULATION_OF_INTRACELLULAR_PROTEIN_TRANSPORT,0.967935871743487,0.994136200877774,0.0086840800745758,0.236260352906865,0.714917529911987,154,"Prr5l,Ptgs2,Chp2,Jup,Micall2,Tgfb1,Zc3h12a,Gzmb,Shh,Ablim3"
GOBP_PROTEIN_STABILIZATION,0.968031968031968,0.994136200877774,0.00829069833204511,0.237819141007613,0.723980105319972,186,"Sox17,Irgm2,Hspa1a,Mndal,Hspa1b,Cryaa,Gpihbp1,Plpp3,Rtn4,Tmem88"
GOBP_UBIQUITIN_DEPENDENT_ERAD_PATHWAY,0.967280163599182,0.994136200877774,0.0110006035430037,0.229075487223624,0.666912346937355,84,"Clgn,Dnajb2,Ubxn10,Fbxo2,Derl3,Trim13,Cav1,Dnajb9,Nccrp1,Dnajc18"
GOBP_VESICLE_CYTOSKELETAL_TRAFFICKING,0.968008255933953,0.994136200877774,0.0118236229287788,0.223909423644981,0.641821058167205,69,"Myo1d,Prkcz,Kif1a,Myo7b,Myo6,Myo15a,Rasgrp1,Ap3m2,Bicdl2,Myo1e"
GOBP_MEMBRANE_PROTEIN_INTRACELLULAR_DOMAIN_PROTEOLYSIS,0.970479704797048,0.995226739293097,0.0236501012290726,0.244309702106861,0.538444261119852,13,"Tgfb1,Rhbdd1,Adam9,Sppl2c,Mmp7,Sppl2a,Psenen,Aph1a"
GOBP_NEGATIVE_REGULATION_OF_OXIDATIVE_STRESS_INDUCED_CELL_DEATH,0.970212765957447,0.995226739293097,0.0142522226913804,0.220893395613307,0.602631784268797,45,"Gpr37,Pde8a,Pink1,Fbxo7,Fyn,Il10,Lrrk2,Prkn,Gpr37l1,Hspb1"
GOBP_N_ACETYLNEURAMINATE_METABOLIC_PROCESS,0.97,0.995226739293097,0.0931454575337804,-0.226802366633391,-0.61703188794994,11,"Nanp,Renbp,Gnpda1,Amdhd2,Gne,Cmas,Gnpda2,Npl,St3gal1,Nagk"
GOBP_PENTOSE_METABOLIC_PROCESS,0.970479704797048,0.995226739293097,0.0236501012290726,0.243529426307714,0.53672457900114,13,"Otogl,Rbks,Fggy,Dcxr"
GOBP_POSITIVE_REGULATION_OF_PROTEIN_POLYUBIQUITINATION,0.970059880239521,0.995226739293097,0.103958471559957,-0.200239871561069,-0.604746287153605,17,"Skp2,Spsb4,Ube2v1,Ube2v2,Ube2n,Marchf7,Rnf40,Ddx3x"
GOBP_REGULATION_OF_GLYCOGEN_METABOLIC_PROCESS,0.97,0.995226739293097,0.0174698106128933,0.23233161997812,0.605765541218013,34,"Enpp1,Ppp1r3c,Igf1,Rubcnl,Ppp1r3a,Ppp1r3f,Pomc,Ppp1r3b,Ppp1r3e,Irs2"
GOBP_VESICLE_MEDIATED_TRANSPORT_TO_THE_PLASMA_MEMBRANE,0.96996996996997,0.995226739293097,0.00829069833204511,0.226618659161423,0.682121458648672,138,"Pla2g3,Micall2,Vamp5,Trarg1,Atp9a,Dennd1c,Slc1a1,Exoc1l,Ehd2,Exoc6b"
GOBP_RETROGRADE_VESICLE_MEDIATED_TRANSPORT_GOLGI_TO_ENDOPLASMIC_RETICULUM,0.971488912354805,0.996058487131879,0.0135373162884418,0.224635076379116,0.62019850855116,49,"Atp9a,Plpp3,Tapbp,Rab6b"
GOBP_HISTONE_H3_DEACETYLATION,0.973652694610778,0.997666550307457,0.0219398252709772,0.240085490547418,0.556638700137501,17,"Hdac11,Sirt2,Per1,Hdac5,Per2,Sirt7,Hdac9"
GOBP_NEGATIVE_REGULATION_OF_PROGRAMMED_NECROTIC_CELL_DEATH,0.973557692307692,0.997666550307457,0.0221551238181839,0.238685905822253,0.542307596284193,15,"Birc3,Cav1,Arhgef2"
GOBP_RESPONSE_TO_UV_C,0.973544973544973,0.997666550307457,0.096240602328129,-0.216820877503948,-0.609900315204703,13,"Brca2,Trp53,Map3k4,Polh,Wrn,Ercc5"
GOBP_ADP_METABOLIC_PROCESS,0.976530612244898,0.997767885925017,0.00978249842757038,0.220898124981542,0.645849652134374,89,"Htr2a,Gpd1,Cbfa2t3,Prkag3,Aldoc,Aldob,Myc,Ak9,Fbp1,Bpgm"
GOBP_CELLULAR_CARBOHYDRATE_METABOLIC_PROCESS,0.976023976023976,0.997767885925017,0.00715048391330487,0.246009773949381,0.760922020188298,271,"B3gnt3,Slc45a3,Nnmt,B3gnt6,Hrh1,B3gnt9,Gpld1,Mogat2,C1qtnf3,Inpp5j"
GOBP_ERAD_PATHWAY,0.974696356275304,0.997767885925017,0.00906269502060309,0.221648946544372,0.65678061444337,107,"Clgn,Dnajb2,Ubxn10,Fbxo2,Derl3,Trim13,Cav1,Dnajb9,Aqp11,Sel1l2"
GOBP_HEPARAN_SULFATE_PROTEOGLYCAN_BIOSYNTHETIC_PROCESS,0.977324263038549,0.997767885925017,0.0183208529217527,0.211894494107713,0.536043479620082,26,"Csgalnact1,Hs3st3b1,Pxylp1"
GOBP_NEGATIVE_REGULATION_OF_PROTEASOMAL_PROTEIN_CATABOLIC_PROCESS,0.974522292993631,0.997767885925017,0.0137183520206939,0.217908609733305,0.596897056672999,47,"Map1a,Fhit,Shh,Prkcg,Hfe,Aqp11,Mtm1,Ophn1,Ddrgk1,F8a"
GOBP_POSITIVE_REGULATION_OF_MUSCLE_TISSUE_DEVELOPMENT,0.97566628041715,0.997767885925017,0.0198261062533673,0.224581800134372,0.556554449873114,24,"Erbb3,Shh,Mrtfb,Mtm1,Lmod3,Flot1,Niban2,Myf5,Bcl2,Myf6"
GOBP_PROTEIN_K63_LINKED_DEUBIQUITINATION,0.975850713501647,0.997767885925017,0.0161937051076875,0.222766872047448,0.586920687726655,36,"Otud7b,Tnfaip3,Otud7a,Otud1,Usp50,Usp17le,Cyld"
GOBP_REGULATION_OF_GLUCAN_BIOSYNTHETIC_PROCESS,0.974128233970754,0.997767885925017,0.0180135486781383,0.220995618824682,0.566843077955436,28,"Enpp1,Ppp1r3c,Igf1,Ppp1r3a,Ppp1r3f,Ppp1r3b,Ppp1r3e,Irs2,Ppp1r3d"
GOBP_REGULATION_OF_GLUCONEOGENESIS,0.976694915254237,0.997767885925017,0.0133546284394486,0.217719002064969,0.598870243355696,48,"Nnmt,C1qtnf3,Lepr"
GOBP_REGULATION_OF_GTP_BINDING,0.976470588235294,0.997767885925017,0.102449405629826,-0.206710984488762,-0.596181438040091,15,"Eif2s1,Poldip2,Arhgef7,Met,Stmn1,Csnk1a1,Epha4,Arhgap28,Rap1gap,Cln5"
GOBP_REGULATION_OF_HISTONE_H4_ACETYLATION,0.976997578692494,0.997767885925017,0.0223699288741888,0.237071698309043,0.531612352716279,14,"Arrb1,Muc1"
GOBP_REGULATION_OF_INTRACELLULAR_PROTEIN_TRANSPORT,0.977,0.997767885925017,0.00715048391330487,0.236448800533614,0.724888874619161,222,"Apod,Sp100,Prr5l,Sh3tc2,Ptgs2,Chp2,Jup,Micall2,Ifi27,Tgfb1"
GOBP_REGULATION_OF_MICROTUBULE_BINDING,0.975961538461539,0.997767885925017,0.0905428948469474,-0.216355435369491,-0.572570596509365,10,"Map2,Hsf1,Gas8,Mapre1,Ppp2cb"
GOBP_REGULATION_OF_PROTEIN_K63_LINKED_UBIQUITINATION,0.977163461538461,0.997767885925017,0.0219398252709772,0.231880465441091,0.526845258857734,15,"Nod2,Sash1"
GOBP_REGULATION_OF_PROTEIN_TARGETING,0.976434426229508,0.997767885925017,0.0102389179310485,0.215744451741002,0.626923259025904,78,"Micall2,Ablim3,Slc1a1,Tcaf2,Prnp,Rhou,Pink1,Fyn,Ubl4b,Leprot"
GOBP_REGULATION_OF_SMOOTHENED_SIGNALING_PATHWAY,0.976530612244898,0.997767885925017,0.00978249842757038,0.218035957245557,0.635117917108291,82,"Dcdc2a,Hhip,Cd3e,Scube1,Shh,Enpp1,Foxa1,Kctd21,Prkacb,Fgfr2"
GOBP_RIBONUCLEOSIDE_TRIPHOSPHATE_METABOLIC_PROCESS,0.975077881619938,0.997767885925017,0.0117231586093378,0.218195402898671,0.620540839239169,65,"Nme9,Tgfb1,Myc,Ak9,Gimap7,Il4,Trem2,Uckl1,Pink1"
GOBP_TELENCEPHALON_DEVELOPMENT,0.977022977022977,0.997767885925017,0.00699634910626994,0.234524540001159,0.72211786039794,241,"Id4,Kcna1,Col3a1,Cxcl12,Foxb1,Dnah5,Cntn2,Inhba,Phactr1,Sema7a"
GOBP_CARBOHYDRATE_CATABOLIC_PROCESS,0.98,0.998087609311272,0.00667841440698826,0.219509591220758,0.662791113718796,145,"Htr2a,Neu4,Fut2,Amy1,Gpd1,Cbfa2t3,Prkag3,Aldoc,Aldob,Myc"
GOBP_CELLULAR_NITROGEN_COMPOUND_CATABOLIC_PROCESS,0.98001998001998,0.998087609311272,0.00651414071836222,0.253461275318616,0.790274596873376,442,"Slco2b1,Cyp2d22,Prr5l,Cnp,Zfp36,Pde2a,Cidea,Hspa1a,Aldh1l1,Foxl2"
GOBP_NEGATIVE_REGULATION_OF_HISTONE_MODIFICATION,0.978813559322034,0.998087609311272,0.0131702144400005,0.218836706396313,0.603299457823071,50,"Twist1,Ezhip,Kdm4d,Pax5,Phf1"
GOBP_NEGATIVE_REGULATION_OF_PROTEIN_SECRETION,0.978056426332288,0.998087609311272,0.0120226641890431,0.213432755268027,0.602145519305485,60,"Adra2a,Srcin1,Rsad2,Cd200,Il12b,Bmp8a,Vsnl1,Prkn,Ccn3,Cyp51"
GOBP_NEGATIVE_REGULATION_OF_RELEASE_OF_CYTOCHROME_C_FROM_MITOCHONDRIA,0.979785969084423,0.998087609311272,0.0211456362513594,0.228451665039922,0.541601732407115,20,"Bcl2l1,Igf1,Prkn,Clu"
GOBP_NUCLEAR_MEMBRANE_REASSEMBLY,0.979310344827586,0.998087609311272,0.112378519110475,-0.172447793419302,-0.58147878334283,22,"Rcc1,Reep4,Banf1,Ube2i,Ubxn2b,Spast,Ankle2,Ubxn2a,Nsfl1c,Chmp6"
GOBP_PYRUVATE_METABOLIC_PROCESS,0.978744939271255,0.998087609311272,0.00855469372683394,0.220169519453618,0.652194258020183,105,"Htr2a,Sds,Gpd1,Cbfa2t3,Prkag3,Aldoc,Aldob,Myc,Pcx,Fbp1"
GOBP_REGULATION_OF_INTESTINAL_LIPID_ABSORPTION,0.98,0.998087609311272,0.0925528864684773,-0.217853669359224,-0.592686323766753,11,"Lep,Apoa5"
GOBP_REGULATION_OF_PROTEASOMAL_PROTEIN_CATABOLIC_PROCESS,0.979020979020979,0.998087609311272,0.00667841440698826,0.22706883446943,0.690737318406653,184,"Ecscr,Hspa1a,Hspa1b,Rnf144b,Dnajb2,Dab2,Map1a,Fhit,Cbfa2t3,Shh"
GOBP_REGULATION_OF_PROTEIN_STABILITY,0.978021978021978,0.998087609311272,0.00683906706351732,0.24376675705282,0.754542422072945,294,"Sox17,Trf,Gsn,Fam107a,Irgm2,Hspa1a,Mndal,Sox7,Hspa1b,Cryaa"
GOBP_RESPONSE_TO_AMINO_ACID_STARVATION,0.978813559322034,0.998087609311272,0.0131702144400005,0.21425133749734,0.589331888394506,48,"Rnf152,Atf3,Fas,Dapl1,Cdkn1a,Map1lc3a"
GOBP_SYNAPTIC_VESICLE_TRANSPORT,0.979302832244009,0.998087609311272,0.0153676328786693,0.215742044764948,0.575842748612775,40,"Pink1,Snca,Dnm2,Lrrk2,Ap3m2,Prkn,Cdk5,Bloc1s4,Snapin,Slc2a4"
GOBP_CELLULAR_RESPONSE_TO_TOPOLOGICALLY_INCORRECT_PROTEIN,0.980846774193548,0.998727310891426,0.00773927265828568,0.217608983538911,0.64820372476219,113,"Hspa1a,Hspa1b,Hspa2,Atf3,Creb3l1,Creb3l3,Ppp1r15a,Pacrg,Pik3r1,Derl3"
GOBP_MACROAUTOPHAGY,0.982017982017982,0.998833126210225,0.00617356336775808,0.240157119503268,0.743396175918636,303,"Dcn,Irgm2,Calcoco2,Kdr,Pip4k2a,Nod1,Wipi1,Snx32,Npc1,Epm2a"
GOBP_POSITIVE_REGULATION_OF_CREB_TRANSCRIPTION_FACTOR_ACTIVITY,0.981992797118848,0.998833126210225,0.0215798086475871,0.22724609646215,0.534331655678957,19,"Cd200,Rps6ka5,Prkd2"
GOBP_POSITIVE_REGULATION_OF_SKELETAL_MUSCLE_TISSUE_DEVELOPMENT,0.981992797118848,0.998833126210225,0.0215798086475871,0.226573092427196,0.532749197868353,19,"Shh,Mtm1,Lmod3,Flot1,Niban2,Myf5,Bcl2,Myf6,Myog"
GOBP_PYRAMIDAL_NEURON_DEVELOPMENT,0.981296758104738,0.998833126210225,0.0237915888102658,0.239528987522791,0.513091983710073,11,"Fgfr2,Slc4a10"
GOBP_REGULATION_OF_ERAD_PATHWAY,0.981366459627329,0.998833126210225,0.105520936843198,-0.168073833643535,-0.552938734298029,20,"Usp14,Rnft1,Rnf185,Rnft2,Nfe2l2,Ubqln1,Usp19,Bag6,Atxn3"
GOBP_REGULATION_OF_PROTEIN_POLYUBIQUITINATION,0.982142857142857,0.998833126210225,0.130105630751129,-0.173781828409944,-0.62154795310988,29,"Skp2,Spsb4,Plaa,Ppia,Ubr5,Ube2v1,Ube2v2,Ube2n,Marchf7,Gps2"
GOBP_HYPOTONIC_RESPONSE,0.982543640897756,0.998836578926798,0.0237208606775806,0.236934015755982,0.507533327844351,11,"Mylk,Itga2,Slc12a6,Tspo"
GOBP_T_CELL_MEDIATED_IMMUNE_RESPONSE_TO_TUMOR_CELL,0.982367758186398,0.998836578926798,0.024285888595648,0.236985427219591,0.49665230940676,10,"Mr1,Ahr,H2-Q10,Slc22a13,H2-Q7"
GOBP_GLUCOSE_METABOLIC_PROCESS,0.982965931863727,0.999063837339054,0.00651414071836222,0.230287434704961,0.700785381900954,194,"Apod,Slc45a3,Nnmt,Kcnq1,Gpld1,Npy1r,C1qtnf3,Sds,Gpd1,Oas1a"
GOBP_CELLULAR_RESPONSE_TO_STEROL_DEPLETION,0.984299516908213,0.999282318420898,0.0217960026831818,0.227021750427824,0.52036727331521,16,"Npc1l1,Zbtb7b,Srebf1,Amfr,Srebf2,Insig1,Insig2,Erlin2,Lpcat3"
GOBP_ENDOSOME_ORGANIZATION,0.984693877551021,0.999282318420898,0.00881182919930239,0.208521699797815,0.607403793945404,82,"Scarb2,Pheta2,Snx33,Aqp11,Tmcc1,Prkn,Usp50,Rilp,Chmp2b,Chmp7"
GOBP_MAINTENANCE_OF_CELL_NUMBER,0.98496993987976,0.999282318420898,0.00617356336775808,0.217022141279543,0.653346665970434,140,"Tbx3,Lbh,Klf4,Nodal,Gata2,Tal1,Ldb2,Sall4,Trp63,Nog"
GOBP_NUCLEUS_LOCALIZATION,0.984866123399302,0.999282318420898,0.0195287736089407,0.22182955558715,0.545614268557556,23,"Clmn,Ntn1,Bin1,Slit1,Sun2,Fhod1,Cep120,Hook3,Pafah1b1,Tmem201"
GOBP_REGULATION_OF_HISTONE_MODIFICATION,0.984,0.999282318420898,0.00599657425469861,0.223014385984302,0.677738236007625,179,"Aplnr,Nnmt,Snai2,Twist1,Arid5a,Fam47e,Gata2,Ezhip,Kdm4d,Arrb1"
GOBP_REGULATION_OF_INTRACELLULAR_TRANSPORT,0.984015984015984,0.999282318420898,0.00581457622839549,0.239996425624492,0.744552708405893,328,"Apod,Pla2g3,Pln,Sp100,Prr5l,Sh3tc2,Ptgs2,Chp2,Mapk15,Jup"
GOBP_REGULATION_OF_MITOCHONDRIAL_FUSION,0.984693877551021,0.999282318420898,0.0934449219410994,-0.209836863890918,-0.579658494607389,12,"Zdhhc6,Mtch2,Huwe1,Mul1,Tfrc,Adck1,Oma1,Bnip3,Vat1,Pld6"
GOBP_SOMATIC_DIVERSIFICATION_OF_IMMUNOGLOBULINS_INVOLVED_IN_IMMUNE_RESPONSE,0.984210526315789,0.999282318420898,0.0121212734616549,0.205142413832531,0.568593602957083,52,"Cd40,Batf,Tgfb1,Il27ra"
GOBP_UDP_N_ACETYLGLUCOSAMINE_METABOLIC_PROCESS,0.984693877551021,0.999282318420898,0.0934449219410994,-0.204601899196494,-0.56519729985912,12,"B4galnt2,Gnpnat1,Dpagt1,Slc35a3,Pgm3,Uap1l1,Amdhd2,Gfpt1,Gne,Mgat1"
GOBP_AUTOPHAGY_OF_MITOCHONDRION,1,1,0.00683906706351732,0.157719404645051,0.459647152861154,83,"Ctsk,Spata18,Wipi1"
GOBP_CELLULAR_SENESCENCE,0.988729508196721,1,0.00881182919930239,0.204199619214782,0.593386563548761,80,"Tbx3,Twist1,Tbx2,Mapk10,Kir3dl2,Abi3,Ecrg4,Plk2,Nuak1,Cdkn1a"
GOBP_CELL_CELL_JUNCTION_MAINTENANCE,0.996407185628743,1,0.020562605901185,0.168605595945973,0.390912418527594,17,"Csf1r,Kifc3,Tjp1,Myadm"
GOBP_CIRCADIAN_RHYTHM,0.995,1,0.00354273909070668,0.207147196951305,0.632288508815011,202,"Id4,Adora2a,Egr3,Mapk10,Ghrh,Kcna2,Adora1,Nos2,Zfhx3,Phlpp1"
GOBP_CYTOSKELETON_DEPENDENT_INTRACELLULAR_TRANSPORT,1,1,0.0014426950408889,0.181419030993632,0.552439049510923,191,"Myo1d,Ttc21a,Map6d1,Prkcz,Map1a,Apba1,Dlg2,Fez1,Kif1a,Mapt"
GOBP_ENDOPLASMIC_RETICULUM_UNFOLDED_PROTEIN_RESPONSE,1,1,0.271288554688953,-0.176911817211259,-0.762788178416087,74,"Fgf21,Bhlha15,Agr2,Cth,Stc2,Bok"
GOBP_ESTABLISHMENT_OF_PROTEIN_LOCALIZATION_TO_MEMBRANE,1,1,0,0.17348888806718,0.534813602264654,246,"Mal,Rtp4,Rtp3,Nacad,Vamp5,Adora1,Trarg1,Colq,Ncf1,Npc1"
GOBP_FATTY_ACID_BETA_OXIDATION,1,1,0.266350657088526,-0.164515468365767,-0.726015505291234,76,"Slc27a2,Lep,Cnr1,Irs1,Cpt1b,Adipoq,Acaa2,Abcd2,Echdc2,Acadl"
GOBP_FATTY_ACID_CATABOLIC_PROCESS,0.992886178861789,1,0.00715048391330487,0.185926115841828,0.549013611746053,101,"Twist1,Faah,Ilvbl,Plin5,Abhd3,Hacl1,Hao1,Cpt1c,Bdh2,Ehhadh"
GOBP_GOLGI_TO_PLASMA_MEMBRANE_TRANSPORT,1,1,0.227987202850442,-0.165045551542164,-0.707787325717737,62,"Amn,Steap2,Rab26,Krt18"
GOBP_GOLGI_VESICLE_TRANSPORT,1,1,0,0.153297685640624,0.474199041216934,287,"Sorcs1,Mapk15,Vamp5,Rab7b,Atp9a,Plpp3,Wipi1,Ap2a1,Exoc1l,Arfgap3"
GOBP_HISTONE_DEACETYLATION,0.996957403651116,1,0.00617356336775808,0.182378874142632,0.538203097054739,96,"Aplnr,Hopx,Hdac11,Sirt2,Zfp541,Prkd2,Pink1,Chd3,Lrrk2,Jdp2"
GOBP_IMMUNOGLOBULIN_PRODUCTION_INVOLVED_IN_IMMUNOGLOBULIN_MEDIATED_IMMUNE_RESPONSE,0.997933884297521,1,0.0086840800745758,0.18285082733818,0.521663032964056,66,"Cd40,Batf,Tgfb1,Il27ra,Btk,Il4,Ccr6,Xcl1,Il10,Parp3"
GOBP_INTRA_GOLGI_VESICLE_MEDIATED_TRANSPORT,1,1,0.0153676328786693,0.145549084081901,0.37560035071858,31,"Rab6b,Trappc10,Rab33b,Copz2"
GOBP_MAINTENANCE_OF_PROTEIN_LOCALIZATION_IN_ORGANELLE,0.994594594594595,1,0.0135373162884418,0.18565750129731,0.499065184972351,41,"Sp100,Syne1"
GOBP_MONOSACCHARIDE_METABOLIC_PROCESS,0.993006993006993,1,0.00382852089890286,0.223523810254803,0.689212724822869,252,"Apod,Slc45a3,Nnmt,Kcnq1,Gpld1,Npy1r,C1qtnf3,Sds,Gsto2,Fut2"
GOBP_NEGATIVE_REGULATION_OF_CELLULAR_CATABOLIC_PROCESS,0.998001998001998,1,0.00204130030921835,0.202547783412666,0.624505492188319,251,"Zfp36,Timp4,Gpld1,Rasip1,Lepr,Map1a,Rbm46,Plin5,Apoc1,Npc1"
GOBP_NEGATIVE_REGULATION_OF_CELLULAR_PROTEIN_CATABOLIC_PROCESS,1,1,0.00759591053352814,0.157830604522857,0.455767724656873,74,"Map1a,Fhit,Shh,Mgat3,Prkcg,Hfe,Aqp11,Mtm1,Efna1,Ophn1"
GOBP_NEGATIVE_REGULATION_OF_CILIUM_ASSEMBLY,0.998802395209581,1,0.0204160330522345,0.163156508888407,0.378278699056485,17,"Evi5l,Dnm2,Ccp110"
GOBP_NEGATIVE_REGULATION_OF_ESTABLISHMENT_OF_PROTEIN_LOCALIZATION,0.988922457200403,1,0.00634596373149449,0.207945938977726,0.619939210210705,119,"Apod,Adra2a,Sp100,Srcin1,Rsad2,Cd200,Mapt,Il12b,Ppm1f,Derl3"
GOBP_NEGATIVE_REGULATION_OF_ORGANELLE_ORGANIZATION,0.991008991008991,1,0.00434551079568136,0.230751733438557,0.71572099298013,341,"Tubb4a,Gsn,Tmeff2,S1pr1,Cdh5,Hspa1a,Sox7,Eml2,Myoc,Iapp"
GOBP_NEGATIVE_REGULATION_OF_OXIDATIVE_STRESS_INDUCED_NEURON_DEATH,1,1,0.0199001825208318,0.161934367887443,0.383905865465081,20,"Pink1,Fbxo7,Il10,Prkn"
GOBP_NEGATIVE_REGULATION_OF_PROTEASOMAL_UBIQUITIN_DEPENDENT_PROTEIN_CATABOLIC_PROCESS,0.988986784140969,1,0.0154513814985972,0.215986463854382,0.567188203677327,35,"Map1a,Fhit,Shh"
GOBP_NUCLEOTIDE_SUGAR_METABOLIC_PROCESS,0.988888888888889,1,0.0161121851693944,0.212643770101946,0.552366399133139,33,"Csgalnact1,Uap1,Gfpt2,Fut8"
GOBP_ORGANELLE_FUSION,0.996993987975952,1,0.00354273909070668,0.196536656568822,0.591674971747778,140,"Cltrn,Cyp26c1,Septin8,Pip4k2a,Rab7b,Syt11,Trarg1,Dysf,Cav2,Stxbp6"
GOBP_ORGANELLE_TRANSPORT_ALONG_MICROTUBULE,1,1,0.00730167173587984,0.165720314780972,0.482714104752259,85,"Prkcz,Fez1,Kif1a,Mapt,Agbl4,Kif28,Rasgrp1,Ap3m2,Bicdl2,Lamp1"
GOBP_PHAGOLYSOSOME_ASSEMBLY,0.994011976047904,1,0.102449405629826,-0.188781828335419,-0.570141744887686,17,"Rab39,Myo7a,Rab34"
GOBP_POSITIVE_REGULATION_OF_AUTOPHAGY_OF_MITOCHONDRION,1,1,0.0946646223153342,-0.183724353418294,-0.516802359397135,13,"Vdac1,Slc25a5,Hif1a,Slc25a4"
GOBP_POSITIVE_REGULATION_OF_HISTONE_MODIFICATION,0.992886178861789,1,0.00715048391330487,0.19220068977757,0.567541544107959,101,"Aplnr,Snai2,Arid5a,Fam47e,Arrb1,Rps6ka5,Phf1,Prkd2,Muc1,Pink1"
GOBP_POSITIVE_REGULATION_OF_MEMBRANE_POTENTIAL,0.993961352657005,1,0.0212181723861707,0.191869054477326,0.4397921191418,16,"Myc,Tcl1,Pias3,Ucn3"
GOBP_POSITIVE_REGULATION_OF_NEURON_APOPTOTIC_PROCESS,0.992608236536431,1,0.011622042518008,0.195569618438433,0.53995122947198,49,"Ccl3,Bace1,Itga1,Prnp,Tnf,Itgam,Cdk5,Pitx3,Map3k11,Tyrobp"
GOBP_POSITIVE_REGULATION_OF_ORGANELLE_ASSEMBLY,1,1,0.143902565267782,-0.178344007066694,-0.798511465550947,81,"Elapor1,Plk4,Stil,Csf2,Crocc,Wrap73,Mns1,Spag5,Nup62,Sdc1"
GOBP_POSITIVE_REGULATION_OF_PROTEIN_EXPORT_FROM_NUCLEUS,0.994011976047904,1,0.102449405629826,-0.170470154548928,-0.514838489608823,17,"Xpo4,Anp32b,Tpr,Ctdspl2"
GOBP_POSITIVE_REGULATION_OF_RESPONSE_TO_ENDOPLASMIC_RETICULUM_STRESS,0.993392070484581,1,0.0151147394041638,0.207696581065988,0.545418674033957,35,"Rnf183,Serinc3,Pik3r1,Cav1,Fcgr2b"
GOBP_POSITIVE_REGULATION_OF_SODIUM_ION_TRANSMEMBRANE_TRANSPORT,0.989298454221165,1,0.020562605901185,0.211259098095298,0.500842458273102,20,"Fxyd1,Atp1b2,Dnm2,Wnk1,Nos1,Actn4,Slc9a1,Tesc,Ank3,Atp1b3"
GOBP_POSITIVE_REGULATION_OF_SODIUM_ION_TRANSPORT,0.996666666666667,1,0.0155348639580133,0.200813173310191,0.521635077231138,33,"Scn4b,Fxyd1,Scn1b,Atp1b2,Dnm2"
GOBP_POSITIVE_REGULATION_OF_TRANSCRIPTION_FROM_RNA_POLYMERASE_II_PROMOTER_INVOLVED_IN_CELLULAR_RESPONSE_TO_CHEMICAL_STIMULUS,0.997682502896871,1,0.0183973177537706,0.186516762724271,0.462222380477898,24,"Jun,Mt3,Creb3,Runx2,Bmp2,Notch1,Xbp1,Sesn2,Rela"
GOBP_PROGRAMMED_CELL_DEATH_IN_RESPONSE_TO_REACTIVE_OXYGEN_SPECIES,0.989417989417989,1,0.0952879846194844,-0.202462442804676,-0.569511151809804,13,"Trap1,Hdac6,Foxo3,Endog,Pawr,Park7,Stk25,Met"
GOBP_PROTEASOMAL_PROTEIN_CATABOLIC_PROCESS,1,1,0,0.160483232680149,0.500124754304631,485,"Ecscr,Clgn,Hspa1a,Hspa1b,Rnf144b,Dnajb2,Dab2,Ifi27,Map1a,Spsb1"
GOBP_PROTEASOME_MEDIATED_UBIQUITIN_DEPENDENT_PROTEIN_CATABOLIC_PROCESS,1,1,0,0.164499786537886,0.512525198661472,406,"Clgn,Hspa1a,Hspa1b,Rnf144b,Dnajb2,Dab2,Ifi27,Map1a,Spsb1,Ubxn10"
GOBP_PROTEIN_EXIT_FROM_ENDOPLASMIC_RETICULUM,0.998940677966102,1,0.0113146012252547,0.175046862702674,0.481493835040266,48,"Derl3,Tmem30b,Tmem30a,Cd81,Slc51b,Os9,Rhbdd1,Sel1l,Edem2,Svip"
GOBP_PROTEIN_K48_LINKED_UBIQUITINATION,0.989648033126294,1,0.00989821417740655,0.19869343072661,0.567372605008323,67,"Ifi27,Nhlrc4,Rnf152,Rffl,Tnfaip3"
GOBP_PROTEIN_LOCALIZATION_TO_NUCLEUS,0.986013986013986,1,0.0054335217582325,0.231775851096564,0.717090848410048,284,"Apod,Sp100,Col1a1,Agt,Mndal,Ptgs2,Sox7,Gbp2,Chp2,Tmem98"
GOBP_PROTOPORPHYRINOGEN_IX_METABOLIC_PROCESS,0.99501246882793,1,0.0230116943194552,0.199867012334939,0.428132573421335,11,"Cpox,Alas2,Alas1,Ppox,Uros,Fech"
GOBP_RECEPTOR_RECYCLING,0.998888888888889,1,0.0153676328786693,0.177597621503779,0.461330038672761,33,"Pheta2,Ldlr,Ehd3,Snca,Optn,Nsg1,Ramp3,Ece1,Vamp3,Trat1"
GOBP_REGULATION_OF_ATP_METABOLIC_PROCESS,0.993877551020408,1,0.00759591053352814,0.194798152739482,0.567428412209583,82,"Htr2a,Gpd1,Cbfa2t3,Myc,Il4,Trem2,Pink1,Fbp1,Snca,Slc4a4"
GOBP_REGULATION_OF_CELLULAR_PROTEIN_CATABOLIC_PROCESS,0.991008991008991,1,0.00434551079568136,0.225927010565751,0.696589498807503,251,"Ecscr,Hspa1a,Mndal,Hspa1b,Rnf144b,Dnajb2,Dab2,Map1a,Fhit,Cbfa2t3"
GOBP_REGULATION_OF_CELL_CYCLE_G1_S_PHASE_TRANSITION,0.990981963927856,1,0.0050253720939123,0.210768160101209,0.638648929067954,156,"Gjc2,Kcna5,Fam107a,Tbx2,Inhba,Klf4,Btn2a2,Nkx3-1,Ccl2,Prmt2"
GOBP_REGULATION_OF_CILIUM_ASSEMBLY,1,1,0.00699634910626994,0.130682082044501,0.381703795519227,88,"Dcdc2a,Mapk15"
GOBP_REGULATION_OF_ENDOPLASMIC_RETICULUM_UNFOLDED_PROTEIN_RESPONSE,0.996629213483146,1,0.016356070983033,0.181126625175478,0.46409795203291,29,"Ppp1r15a,Pik3r1,Ficd,Dnajb9"
GOBP_REGULATION_OF_FATTY_ACID_OXIDATION,0.990022172949002,1,0.0158662282151999,0.202349590460933,0.525621752387396,32,"Twist1,Plin5,Fabp1,Abcd1,Mfsd2a,Irs2,Pdk4"
GOBP_REGULATION_OF_GOLGI_TO_PLASMA_MEMBRANE_PROTEIN_TRANSPORT,0.996221662468514,1,0.0235084845013289,0.208865105386185,0.437720319606046,10,"Acsl3,Atp2c1,Cln3,Gopc"
GOBP_REGULATION_OF_HISTONE_H3_K9_TRIMETHYLATION,0.988833746898263,1,0.0230827802358481,0.237396912851655,0.515511067902625,12,Kdm4d
GOBP_REGULATION_OF_ISOTYPE_SWITCHING,0.986885245901639,1,0.0150298748621405,0.210539992187254,0.557823420073815,38,"Cd40,Tgfb1,Il27ra"
GOBP_REGULATION_OF_MYOTUBE_DIFFERENTIATION,0.993548387096774,1,0.0131702144400005,0.203275359228246,0.547801113921926,42,"Cyp26b1,Atp11a,Tmem119,Smyd1,Myocd,Dmpk,Ccn3,Sik1,Lmod3,Hdac5"
GOBP_REGULATION_OF_ORGANELLE_ASSEMBLY,0.992007992007992,1,0.00409492237559551,0.215440985240569,0.661268971712546,224,"Gsn,Lrrc4b,Dcdc2a,Hspa1a,Hspa1b,Mapk15,Ntrk3,Ptprd,Pip4k2a,Arhgef5"
GOBP_REGULATION_OF_PROTEIN_MODIFICATION_BY_SMALL_PROTEIN_CONJUGATION_OR_REMOVAL,0.994005994005994,1,0.00354273909070668,0.217257000861425,0.668949870311015,241,"Epas1,Fam107a,Isg15,Hspa1a,Sox7,Septin4,Hspa1b,Dnajb2,Capn3,Zc3h12a"
GOBP_REGULATION_OF_PROTON_TRANSPORT,0.991850989522701,1,0.0190794888813551,0.20031850567684,0.492705467781873,23,Twist1
GOBP_REGULATION_OF_RECEPTOR_RECYCLING,0.989498249708285,1,0.0193794652818346,0.209805129168324,0.511021291486204,22,"Ldlr,Snca,Optn,Nsg1,Ramp3,Ece1,Vamp3,Trat1,Anxa2,Tbc1d16"
GOBP_REGULATION_OF_TOR_SIGNALING,0.990853658536585,1,0.00745009291296374,0.203754042285641,0.601166772352687,99,"Spaar,Castor1,Rnf152,Gpr137b,Epm2a,Rffl,Gna12"
GOBP_REGULATION_OF_TRANSLATIONAL_INITIATION_IN_RESPONSE_TO_STRESS,0.994318181818182,1,0.0992333343771191,-0.196678211932934,-0.56145248074059,14,"Npm1,Eif2s1,Ppp1ca,Eif2ak4"
GOBP_RESPONSE_TO_SELENIUM_ION,1,1,0.0925528864684773,-0.160732143441815,-0.444010411587807,12,"Arg1,Sod2,Txnrd2"
GOBP_RESPONSE_TO_STARVATION,1,1,0.0014426950408889,0.18183236327474,0.553644109068922,188,"Hmgcs2,Wnt4,Zfp36,Rnf152,Atf3,Wipi1,Foxa3,Zc3h12a,Prkag3,Fas"
GOBP_RIBONUCLEOSIDE_DIPHOSPHATE_METABOLIC_PROCESS,0.992943548387097,1,0.00581457622839549,0.2010848355498,0.597772569189304,111,"Htr2a,Gpd1,Dlg2,Cbfa2t3,Prkag3,Aldoc,Aldob,Myc,Ak9,Fbp1"
GOBP_SELECTIVE_AUTOPHAGY,0.998972250770812,1,0.0078803141868031,0.176773883983399,0.512235529211813,76,"Calcoco2,Nod1,Nod2,Sting1,Pink1,Klhl3,Prkn,Optn,Pjvk,Lrsam1"
GOBP_SMOOTHENED_SIGNALING_PATHWAY_INVOLVED_IN_DORSAL_VENTRAL_NEURAL_TUBE_PATTERNING,0.994897959183674,1,0.0928481214159878,-0.193045562719198,-0.533273792800378,12,Gli3
GOBP_TOR_SIGNALING,0.990927419354839,1,0.00617356336775808,0.202146423408558,0.602928513021826,121,"Prr5l,Spaar,Castor1,Rnf152,Gpr137b,Epm2a,Rffl,Gna12,Pkhd1,Trem2"
GOBP_TOXIN_TRANSPORT,0.986942328618063,1,0.0146874349112173,0.213541056182145,0.568128269294427,39,"Slc22a3,Slc17a3,Mep1b,Abcg1,Slc22a2,Nrp1,Cd274"
GOBP_TRANSPORT_ALONG_MICROTUBULE,0.998998998998999,1,0.00250132493941571,0.175905042016097,0.532162386753453,153,"Ttc21a,Prkcz,Map1a,Apba1,Dlg2,Fez1,Kif1a,Mapt,Clip3,Agbl4"
GOBP_VESICLE_BUDDING_FROM_MEMBRANE,1,1,0.00930780437504605,0.17695508716239,0.500168097152192,61,"Mapk15,Arfgap3,Prkn,Rilp,Sec31b,Chmp7,Chmp4b,P2rx7,Vapb,Fnbp1l"
GOBP_VESICLE_LOCALIZATION,0.989,1,0.0050253720939123,0.219362487169922,0.667845444830657,187,"Mapk15,Myo1d,Prkcz,Syt11,Map4k2,Atp9a,Wipi1,Kif1a,Myo7b,Cdh3"
GOBP_VESICLE_ORGANIZATION,0.996003996003996,1,0.00288973010331959,0.208483987995439,0.645369441864782,298,"Cd34,Pla2g3,Srgn,Cltrn,Mapk15,F2rl3,Septin8,Pip4k2a,Unc13c,Rab7b"
